isin,name,nse_symbol,bse_symbol,cap_bucket,date_of_listing,excluded,exclusion_reason
INE144J01027,20 Microns Limited,20MICRONS,20MICRONS,small,2008-10-06,False,
INE253B01015,21st Century Management Services Limited,21STCENMGM,21STCENMGM,small,1995-05-03,False,
INE466L01038,360 ONE WAM LIMITED,360ONE,360ONE,mid,2019-09-19,False,
INE994E01018,3B Blackbio Dx Limited,3BBLACKBIO,3BBLACKBIO,small,2026-04-20,True,"listed 140 days ago, below the 365-day minimum"
INE748C01038,3i Infotech Limited,3IINFOLTD,3IINFOLTD,small,2021-10-22,False,
INE470A01017,3M India Limited,3MINDIA,3MINDIA,mid,2004-08-13,False,
INE105C01023,3P Land Holdings Limited,3PLAND,3PLAND,small,1995-07-19,False,
INE618L01018,5Paisa Capital Limited,5PAISA,5PAISA,small,2017-11-16,True,name matches Financial Services heuristic (unverified)
INE111B01023,63 moons technologies limited,63MOONS,63MOONS,small,2005-06-20,False,
INE619I01012,A2Z Infra Engineering Limited,A2ZINFRA,A2ZINFRA,small,2010-12-23,False,
INE0D0U01013,AAA Technologies Limited,AAATECH,AAATECH,small,2022-11-28,False,
INE883F01010,Aadhar Housing Finance Limited,AADHARHFC,AADHARHFC,small,2024-05-15,True,name matches Financial Services heuristic (unverified)
INE087Z01024,Aakash Exploration Services Limited,AAKASH,,small,2020-09-29,False,
INE198H01019,Aarey Drugs & Pharmaceuticals Limited,AAREYDRUGS,AAREYDRUGS,small,2021-08-06,False,
INE750R01016,Aarnav Fashions Limited,AARNAV,AARNAV,small,2026-02-25,True,"listed 194 days ago, below the 365-day minimum"
INE721Z01010,Aaron Industries Limited,AARON,,small,2020-11-06,False,
INE01C001026,Aartech Solonics Limited,AARTECH,AARTECH,small,2023-07-10,False,
INE767A01016,Aarti Drugs Limited,AARTIDRUGS,AARTIDRUGS,small,2003-09-19,False,
INE769A01020,Aarti Industries Limited,AARTIIND,AARTIIND,small,1995-02-08,False,
INE0LRU01027,Aarti Pharmalabs Limited,AARTIPHARM,AARTIPHARM,small,2023-01-30,False,
INE09EO01013,Aarti Surfactants Limited,AARTISURF,AARTISURF,small,2020-07-14,False,
INE754X01016,Aarvi Encon Limited,AARVI,AARVI,small,2020-06-24,False,
INE2FMX01012,Aastha Spintex Limited,AASTHA,AASTHA,,2026-07-06,True,"listed 63 days ago, below the 365-day minimum"
INE216P01012,Aavas Financiers Limited,AAVAS,AAVAS,small,2018-10-08,False,
INE421A01028,Aban Offshore Limited,ABAN,ABAN,small,1995-03-29,False,
INE365O01028,Abans Enterprises Limited,ABANSENT,ABANSENT,small,2026-04-20,True,"listed 140 days ago, below the 365-day minimum"
INE117A01022,ABB India Limited,ABB,ABB,large,1995-02-08,False,
INE358A01014,Abbott India Limited,ABBOTINDIA,ABBOTINDIA,mid,2010-01-08,False,
INE674K01013,Aditya Birla Capital Limited,ABCAPITAL,ABCAPITAL,mid,2017-09-01,True,name matches Financial Services heuristic (unverified)
INE08PH01015,A B Cotspin India Limited,ABCOTS,ABCOTS,small,2025-09-24,True,"listed 348 days ago, below the 365-day minimum"
INE552Z01027,Allied Blenders and Distillers Limited,ABDL,ABDL,small,2024-07-02,False,
INE647O01011,Aditya Birla Fashion and Retail Limited,ABFRL,ABFRL,small,2013-07-17,False,
INE00YB01025,A B Infrabuild Limited,ABINFRA,ABINFRA,small,2024-11-08,False,
INE14LE01019,Aditya Birla Lifestyle Brands Limited,ABLBL,ABLBL,small,2025-06-23,False,
INE251C01025,ABM International Limited,ABMINTLLTD,,small,2021-09-09,False,
INE850B01026,ABM Knowledgeware Limited,ABMKNO,ABMKNO,small,2026-04-20,True,"listed 140 days ago, below the 365-day minimum"
INE055A01016,Aditya Birla Real Estate Limited,ABREL,ABREL,small,2003-06-27,False,
INE404A01024,Aditya Birla Sun Life AMC Limited,ABSLAMC,ABSLAMC,small,2021-10-11,False,
INE012A01025,ACC Limited,ACC,ACC,small,1996-11-20,False,
INE793A01012,Accelya Solutions India Limited,ACCELYA,ACCELYA,small,1999-12-01,False,
INE648Z01023,Accuracy Shipping Limited,ACCURACY,ACCURACY,small,2020-12-11,False,
INE731H01025,Action Construction Equipment Limited,ACE,ACE,small,2006-09-26,False,
INE543V01017,Ace Integrated Solutions Limited,ACEINTEG,,small,2022-11-04,False,
INE451C01013,Automobile Corporation of Goa Limited,ACGL,ACGL,small,2026-08-17,True,"listed 21 days ago, below the 365-day minimum"
INE128X01021,Archean Chemical Industries Limited,ACI,ACI,small,2022-11-21,False,
INE666E01020,Andhra Cements Limited,ACL,ACL,small,2023-05-10,False,
INE622W01025,Acme Solar Holdings Limited,ACMESOLAR,ACMESOLAR,small,2024-11-13,False,
INE366C01021,ACS Technologies Limited,ACSTECH,ACSTECH,small,2026-04-20,True,"listed 140 days ago, below the 365-day minimum"
INE00FF01025,Acutaas Chemicals Limited,ACUTAAS,ACUTAAS,small,2021-09-14,False,
INE931S01010,Adani Energy Solutions Limited,ADANIENSOL,ADANIENSOL,large,2015-07-31,False,
INE423A01024,Adani Enterprises Limited,ADANIENT,ADANIENT,large,1997-06-04,False,
INE364U01010,Adani Green Energy Limited,ADANIGREEN,ADANIGREEN,large,2018-06-18,False,
INE742F01042,Adani Ports and Special Economic Zone Limited,ADANIPORTS,ADANIPORTS,large,2007-11-27,False,
INE814H01029,Adani Power Limited,ADANIPOWER,ADANIPOWER,large,2009-08-20,True,name matches Utilities heuristic (unverified)
INE757C01021,Addi Industries Limited,ADDIND,ADDIND,small,2026-08-17,True,"listed 21 days ago, below the 365-day minimum"
INE982B01027,ADF Foods Limited,ADFFOODS,ADFFOODS,small,2010-09-15,False,
INE0CHO01012,Archidply Decor Limited,ADL,ADL,small,2020-10-01,False,
INE045A01017,Ador Welding Limited,ADOR,ADOR,small,1995-05-10,False,
INE737B01033,Adroit Infotech Limited,ADROITINFO,ADROITINFO,small,1997-08-13,False,
INE102I01027,Allied Digital Services Limited,ADSL,ADSL,small,2007-07-25,False,
INE0ALI01010,Advait Energy Transitions Limited,ADVAIT,ADVAIT,small,2026-01-20,True,"listed 230 days ago, below the 365-day minimum"
INE1B0W01010,Advance Agrolife Limited,ADVANCE,ADVANCE,small,2025-10-08,True,"listed 334 days ago, below the 365-day minimum"
INE199C01026,Advani Hotels & Resorts (India) Limited,ADVANIHOTR,ADVANIHOTR,small,2007-06-25,False,
INE28GN01010,Advent Hotels International Limited,ADVENTHTL,ADVENTHTL,small,2025-11-13,True,"listed 298 days ago, below the 365-day minimum"
INE837H01020,Advanced Enzyme Technologies Limited,ADVENZYMES,ADVENZYMES,small,2016-08-01,False,
INE178T01024,Advik Capital Limited,ADVIKCA,ADVIKCA,small,2026-08-17,True,name matches Financial Services heuristic (unverified)
INE208C01025,Aegis Logistics Limited,AEGISLOG,AEGISLOG,small,1996-04-03,False,
INE0INX01018,Aegis Vopak Terminals Limited,AEGISVOPAK,AEGISVOPAK,small,2025-06-02,False,
INE757T01025,Artemis Electricals and Projects Limited,AEPL,AEPL,small,2026-03-12,True,name matches Utilities heuristic (unverified)
INE947N01017,Aequs Limited,AEQUS,AEQUS,small,2025-12-10,True,"listed 271 days ago, below the 365-day minimum"
INE065D01027,Aeroflex Enterprises Limited,AEROENTER,AEROENTER,small,2022-11-21,False,
INE024001021,Aeroflex Industries Limited,AEROFLEX,AEROFLEX,small,2023-08-31,False,
INE035801013,Aeroflex Neu Limited,AERONEU,AERONEU,small,2023-01-12,False,
INE05TO01019,Amir Chand Jagdish Kumar (Exports) Limited,AEROPLANE,AEROPLANE,,2026-04-02,True,"listed 158 days ago, below the 365-day minimum"
INE0BWX01014,Aether Industries Limited,AETHER,AETHER,small,2022-06-03,False,
INE101I01011,Afcons Infrastructure Limited,AFCONS,AFCONS,small,2024-11-04,False,
INE00WC01027,Affle 3i Limited,AFFLE,AFFLE,small,2019-08-08,False,
INE692Z01013,Affordable Robotic & Automation Limited,AFFORDABLE,AFFORDABLE,small,2024-10-23,False,
INE916Y01027,Akme Fintrade (India) Limited,AFIL,AFIL,small,2024-06-26,False,
INE00ZE01026,Abans Financial Services Limited,AFSL,AFSL,small,2022-12-23,True,name matches Financial Services heuristic (unverified)
INE204E01012,Agarwal Industrial Corporation Limited,AGARIND,AGARIND,small,2014-05-26,False,
INE943P01029,Dr. Agarwal's Health Care Limited,AGARWALEYE,AGARWALEYE,small,2025-02-04,False,
INE415A01038,AGI Greenpac Limited,AGI,AGI,small,2000-05-31,False,
INE976R01033,Agi Infra Limited,AGIIL,AGIIL,small,2024-07-15,False,
INE1YPB01014,Allcargo Global Limited,AGL,AGL,,2026-07-03,True,"listed 66 days ago, below the 365-day minimum"
INE449G01018,Agri-Tech (India) Limited,AGRITECH,AGRITECH,small,2014-01-28,False,
INE740V01019,Agro Phos India Limited,AGROPHOS,,small,2019-03-08,False,
INE583L01014,AGS Transact Technologies Limited,AGSTRA,AGSTRA,small,2022-01-31,False,
INE0Y8W01025,Anlon Healthcare Limited,AHCL,AHCL,,2025-09-03,False,
INE00PV01013,Ahlada Engineers Limited,AHLADA,,small,2021-01-28,False,
INE926K01017,Asian Hotels (East) Limited,AHLEAST,AHLEAST,small,2010-08-11,False,
INE758C01029,Ahluwalia Contracts (India) Limited,AHLUCONT,AHLUCONT,small,2009-12-14,False,
INE915K01010,Asian Hotels (West) Limited,AHLWEST,AHLWEST,small,2010-08-05,False,
INE212H01026,AIA Engineering Limited,AIAENG,AIAENG,small,2005-12-14,False,
INE206F01022,Authum Investment & Infrastructure Limited,AIIL,AIIL,mid,2024-04-23,False,
INE645W01026,Airan Limited,AIRAN,AIRAN,small,2019-05-03,False,
INE801L01010,Airo Lam limited,AIROLAM,,small,2021-10-13,False,
INE031B01049,Ajanta Pharma Limited,AJANTPHARM,AJANTPHARM,small,2000-05-29,False,
INE274Y01021,Ajax Engineering Limited,AJAXENGG,AJAXENGG,small,2025-02-17,False,
INE298G01035,Ajmera Realty & Infra India Limited,AJMERA,AJMERA,,2009-06-16,False,
INE820Y01021,Ajooni Biotech Limited,AJOONI,,small,2021-05-07,False,
INE737W01013,Akash Infra-Projects Limited,AKASH,,small,2019-10-11,False,
INE701G01012,AK Capital Services Limited,AKCAPIT,AKCAPIT,small,2026-04-20,True,name matches Financial Services heuristic (unverified)
INE00Y801016,Akg Exim Limited,AKG,,small,2021-02-16,False,
INE642Z01026,AKI India Limited,AKI,AKI,small,2023-04-06,False,
INE256Z01025,Akshar Spintex Limited,AKSHAR,AKSHAR,small,2022-05-23,False,
INE542B01011,AksharChem India Limited,AKSHARCHEM,AKSHARCHEM,small,2017-03-28,False,
INE523B01011,Aksh Optifibre Limited,AKSHOPTFBR,AKSHOPTFBR,small,2000-08-18,False,
INE09XN01023,Akums Drugs and Pharmaceuticals Limited,AKUMS,AKUMS,small,2024-08-06,False,
INE914E01040,Alankit Limited,ALANKIT,ALANKIT,small,2015-06-30,False,
INE155C01010,Albert David Limited,ALBERTDAVD,ALBERTDAVD,small,2016-06-14,False,
INE426A01027,Alembic Limited,ALEMBICLTD,ALEMBICLTD,small,1999-09-22,False,
INE782D01027,Alfred Herbert India Limited,ALFREDHE,ALFREDHE,small,2026-08-17,True,"listed 21 days ago, below the 365-day minimum"
INE598D01035,Algoquant Fintech Limited,ALGOQUANT,ALGOQUANT,small,2026-01-06,True,"listed 244 days ago, below the 365-day minimum"
INE062D01024,Alicon Castalloy Limited,ALICON,ALICON,small,2006-09-29,False,
INE03Q201024,Alivus Life Sciences Limited,ALIVUS,ALIVUS,small,2021-08-06,False,
INE773I01017,Alkali Metals Limited,ALKALI,ALKALI,small,2008-11-06,False,
INE540L01014,Alkem Laboratories Limited,ALKEM,ALKEM,mid,2015-12-23,False,
INE150B01039,Alkyl Amines Chemicals Limited,ALKYLAMINE,ALKYLAMINE,small,2007-11-26,False,
INE418H01029,Allcargo Logistics Limited,ALLCARGO,ALLCARGO,small,2006-06-23,False,
INE835G01018,Alldigi Tech Limited,ALLDIGI,ALLDIGI,small,2005-05-09,False,
INE0GV601021,All Time Plastics Limited,ALLTIME,ALLTIME,small,2025-08-14,False,
INE326B01035,Almondz Global Securities Limited,ALMONDZ,ALMONDZ,small,2008-06-16,False,
INE270A01029,Alok Industries Limited,ALOKINDS,ALOKINDS,small,2020-02-19,False,
INE385I01010,Alpa Laboratories Limited,ALPA,ALPA,small,2007-08-06,False,
INE137C01018,Alphageo (India) Limited,ALPHAGEO,ALPHAGEO,small,2007-05-11,False,
INE1JCQ01037,Alpine Texworld Limited,ALPINETEX,ALPINETEX,,2026-07-21,True,"listed 48 days ago, below the 365-day minimum"
INE058F01019,Alufluoride Limited,ALUFLUOR,ALUFLUOR,small,2026-08-17,True,"listed 21 days ago, below the 365-day minimum"
INE121R01077,Amagi Media Labs Limited,AMAGI,AMAGI,,2026-01-21,True,"listed 229 days ago, below the 365-day minimum"
INE841D01013,Amal Limited,AMAL,AMAL,small,2026-08-17,True,"listed 21 days ago, below the 365-day minimum"
INE084K01015,Amanta Healthcare Limited,AMANTA,AMANTA,small,2025-09-09,True,"listed 363 days ago, below the 365-day minimum"
INE484D01012,Amarjothi Spinning Mills Limited,AMARJOTHI,AMARJOTHI,small,2026-08-17,True,"listed 21 days ago, below the 365-day minimum"
INE432A01017,Ambalal Sarabhai Enterprises Limited,AMBALALSA,AMBALALSA,small,2026-04-20,True,"listed 140 days ago, below the 365-day minimum"
INE371P01015,Amber Enterprises India Limited,AMBER,AMBER,small,2018-01-30,False,
INE792B01012,Ambica Agarbathies & Aroma industries Limited,AMBICAAGAR,AMBICAAGAR,small,2004-06-29,False,
INE540G01014,Ambika Cotton Mills Limited,AMBIKCO,AMBIKCO,small,2008-01-29,False,
INE079A01024,Ambuja Cements Limited,AMBUJACEM,AMBUJACEM,large,1998-02-18,False,
INE005I01014,AMD Industries Limited,AMDIND,AMDIND,small,2007-03-19,False,
INE606A01024,Amj Land Holdings Limited,AMJLAND,AMJLAND,small,1995-02-08,False,
INE275D01022,Amines & Plasticizers Limited,AMNPLST,AMNPLST,small,2023-11-10,False,
INE098F01031,Amrutanjan Health Care Limited,AMRUTANJAN,AMRUTANJAN,small,2015-01-02,False,
INE463V01026,Anand Rathi Wealth Limited,ANANDRATHI,ANANDRATHI,small,2021-12-14,False,
INE242C01024,Anant Raj Limited,ANANTRAJ,ANANTRAJ,small,2006-09-27,False,
INE435A01051,ANDHRA PAPER LIMITED,ANDHRAPAP,ANDHRAPAP,small,2004-05-13,False,
INE715B01021,The Andhra Sugars Limited,ANDHRSUGAR,ANDHRSUGAR,small,1995-11-01,False,
INE449C01025,Andrew Yule & Company Limited,ANDREWYU,ANDREWYU,small,2026-08-17,True,"listed 21 days ago, below the 365-day minimum"
INE732I01021,Angel One Limited,ANGELONE,ANGELONE,,2020-10-05,False,
INE087B01017,Anik Industries Limited,ANIKINDS,ANIKINDS,small,2008-05-21,False,
INE106I01010,Ankit Metal & Power Limited,ANKITMETAL,ANKITMETAL,small,2013-03-14,True,name matches Utilities heuristic (unverified)
INE02AR01019,Anmol India Limited,ANMOL,ANMOL,small,2021-06-04,False,
INE0MGM01017,Annapurna Swadisht Limited,ANNAPURNA,,,2026-08-12,True,"listed 26 days ago, below the 365-day minimum"
INE103001017,Annu Projects Limited,ANNU,ANNU,,2026-09-02,True,"listed 5 days ago, below the 365-day minimum"
INE436A01026,Ansal Properties & Infrastructure Limited,ANSALAPI,ANSALAPI,small,2006-01-27,False,
INE030C01015,Ansal Buildwell Limited,ANSALBU,ANSALBU,small,2026-08-17,True,"listed 21 days ago, below the 365-day minimum"
INE818A01017,Antelopus Selan Energy Limited,ANTELOPUS,ANTELOPUS,small,2006-09-26,False,
INE414B01021,Antarctica Limited,ANTGRAPHIC,,small,1997-12-31,False,
INE0CZ201020,Anthem Biosciences Limited,ANTHEM,ANTHEM,mid,2025-07-21,False,
INE489G01022,Anuh Pharma Limited,ANUHPHR,ANUHPHR,small,2024-12-20,False,
INE294Z01018,The Anup Engineering Limited,ANUP,ANUP,small,2019-03-01,False,
INE930P01018,Anupam Rasayan India Limited,ANURAS,ANURAS,small,2021-03-24,False,
INE372A01015,Apar Industries Limited,APARINDS,APARINDS,mid,2004-07-12,False,
INE071F01012,Anjani Portland Cement Limited,APCL,APCL,small,2017-04-10,False,
INE116A01032,Apcotex Industries Limited,APCOTEXIND,APCOTEXIND,small,1995-09-06,False,
INE346W01013,Apex Frozen Foods Limited,APEX,APEX,small,2017-09-04,False,
INE702C01027,APL Apollo Tubes Limited,APLAPOLLO,APLAPOLLO,mid,2011-12-14,False,
INE901L01018,Alembic Pharmaceuticals Limited,APLLTD,APLLTD,small,2011-09-20,False,
INE713T01028,Apollo Micro Systems Limited,APOLLO,APOLLO,small,2018-01-22,False,
INE437A01024,Apollo Hospitals Enterprise Limited,APOLLOHOSP,APOLLOHOSP,large,1996-01-10,False,
INE126J01016,Apollo Pipes Limited,APOLLOPIPE,APOLLOPIPE,small,2019-11-11,False,
INE438A01022,Apollo Tyres Limited,APOLLOTYRE,APOLLOTYRE,small,1995-05-31,False,
INE451F01024,Apollo Sindoori Hotels Limited,APOLSINHOT,,small,2015-01-28,False,
INE217S01014,Apoorva Leasing Finance and Investment Company Limited,APOORVA,APOORVA,small,2026-08-17,True,name matches Financial Services heuristic (unverified)
INE266F01018,Aptech Limited,APTECHT,APTECHT,small,2002-09-27,False,
INE852O01025,Aptus Value Housing Finance India Limited,APTUS,APTUS,small,2021-08-24,True,name matches Financial Services heuristic (unverified)
INE416A01051,Aqylon Nexus Limited,AQYLON,AQYLON,,2024-04-01,False,
INE877I01016,Archidply Industries Limited,ARCHIDPLY,ARCHIDPLY,small,2008-07-04,False,
INE731A01020,Archies Limited,ARCHIES,ARCHIES,small,1998-09-02,False,
INE372M01010,ARCL Organics Limited,ARCL,ARCL,small,2026-08-17,True,"listed 21 days ago, below the 365-day minimum"
INE0XNF01022,Ardee Industries Limited,ARDEE,ARDEE,,2026-08-12,True,"listed 26 days ago, below the 365-day minimum"
INE885A01032,Amara Raja Energy & Mobility Limited,ARE&M,ARE&M,small,2003-09-05,False,
INE610C01014,Rajdarshan Industries Limited,ARENTERP,ARENTERP,small,1995-10-18,False,
INE784R01023,Arfin India Limited,ARFIN,ARFIN,small,2025-07-22,False,
INE298I01015,Aries Agro Limited,ARIES,ARIES,small,2008-01-11,False,
INE413D01011,Arihant Foundations & Housing Limited,ARIHANT,ARIHANT,small,2026-04-20,True,"listed 140 days ago, below the 365-day minimum"
INE420B01036,Arihant Capital Markets Limited,ARIHANTCAP,ARIHANTCAP,small,2021-06-15,True,name matches Financial Services heuristic (unverified)
INE643K01018,Arihant Superstructures Limited,ARIHANTSUP,ARIHANTSUP,small,2017-03-28,False,
INE0H9P01028,Arisinfra Solutions Limited,ARIS,ARIS,small,2025-06-25,False,
INE0QRL01017,Arkade Developers Limited,ARKADE,ARKADE,small,2024-09-24,False,
INE109C01017,Arman Financial Services Limited,ARMANFIN,ARMANFIN,small,2016-06-14,True,name matches Financial Services heuristic (unverified)
INE210C01013,Aro Granite Industries Limited,AROGRANITE,AROGRANITE,small,2007-04-24,False,
INE570D01018,Arrow Greentech Limited,ARROWGREEN,ARROWGREEN,small,2015-05-21,False,
INE968D01022,Arshiya Limited,ARSHIYA,ARSHIYA,small,2009-12-14,False,
INE549H01021,Anand Rathi Share and Stock Brokers Limited,ARSSBL,ARSSBL,small,2025-09-30,True,"listed 342 days ago, below the 365-day minimum"
INE025R01021,Artemis Medicare Services Limited,ARTEMISMED,ARTEMISMED,small,2020-01-23,False,
INE738V01013,Art Nirman Limited,ARTNIRMAN,,small,2021-10-18,False,
INE006Z01016,Arvee Laboratories (India) Limited,ARVEE,,small,2021-03-22,False,
INE034A01011,Arvind Limited,ARVIND,ARVIND,small,1995-02-08,False,
INE955V01021,Arvind Fashions Limited,ARVINDFASN,ARVINDFASN,small,2019-03-08,False,
INE034S01021,Arvind SmartSpaces Limited,ARVSMART,ARVSMART,small,2015-08-26,False,
INE032E01017,Aryaman Financial Services Limited,ARYAMAN,ARYAMAN,small,2026-08-17,True,name matches Financial Services heuristic (unverified)
INE439A01020,Asahi India Glass Limited,ASAHIINDIA,ASAHIINDIA,small,1998-03-18,False,
INE228I01012,Asahi Songwon Colors Limited,ASAHISONG,ASAHISONG,small,2011-08-29,False,
INE900C01027,Automotive Stampings and Assemblies Limited,ASAL,ASAL,small,2002-03-12,False,
INE073G01016,Associated Alcohols & Breweries Ltd.,ASALCBR,ASALCBR,small,2020-02-12,False,
INE348A01023,Ashapura Minechem Limited,ASHAPURMIN,ASHAPURMIN,small,1995-09-20,False,
INE365D01021,Ashiana Housing Limited,ASHIANA,ASHIANA,small,2011-06-29,False,
INE094B01013,Ashika Global Securities Limited,ASHIKAG,ASHIKAG,small,2026-04-20,True,"listed 140 days ago, below the 365-day minimum"
INE440A01010,Ashima Limited,ASHIMASYN,ASHIMASYN,small,1995-07-27,False,
INE442H01029,Ashoka Buildcon Limited,ASHOKA,ASHOKA,small,2010-10-14,False,
INE760Y01011,Ashoka Metcast Limited,ASHOKAMET,ASHOKAMET,small,2023-06-27,False,
INE208A01029,Ashok Leyland Limited,ASHOKLEY,ASHOKLEY,mid,1995-05-25,False,
INE276G01015,Asian Energy Services Limited,ASIANENE,ASIANENE,small,2021-12-09,False,
INE363A01022,Asian Hotels (North) Limited,ASIANHOTNR,ASIANHOTNR,small,2010-04-07,False,
INE021A01026,Asian Paints Limited,ASIANPAINT,ASIANPAINT,large,1995-05-31,False,
INE022I01019,Asian Granito India Limited,ASIANTILES,ASIANTILES,small,2007-08-23,False,
INE822B01017,Asian Tea & Exports Limited,ASIANTNE,ASIANTNE,small,2026-08-17,True,"listed 21 days ago, below the 365-day minimum"
INE491J01022,ASK Automotive Limited,ASKAUTOLTD,ASKAUTOLTD,small,2023-11-15,False,
INE855F01042,Avio Smart Market Stack Limited,ASMS,ASMS,small,2023-02-09,False,
INE991I01015,Aspinwall and Company Limited,ASPINWALL,,small,2016-06-14,False,
INE165G01010,Assam Entrade Limited,ASSAMENT,ASSAMENT,small,2026-08-17,True,"listed 21 days ago, below the 365-day minimum"
INE194D01017,Asian Star Company Limited,ASTAR,ASTAR,small,2026-04-20,True,"listed 140 days ago, below the 365-day minimum"
INE563J01010,Astec LifeSciences Limited,ASTEC,ASTEC,small,2009-11-25,False,
INE914M01019,Aster DM Quality Care Limited,ASTERDM,ASTERDM,small,2018-02-26,False,
INE006I01046,Astral Limited,ASTRAL,ASTRAL,mid,2007-03-20,False,
INE386C01029,Astra Microwave Products Limited,ASTRAMICRO,ASTRAMICRO,small,2004-11-01,False,
INE203A01020,AstraZeneca Pharma India Limited,ASTRAZEN,ASTRAZEN,small,2001-05-04,False,
INE646X01014,Astron Paper & Board Mill Limited,ASTRON,ASTRON,small,2017-12-29,False,
INE0ALR01029,Atal Realtech Limited,ATALREAL,ATALREAL,small,2023-05-12,False,
INE09KD01013,Atam Valves Limited,ATAM,ATAM,small,2023-05-10,False,
INE399L01023,Adani Total Gas Limited,ATGL,ATGL,mid,2018-11-05,True,name matches Utilities heuristic (unverified)
INE0LEZ01016,Ather Energy Limited,ATHERENERG,ATHERENERG,small,2025-05-06,False,
INE0NN701020,Allcargo Terminals Limited,ATL,ATL,small,2023-08-10,False,
INE285H01022,ATLANTAA LIMITED,ATLANTAA,ATLANTAA,small,2006-09-25,False,
INE0Z4F01028,Atlanta Electricals Limited,ATLANTAELE,ATLANTAELE,small,2025-09-29,True,name matches Utilities heuristic (unverified)
INE446A01025,Atlas Cycles (Haryana) Limited,ATLASCYCLE,ATLASCYCLE,small,1996-10-23,False,
INE100A01010,Atul Limited,ATUL,ATUL,small,1998-05-06,False,
INE951D01028,Atul Auto Limited,ATULAUTO,ATULAUTO,small,2013-06-26,False,
INE949L01017,AU Small Finance Bank Limited,AUBANK,AUBANK,mid,2017-07-10,True,name matches Financial Services heuristic (unverified)
INE16W401027,Augmont Enterprises Limited,AUGMONT,AUGMONT,,2026-08-31,True,"listed 7 days ago, below the 365-day minimum"
INE132H01018,Aurionpro Solutions Limited,AURIONPRO,AURIONPRO,small,2005-10-25,False,
INE406A01037,Aurobindo Pharma Limited,AUROPHARMA,AUROPHARMA,mid,2000-07-19,False,
INE898S01029,Aurum PropTech Limited,AURUM,AURUM,small,2015-08-19,False,
INE142K01011,AURUS GEM CORPORATION LIMITED,AURUS,AURUS,small,2013-11-05,False,
INE218C01016,Ausom Enterprise Limited,AUSOMENT,AUSOMENT,small,1996-04-17,False,
INE759F01012,Austin Engineering Company  Limited,AUSTENG,AUSTENG,small,2026-08-17,True,"listed 21 days ago, below the 365-day minimum"
INE449A01011,Automotive Axles Limited,AUTOAXLES,AUTOAXLES,small,2003-05-29,False,
INE718H01014,Autoline Industries Limited,AUTOIND,AUTOIND,small,2007-01-31,False,
INE349W01017,Avadh Sugar & Energy Limited,AVADHSUGAR,AVADHSUGAR,small,2017-07-28,False,
INE0LCL01028,Avalon Technologies Limited,AVALON,AVALON,small,2023-04-18,False,
INE758A01072,Avance Technologies Limited,AVANCE,AVANCE,small,2026-08-17,True,"listed 21 days ago, below the 365-day minimum"
INE005B01027,Avantel Limited,AVANTEL,AVANTEL,small,2024-07-31,False,
INE871C01038,Avanti Feeds Limited,AVANTIFEED,AVANTIFEED,small,2015-04-15,False,
INE680Z01018,AVG Logistics Limited,AVG,AVG,small,2023-05-12,False,
INE679V01027,Aditya Vision Limited,AVL,AVL,small,2024-11-06,False,
INE323B01024,Avonmore Capital & Management Services Limited,AVONMORE,AVONMORE,small,2023-01-04,True,name matches Financial Services heuristic (unverified)
INE652Z01025,AVRO INDIA LIMITED,AVROIND,AVROIND,,2022-04-07,False,
INE488D01021,AVT Natural Products Limited,AVTNPL,AVTNPL,small,2007-01-10,False,
INE108V01019,Awfis Space Solutions Limited,AWFIS,AWFIS,small,2024-05-30,False,
INE01BK01022,Antony Waste Handling Cell Limited,AWHCL,AWHCL,small,2021-01-01,False,
INE699H01024,AWL Agri Business Limited,AWL,AWL,small,2022-02-08,False,
INE238A01034,Axis Bank Limited,AXISBANK,AXISBANK,large,1998-11-16,True,name matches Financial Services heuristic (unverified)
INE555B01013,AXISCADES Technologies Limited,AXISCADES,AXISCADES,small,2000-12-21,False,
INE02EZ01022,Axita Cotton Limited,AXITA,AXITA,small,2022-06-21,False,
INE767C01012,Axtel Industries Limited,AXTEL,AXTEL,small,2026-08-17,True,"listed 21 days ago, below the 365-day minimum"
INE501X01029,Aye Finance Limited,AYE,AYE,,2026-02-16,True,name matches Financial Services heuristic (unverified)
INE193B01039,AYM Syntex Limited,AYMSYNTEX,AYMSYNTEX,small,2015-08-14,False,
INE02IJ01035,Azad Engineering Limited,AZAD,AZAD,small,2023-12-28,False,
INE566M01017,Azad India Mobility Limited,AZADIND,AZADIND,small,2026-08-17,True,"listed 21 days ago, below the 365-day minimum"
INE878I01022,Bafna Pharmaceuticals Limited,BAFNAPH,BAFNAPH,small,2020-02-27,False,
INE116D01028,B.A.G Films and Media Limited,BAGFILMS,BAGFILMS,small,2003-10-17,False,
INE020D01022,Baid Finserv Limited,BAIDFIN,BAIDFIN,small,2023-01-20,False,
INE917I01010,Bajaj Auto Limited,BAJAJ-AUTO,BAJAJ-AUTO,large,2008-05-26,False,
INE933K01021,Bajaj Consumer Care Limited,BAJAJCON,BAJAJCON,small,2010-08-18,False,
INE193E01025,Bajaj Electricals Limited,BAJAJELEC,BAJAJELEC,small,2007-11-02,True,name matches Utilities heuristic (unverified)
INE918I01026,Bajaj Finserv Limited,BAJAJFINSV,BAJAJFINSV,large,2008-05-26,False,
INE411U01027,Bajaj Healthcare Limited,BAJAJHCARE,BAJAJHCARE,small,2021-11-25,False,
INE377Y01014,Bajaj Housing Finance Limited,BAJAJHFL,BAJAJHFL,mid,2024-09-16,True,name matches Financial Services heuristic (unverified)
INE306A01021,Bajaj Hindusthan Sugar Limited,BAJAJHIND,BAJAJHIND,small,1995-05-10,False,
INE118A01012,Bajaj Holdings & Investment Limited,BAJAJHLDNG,BAJAJHLDNG,large,1995-03-15,False,
INE0O9T01021,Indef Manufacturing Limited,BAJAJINDEF,BAJAJINDEF,small,2025-02-21,False,
INE704G01024,Bajaj Steel Industries Limited,BAJAJST,BAJAJST,small,2026-04-20,True,"listed 140 days ago, below the 365-day minimum"
INE0KQN01018,Bajel Projects Limited,BAJEL,BAJEL,small,2023-12-19,False,
INE296A01032,Bajaj Finance Limited,BAJFINANCE,BAJFINANCE,large,2003-04-01,True,name matches Financial Services heuristic (unverified)
INE0S2G01011,Shree Tirupati Balajee Agro Trading Company Limited,BALAJEE,BALAJEE,small,2024-09-12,False,
INE794B01026,Balaji Telefilms Limited,BALAJITELE,BALAJITELE,small,2000-11-22,False,
INE050E01027,Balaji Amines Limited,BALAMINES,BALAMINES,small,2007-04-05,False,
INE618N01022,BALAXI PHARMACEUTICALS LIMITED,BALAXI,,small,2015-11-30,False,
INE875R01011,Balkrishna Paper Mills Limited,BALKRISHNA,BALKRISHNA,small,2015-07-28,False,
INE787D01026,Balkrishna Industries Limited,BALKRISIND,BALKRISIND,mid,2006-01-27,False,
INE164A01016,Balmer Lawrie & Company Limited,BALMLAWRIE,BALMLAWRIE,small,1995-07-06,False,
INE083D01012,Bal Pharma Limited,BALPHARMA,BALPHARMA,small,2006-05-08,False,
INE119A01028,Balrampur Chini Mills Limited,BALRAMCHIN,BALRAMCHIN,small,1995-02-08,False,
INE011E01029,Balu Forge Industries Limited,BALUFORGE,BALUFORGE,small,2024-04-29,False,
INE655B01011,Banaras Beads Limited,BANARBEADS,BANARBEADS,small,1995-07-07,False,
INE459A01010,Bannari Amman Sugars Limited,BANARISUG,BANARISUG,small,2003-05-28,False,
INE213C01025,Banco Products (I) Limited,BANCOINDIA,BANCOINDIA,small,2006-12-22,False,
INE545U01014,Bandhan Bank Limited,BANDHANBNK,BANDHANBNK,small,2018-03-27,True,name matches Financial Services heuristic (unverified)
INE863I01016,Bang Overseas Limited,BANG,BANG,small,2008-02-20,False,
INE862Y01015,Banka BioLoo Limited,BANKA,,small,2020-10-29,True,name matches Financial Services heuristic (unverified)
INE028A01039,Bank of Baroda,BANKBARODA,BANKBARODA,large,1997-02-19,True,name matches Financial Services heuristic (unverified)
INE084A01016,Bank of India,BANKINDIA,BANKINDIA,mid,1997-04-30,True,name matches Financial Services heuristic (unverified)
INE0B9K01025,Bansal Wire Industries Limited,BANSALWIRE,BANSALWIRE,small,2024-07-10,False,
INE629D01020,Banswara Syntex Limited,BANSWRAS,BANSWRAS,small,2007-04-11,False,
INE373A01013,BASF India Limited,BASF,BASF,small,1995-05-17,False,
INE186H01022,Bannari Amman Spinning Mills Limited,BASML,BASML,small,2005-11-14,False,
INE176A01028,Bata India Limited,BATAINDIA,BATAINDIA,small,2003-06-18,False,
INE177C01022,Batliboi Limited,BATLIBOI,BATLIBOI,small,2026-04-20,True,"listed 140 days ago, below the 365-day minimum"
INE462A01022,Bayer Cropscience Limited,BAYERCROP,BAYERCROP,small,2010-01-08,False,
INE464A01036,Bharat Bijlee Limited,BBL,BBL,small,2006-11-21,False,
INE676A01027,Black Box Limited,BBOX,BBOX,small,2003-07-22,False,
INE050A01025,The Bombay Burmah Trading Corporation Limited,BBTC,BBTC,small,1996-04-03,False,
INE01EE01011,B&B Triplewall Containers Limited,BBTCL,BBTCL,small,2022-11-23,False,
INE425B01027,Brightcom Group Limited,BCG,BCG,small,2015-05-08,False,
INE412G01024,Bcl Industries Limited,BCLIND,BCLIND,small,2021-03-04,False,
INE977Y01011,Brand Concepts Limited,BCONCEPTS,BCONCEPTS,small,2022-01-11,False,
INE00SW01015,BCPL Railway Infrastructure Limited,BCPL,BCPL,small,2026-03-27,True,"listed 164 days ago, below the 365-day minimum"
INE171Z01026,Bharat Dynamics Limited,BDL,BDL,mid,2018-03-23,False,
INE520H01022,Beardsell Limited,BEARDSELL,,small,2015-01-13,False,
INE495P01020,Mrs. Bectors Food Specialities Limited,BECTORFOOD,BECTORFOOD,small,2020-12-24,False,
INE844K01012,Bedmutha Industries Limited,BEDMUTHA,BEDMUTHA,small,2010-10-14,False,
INE213D01015,Beekay Steel Industries Limited,BEEKAY,BEEKAY,small,2026-04-20,True,"listed 140 days ago, below the 365-day minimum"
INE263A01024,Bharat Electronics Limited,BEL,BEL,large,2000-07-19,False,
INE344T01014,Bella Casa Fashion & Retail Limited,BELLACASA,BELLACASA,small,2025-07-18,False,
INE894V01022,Belrise Industries Limited,BELRISE,BELRISE,small,2025-05-28,False,
INE258A01024,BEML Limited,BEML,BEML,small,2003-11-05,False,
INE664D01019,Benares Hotels Limited,BENARAS,BENARAS,small,2026-08-17,True,"listed 21 days ago, below the 365-day minimum"
INE083K01017,Bengal & Assam Company Limited,BENGALASM,BENGALASM,small,2026-04-20,True,"listed 140 days ago, below the 365-day minimum"
INE922A01025,Bhansali Engineering Polymers Limited,BEPL,BEPL,small,2005-03-21,False,
INE463A01038,Berger Paints (I) Limited,BERGEPAINT,BERGEPAINT,mid,1999-11-24,False,
INE052T01021,Best Agrolife Limited,BESTAGRO,BESTAGRO,,2024-04-10,False,
INE351Y01019,Beta Drugs Limited,BETA,,small,2025-11-24,True,"listed 287 days ago, below the 365-day minimum"
INE878K01010,BF Investment Limited,BFINVEST,BFINVEST,small,2011-01-14,False,
INE243D01012,BF Utilities Limited,BFUTILITIE,BFUTILITIE,small,2007-05-03,True,name matches Utilities heuristic (unverified)
INE224M01013,Bharatiya Global Infomedia Limited,BGLOBAL,BGLOBAL,small,2011-07-28,False,
INE661I01014,BGR Energy Systems Limited,BGRENERGY,BGRENERGY,small,2008-01-03,False,
INE414D01027,Bhagiradha Chemicals & Industries Limited,BHAGCHEM,BHAGCHEM,small,2021-10-18,False,
INE354C01027,Bhageria Industries Limited,BHAGERIA,BHAGERIA,small,2016-03-02,False,
INE458B01036,Bhagyanagar India Limited,BHAGYANGR,BHAGYANGR,small,2017-05-17,False,
INE474E01029,Bhandari Hosiery Exports Limited,BHANDARI,BHANDARI,small,2017-01-30,False,
INE05XR01022,Bharat Coking Coal Limited,BHARATCOAL,BHARATCOAL,,2026-01-19,True,"listed 231 days ago, below the 365-day minimum"
INE465A01025,Bharat Forge Limited,BHARATFORG,BHARATFORG,mid,2003-04-04,False,
INE561C01019,Bharat Gears Limited,BHARATGEAR,BHARATGEAR,small,1996-04-03,False,
INE838B01021,Bharat Rasayan Limited,BHARATRAS,BHARATRAS,small,1995-10-11,False,
INE415D01024,Bharat Seats Limited,BHARATSE,BHARATSE,small,2025-03-24,False,
INE316L01019,Bharat Wire Ropes Limited,BHARATWIRE,BHARATWIRE,small,2016-04-01,False,
INE397D01024,Bharti Airtel Limited,BHARTIARTL,BHARTIARTL,large,2002-02-15,False,
INE343G01021,Bharti Hexacom Limited,BHARTIHEXA,BHARTIHEXA,mid,2024-04-12,False,
INE257A01026,Bharat Heavy Electricals Limited,BHEL,BHEL,mid,2003-11-11,True,name matches Utilities heuristic (unverified)
INE986A01012,Bilcare Limited,BI,BI,small,2026-04-20,True,"listed 140 days ago, below the 365-day minimum"
INE412U01025,Bigbloc Construction Limited,BIGBLOC,BIGBLOC,small,2016-09-02,False,
INE00E101023,Bikaji Foods International Limited,BIKAJI,BIKAJI,small,2022-11-16,False,
INE828A01016,Bhartiya International Limited,BIL,BIL,small,2000-04-12,False,
INE071A01013,BIL VYAPAR LIMITED,BILVYAPAR,BILVYAPAR,small,2006-09-27,False,
INE469A01019,Bimetal Bearings Limited,BIMETAL,BIMETAL,small,2026-04-20,True,"listed 140 days ago, below the 365-day minimum"
INE376G01013,Biocon Limited,BIOCON,BIOCON,mid,2004-04-07,False,
INE829A01014,Biofil Chemicals & Pharmaceuticals Limited,BIOFILCHEM,BIOFILCHEM,small,1996-06-12,False,
INE800A01015,Birla Cable Limited,BIRLACABLE,BIRLACABLE,small,1995-12-06,False,
INE340A01012,Birla Corporation Limited,BIRLACORPN,BIRLACORPN,small,1995-04-12,False,
INE865C01022,Aditya Birla Money Limited,BIRLAMONEY,BIRLAMONEY,small,2008-02-07,False,
INE557A01011,BirlaNu Limited,BIRLANU,BIRLANU,small,1995-04-26,False,
INE372E01025,Birla Precision Technologies Limited,BIRLAPREC,BIRLAPREC,small,2026-04-20,True,"listed 140 days ago, below the 365-day minimum"
INE0UIZ01018,BLACKBUCK LIMITED,BLACKBUCK,BLACKBUCK,small,2024-11-22,False,
INE761G01016,Black Rose Inds. Limited,BLACKROSE,BLACKROSE,small,2026-04-20,True,"listed 140 days ago, below the 365-day minimum"
INE0N7W01012,BEML Land Assets Limited,BLAL,BLAL,small,2023-04-19,False,
INE791A01024,BLB Limited,BLBLIMITED,BLBLIMITED,small,2000-05-31,False,
INE1EEM01017,Behari Lal Engineering Limited,BLEL,BLEL,,2026-08-19,True,"listed 19 days ago, below the 365-day minimum"
INE525F01025,Balmer Lawrie Investments Limited,BLIL,BLIL,small,2026-04-20,True,"listed 140 days ago, below the 365-day minimum"
INE416D01022,Bliss GVS Pharma Limited,BLISSGVS,BLISSGVS,small,2010-07-26,False,
INE350H01032,B. L. Kashyap and Sons Limited,BLKASHYAP,BLKASHYAP,small,2006-03-17,False,
INE153T01027,BLS International Services Limited,BLS,BLS,small,2016-06-14,False,
INE0NLT01010,BLS E-Services Limited,BLSE,BLSE,small,2024-02-06,False,
INE657B01025,Blue Chip India Limited,BLUECHIP,BLUECHIP,small,1997-03-12,False,
INE373T01047,Blue Cloud Softech Solutions Limited,BLUECLOUDS,BLUECLOUDS,small,2026-08-17,True,"listed 21 days ago, below the 365-day minimum"
INE472B01011,Blue Coast Hotels Limited,BLUECOAST,BLUECOAST,small,2000-02-16,False,
INE233B01017,Blue Dart Express Limited,BLUEDART,BLUEDART,small,2002-12-12,False,
INE0KBH01020,Blue Jet Healthcare Limited,BLUEJET,BLUEJET,small,2023-11-01,False,
INE472A01039,Blue Star Limited,BLUESTARCO,BLUESTARCO,mid,2000-06-15,False,
INE304W01038,BlueStone Jewellery and Lifestyle Limited,BLUESTONE,BLUESTONE,small,2025-08-19,False,
INE0U4101014,Bluspring Enterprises Limited,BLUSPRING,BLUSPRING,small,2025-06-11,False,
INE965W01036,BMW Ventures Limited,BMWVENTLTD,BMWVENTLTD,small,2025-10-01,True,"listed 341 days ago, below the 365-day minimum"
INE00HZ01011,BN Agrochem Limited,BNAGROCHEM,BNAGROCHEM,small,2026-04-20,True,"listed 140 days ago, below the 365-day minimum"
INE489D01011,B & A Limited,BNALTD,BNALTD,small,2026-04-20,True,"listed 140 days ago, below the 365-day minimum"
INE338D01028,Bodal Chemicals Limited,BODALCHEM,BODALCHEM,small,2011-08-22,False,
INE802W01023,Bohra Industries Limited,BOHRAIND,,small,2022-10-27,False,
INE032A01023,Bombay Dyeing & Mfg Company Limited,BOMDYEING,BOMDYEING,small,1995-04-26,False,
INE0B9A01018,Bonlon Industries Limited,BONLON,BONLON,small,2026-02-20,True,"listed 199 days ago, below the 365-day minimum"
INE16SF01016,Borana Weaves Limited,BORANA,BORANA,small,2025-05-27,False,
INE02PY01013,Borosil Limited,BOROLTD,BOROLTD,small,2020-07-22,False,
INE666D01022,BOROSIL RENEWABLES LIMITED,BORORENEW,BORORENEW,small,2018-05-25,False,
INE02L001032,Borosil Scientific Limited,BOROSCI,BOROSCI,small,2024-06-07,False,
INE782A01015,BOSCH HOME COMFORT INDIA LIMITED,BOSCH-HCIL,BOSCH-HCIL,small,2000-01-03,False,
INE323A01026,Bosch Limited,BOSCHLTD,BOSCHLTD,large,2003-05-12,False,
INE029A01011,Bharat Petroleum Corporation Limited,BPCL,BPCL,large,1995-09-13,False,
INE110A01019,BPL Limited,BPL,BPL,small,1995-06-14,False,
INE365Y01019,Bharat Parenterals Limited,BPLPHARMA,BPLPHARMA,small,2026-08-17,True,"listed 21 days ago, below the 365-day minimum"
INE320I01017,Brahmaputra Infrastructure Limited,BRAHMINFRA,BRAHMINFRA,small,2026-08-17,True,"listed 21 days ago, below the 365-day minimum"
INE791I01019,Brigade Enterprises Limited,BRIGADE,BRIGADE,small,2007-12-31,False,
INE03NU01014,Brigade Hotel Ventures Limited,BRIGHOTEL,BRIGHOTEL,small,2025-07-31,False,
INE630D01010,Bright Brothers Limited,BRIGHTBR,BRIGHTBR,small,2026-08-17,True,"listed 21 days ago, below the 365-day minimum"
INE216A01030,Britannia Industries Limited,BRITANNIA,BRITANNIA,large,1998-11-05,False,
INE727S01012,Bharat Road Network Limited,BRNL,BRNL,small,2017-09-18,False,
INE650L01011,Brooks Laboratories Limited,BROOKS,BROOKS,small,2011-09-05,False,
INE118H01025,BSE Limited,BSE,,mid,2017-02-03,False,
INE032Z01020,Bombay Super Hybrid Seeds Limited,BSHSL,BSHSL,small,2020-10-28,False,
INE594B01012,BSL Limited,BSL,BSL,small,1995-07-27,False,
INE836A01035,BIRLASOFT LIMITED,BSOFT,BSOFT,small,1999-11-24,False,
INE0EEJ01023,Bodhi Tree Multimedia Limited,BTML,BTML,small,2023-02-15,False,
INE274K01012,Bhilwara Technical Textiles Limited,BTTL,BTTL,small,2026-04-20,True,"listed 140 days ago, below the 365-day minimum"
INE24OJ01011,Shankara Buildpro Limited,BUILDPRO,BUILDPRO,,2026-01-09,True,"listed 241 days ago, below the 365-day minimum"
INE817H01022,Burnpur Cement Limited,BURNPUR,BURNPUR,,2008-01-03,False,
INE295F01017,Butterfly Gandhimathi Appliances Limited,BUTTERFLY,BUTTERFLY,small,2014-04-28,False,
INE139I01011,Barak Valley Cements Limited,BVCL,BVCL,small,2007-11-23,False,
INE319B01014,The Byke Hospitality Ltd,BYKE,BYKE,small,2015-04-15,False,
INE526B01014,California Software Company Limited,CALSOFT,CALSOFT,small,2000-06-28,False,
INE052I01032,Camlin Fine Sciences Limited,CAMLINFINE,CAMLINFINE,small,2015-01-20,False,
INE278Y01022,Campus Activewear Limited,CAMPUS,CAMPUS,small,2022-05-09,False,
INE596I01020,Computer Age Management Services Limited,CAMS,CAMS,small,2021-05-07,False,
INE476A01022,Canara Bank,CANBK,CANBK,large,2002-12-23,True,name matches Financial Services heuristic (unverified)
INE477A01020,Can Fin Homes Limited,CANFINHOME,CANFINHOME,small,1995-05-10,False,
INE01TY01017,Canara HSBC Life Insurance Company Limited,CANHLIFE,CANHLIFE,small,2025-10-17,True,name matches Financial Services heuristic (unverified)
INE068L01024,Cantabil Retail India Limited,CANTABIL,CANTABIL,small,2010-10-12,False,
INE264T01014,Capacit'e Infraprojects Limited,CAPACITE,CAPACITE,small,2017-09-25,False,
INE0ILV01024,Capillary Technologies India Limited,CAPILLARY,CAPILLARY,small,2025-11-21,True,"listed 290 days ago, below the 365-day minimum"
INE646H01017,Capital Small Finance Bank Limited,CAPITALSFB,CAPITALSFB,small,2024-02-14,True,name matches Financial Services heuristic (unverified)
INE475E01026,Caplin Point Laboratories Limited,CAPLIPOINT,CAPLIPOINT,small,2014-06-23,False,
INE707C01018,Capital Trust Limited,CAPTRUST,CAPTRUST,small,2017-01-16,True,"name matches Trust/REIT/InvIT heuristic (unverified) - likely an investment/holding company rather than a literal REIT/InvIT, see decision 0002"
INE120A01034,Carborundum Universal Limited,CARBORUNIV,CARBORUNIV,small,1996-04-03,False,
INE752H01013,CARE Ratings Limited,CARERATING,CARERATING,small,2012-12-26,False,
INE0V7W01012,Carraro India Limited,CARRARO,CARRARO,small,2024-12-30,False,
INE290S01011,Cartrade Tech Limited,CARTRADE,CARTRADE,small,2021-08-20,False,
INE482D01024,CARYSIL LIMITED,CARYSIL,CARYSIL,small,2021-01-14,False,
INE172A01027,Castrol India Limited,CASTROLIND,CASTROLIND,small,2014-03-14,False,
INE483S01020,AvenuesAI Limited,CCAVENUE,CCAVENUE,small,2016-04-04,False,
INE429I01024,Consolidated Construction Consortium Limited,CCCL,CCCL,small,2007-10-15,False,
INE652F01027,Country Club Hospitality & Holidays Limited,CCHHL,CCHHL,small,2015-02-03,False,
INE421D01022,CCL Products (India) Limited,CCL,CCL,small,2004-06-07,False,
INE736A01011,Central Depository Services (India) Limited,CDSL,,small,2017-06-30,False,
INE482A01020,CEAT Limited,CEATLTD,CEATLTD,small,2008-02-01,False,
INE0AG901020,Ceigall India Limited,CEIGALL,CEIGALL,small,2024-08-08,False,
INE016Q01014,Ceinsys Tech Limited,CEINSYS,CEINSYS,small,2026-02-19,True,"listed 200 days ago, below the 365-day minimum"
INE185H01016,Celebrity Fashions Limited,CELEBRITY,CELEBRITY,small,2006-01-12,False,
INE0LMW01024,Cello World Limited,CELLO,CELLO,small,2023-11-06,False,
INE686A01026,Cemindia Projects Limited,CEMPRO,CEMPRO,small,1999-02-10,False,
INE485A01015,Century Enka Limited,CENTENKA,CENTENKA,small,1995-05-10,False,
INE281A01026,Century Extrusions Limited,CENTEXT,CENTEXT,small,2004-07-20,False,
INE483A01010,Central Bank of India,CENTRALBK,CENTRALBK,small,2007-08-21,True,name matches Financial Services heuristic (unverified)
INE660C01027,Centrum Capital Limited,CENTRUM,CENTRUM,small,2018-04-04,True,name matches Financial Services heuristic (unverified)
INE320B01020,Centum Electronics Limited,CENTUM,CENTUM,small,2007-10-05,False,
INE348B01021,Century Plyboards (India) Limited,CENTURYPLY,CENTURYPLY,small,2006-03-23,False,
INE739E01017,Cera Sanitaryware Limited,CERA,CERA,small,2007-11-02,False,
INE345B01019,Cerebra Integrated Technologies Limited,CEREBRAINT,CEREBRAINT,small,2013-06-26,False,
INE486A01021,CESC Limited,CESC,CESC,small,1995-02-08,False,
INE037Z01029,Concord Enviro Systems Limited,CEWATER,CEWATER,small,2024-12-27,False,
INE700F01024,Confidence Futuristic Energetech Limited,CFEL,CFEL,small,2026-08-17,True,"listed 21 days ago, below the 365-day minimum"
INE180C01042,Capri Global Capital Limited,CGCL,CGCL,small,2010-10-29,True,name matches Financial Services heuristic (unverified)
INE067A01029,CG Power and Industrial Solutions Limited,CGPOWER,CGPOWER,large,1995-03-01,True,name matches Utilities heuristic (unverified)
INE084D01010,CG Vak Software & Exports Limited,CGVAK,CGVAK,small,2026-08-17,True,"listed 21 days ago, below the 365-day minimum"
INE427F01016,Chalet Hotels Limited,CHALET,CHALET,small,2019-02-07,False,
INE085A01013,Chambal Fertilizers & Chemicals Limited,CHAMBLFERT,CHAMBLFERT,small,1995-06-14,False,
INE995D01025,Chembond Material Technologies Limited,CHEMBOND,CHEMBOND,small,2019-11-20,False,
INE0TGX01019,Chembond Chemicals Limited,CHEMBONDCH,CHEMBONDCH,small,2025-07-23,False,
INE03YM01018,Chemcon Speciality Chemicals Limited,CHEMCON,CHEMCON,small,2020-10-01,False,
INE298W01016,Chemcrux Enterprises Limited,CHEMCRUX,CHEMCRUX,small,2026-08-17,True,"listed 21 days ago, below the 365-day minimum"
INE783X01023,Chemfab Alkalis Limited,CHEMFAB,CHEMFAB,small,2018-04-25,False,
INE488A01050,Chemplast Sanmar Limited,CHEMPLASTS,CHEMPLASTS,small,2021-08-24,False,
INE178A01016,Chennai Petroleum Corporation Limited,CHENNPETRO,CHENNPETRO,small,2000-06-07,False,
INE974B01016,Cheviot Company Limited,CHEVIOT,CHEVIOT,small,2022-06-20,False,
INE102B01014,Choice International Limited,CHOICEIN,CHOICEIN,small,2022-04-08,False,
INE121A01024,Cholamandalam Investment and Finance Company Limited,CHOLAFIN,CHOLAFIN,large,1996-05-15,True,name matches Financial Services heuristic (unverified)
INE149A01033,Cholamandalam Financial Holdings Limited,CHOLAHLDNG,CHOLAHLDNG,mid,2017-09-25,True,name matches Financial Services heuristic (unverified)
INE536H01010,CIE Automotive India Limited,CIEINDIA,CIEINDIA,small,2007-08-30,False,
INE345H01024,Capital India Finance Limited,CIFL,CIFL,small,2025-04-17,True,name matches Financial Services heuristic (unverified)
INE704H01022,Cineline India Limited,CINELINE,CINELINE,small,2012-06-13,False,
INE039B01026,Cinevista Limited,CINEVISTA,CINEVISTA,small,2000-05-02,False,
INE059A01026,Cipla Limited,CIPLA,CIPLA,large,1995-02-08,False,
INE376C01038,CLC Industries Limited,CLCIND,CLCIND,,2006-12-20,False,
INE227W01023,Clean Science and Technology Limited,CLEAN,CLEAN,small,2021-07-19,False,
INE647U01026,Clean Max Enviro Energy Solutions Limited,CLEANMAX,CLEANMAX,,2026-03-02,True,"listed 189 days ago, below the 365-day minimum"
INE201M01029,CL Educate Limited,CLEDUCATE,CLEDUCATE,small,2017-03-31,False,
INE419D01026,Chaman Lal Setia Exports Limited,CLSEL,CLSEL,small,2021-05-12,False,
INE981B01011,CMI Limited,CMICABLES,CMICABLES,small,2016-11-29,False,
INE11XY01018,Caliber Mining and Logistics Limited,CMLL,CMLL,,2026-07-24,True,"listed 45 days ago, below the 365-day minimum"
INE05HV01027,Central Mine Planning & Design Institute Limited,CMPDI,CMPDI,,2026-03-30,True,"listed 161 days ago, below the 365-day minimum"
INE00WV01027,CMR Green Technologies Limited,CMRGREEN,CMRGREEN,,2026-06-10,True,"listed 89 days ago, below the 365-day minimum"
INE925R01014,CMS Info Systems Limited,CMSINFO,CMSINFO,small,2021-12-31,False,
INE985W01018,Creative Newtech Limited,CNL,CNL,small,2019-08-05,False,
INE522F01014,Coal India Limited,COALINDIA,COALINDIA,large,2010-11-04,False,
INE377E01024,Coastal Corporation Limited,COASTCORP,COASTCORP,small,2021-10-08,False,
INE704P01025,Cochin Shipyard Limited,COCHINSHIP,COCHINSHIP,mid,2017-08-11,False,
INE515A01019,John Cockerill India Limited,COCKERILL,COCKERILL,small,2026-04-20,True,"listed 140 days ago, below the 365-day minimum"
INE335K01011,Coffee Day Enterprises Limited,COFFEEDAY,COFFEEDAY,small,2015-11-02,False,
INE591G01025,Coforge Limited,COFORGE,COFORGE,mid,2004-08-30,False,
INE03QK01018,Cohance Lifesciences Limited,COHANCE,COHANCE,small,2020-03-09,False,
INE259A01022,Colgate Palmolive (India) Limited,COLPAL,COLPAL,mid,2007-12-17,False,
INE819A01049,Comfort Intech Limited,COMFINTE,COMFINTE,small,2026-04-20,True,"listed 140 days ago, below the 365-day minimum"
INE823B01015,Competent Automobiles Company Limited,COMPEAU,COMPEAU,small,2026-08-17,True,"listed 21 days ago, below the 365-day minimum"
INE070C01037,Compuage Infocom Limited,COMPINFO,COMPINFO,small,2016-07-07,False,
INE453B01029,Compucom Software Limited,COMPUSOFT,COMPUSOFT,small,2012-03-02,False,
INE073V01015,Commercial Syn Bags Limited,COMSYN,COMSYN,small,2024-01-23,False,
INE111A01025,Container Corporation of India Limited,CONCOR,CONCOR,mid,1997-05-07,False,
INE338H01029,Concord Biotech Limited,CONCORDBIO,CONCORDBIO,small,2023-08-18,False,
INE552D01024,Confidence Petroleum India Limited,CONFIPET,CONFIPET,small,2019-06-13,False,
INE025A01027,Consolidated Finvest & Holdings Limited,CONSOFINVT,,small,2005-03-29,False,
INE663B01015,Control Print Limited,CONTROLPR,CONTROLPR,small,2016-06-24,False,
INE558D01021,Coral India Finance & Housing Limited,CORALFINAC,CORALFINAC,small,1996-03-25,True,name matches Financial Services heuristic (unverified)
INE0LZF01039,Waterways Leisure Tourism Limited,CORDELIA,CORDELIA,,2026-07-01,True,"listed 68 days ago, below the 365-day minimum"
INE792I01017,Cords Cable Industries Limited,CORDSCABLE,CORDSCABLE,small,2008-02-13,False,
INE169A01031,Coromandel International Limited,COROMANDEL,COROMANDEL,mid,1995-05-31,False,
INE02ZQ01018,CORONA Remedies Limited,CORONA,CORONA,small,2025-12-15,True,"listed 266 days ago, below the 365-day minimum"
INE757A01017,COSMO FIRST LIMITED,COSMOFIRST,COSMOFIRST,small,1995-05-25,False,
INE695B01025,Country Condo's Limited,COUNCODOS,COUNCODOS,small,2009-01-22,False,
INE521J01018,CP Capital Limited,CPCAP,CPCAP,small,2010-10-06,True,name matches Financial Services heuristic (unverified)
INE0P6P01016,Career Point Edutech Limited,CPEDU,CPEDU,small,2025-09-05,False,
INE536P01021,Captain Polyplast Limited,CPL,CPL,small,2026-07-23,True,"listed 46 days ago, below the 365-day minimum"
INE819V01029,Aditya Infotech Limited,CPPLUS,CPPLUS,small,2025-08-05,False,
INE00LO01017,Craftsman Automation Limited,CRAFTSMAN,CRAFTSMAN,small,2021-03-25,False,
INE218I01013,Canara Robeco Asset Management Company Limited,CRAMC,CRAMC,small,2025-10-16,True,name matches Financial Services heuristic (unverified)
INE145E01017,Cravatex Limited,CRAVATEX,CRAVATEX,small,2026-08-17,True,"listed 21 days ago, below the 365-day minimum"
INE230B01021,Creative Eye Limited,CREATIVEYE,CREATIVEYE,small,2000-12-20,False,
INE741K01010,CREDITACCESS GRAMEEN LIMITED,CREDITACC,CREDITACC,small,2018-08-23,True,name matches Financial Services heuristic (unverified)
INE559D01011,Crest Ventures Limited,CREST,CREST,small,2006-12-27,False,
INE007A01025,Crisil Limited,CRISIL,CRISIL,mid,1995-06-28,False,
INE0S4R01014,Crizac Limited,CRIZAC,CRIZAC,small,2025-07-09,False,
INE299U01018,Crompton Greaves Consumer Electricals Limited,CROMPTON,CROMPTON,small,2016-05-13,True,name matches Utilities heuristic (unverified)
INE491V01019,Crown Lifters Limited,CROWN,,small,2022-02-08,False,
INE716D01033,Cressanda Railway Solutions Limited,CRSL,CRSL,small,2026-08-17,True,"listed 21 days ago, below the 365-day minimum"
INE679A01013,CSB Bank Limited,CSBBANK,CSBBANK,small,2019-12-04,True,name matches Financial Services heuristic (unverified)
INE718F01018,CSL Finance Limited,CSLFINANCE,CSLFINANCE,small,2022-07-21,True,name matches Financial Services heuristic (unverified)
INE0ZK601013,CSM Technologies Limited,CSM,CSM,,2026-07-02,True,"listed 67 days ago, below the 365-day minimum"
INE627H01017,Cambridge Technology Enterprises Limited,CTE,CTE,small,2007-02-07,False,
INE491A01021,City Union Bank Limited,CUB,CUB,small,1998-08-25,True,name matches Financial Services heuristic (unverified)
INE144D01012,Cubex Tubings Limited,CUBEXTUB,CUBEXTUB,small,1996-04-24,False,
INE298A01020,Cummins India Limited,CUMMINSIND,CUMMINSIND,large,1995-03-29,False,
INE509F01029,Cupid Limited,CUPID,CUPID,small,2016-09-16,False,
INE117B01020,Cura Technologies Limited,CURAA,CURAA,small,2025-03-21,False,
INE278G01037,Cyber Media (India) Limited,CYBERMEDIA,CYBERMEDIA,small,2005-06-10,False,
INE214A01019,Cybertech Systems And Software Limited,CYBERTECH,CYBERTECH,small,1999-01-27,False,
INE136B01020,Cyient Limited,CYIENT,CYIENT,small,1998-09-30,False,
INE055S01018,Cyient DLM Limited,CYIENTDLM,CYIENTDLM,small,2023-07-10,False,
INE016A01026,Dabur India Limited,DABUR,DABUR,mid,1999-04-28,False,
INE928C01010,Dai-Ichi Karkaria Limited,DAICHI,DAICHI,small,2026-04-20,True,"listed 140 days ago, below the 365-day minimum"
INE00R701025,Dalmia Bharat Limited,DALBHARAT,DALBHARAT,mid,2019-01-22,False,
INE495A01022,Dalmia Bharat Sugar and Industries Limited,DALMIASUG,DALMIASUG,small,1996-01-17,False,
INE284H01025,Dam Capital Advisors Limited,DAMCAPITAL,DAMCAPITAL,small,2024-12-27,True,name matches Financial Services heuristic (unverified)
INE497D01022,Damodar Industries Limited,DAMODARIND,DAMODARIND,small,2016-07-04,False,
INE688Y01022,Dangee Dums Limited,DANGEE,,small,2020-11-13,False,
INE365B01017,Datamatics Global Services Limited,DATAMATICS,DATAMATICS,small,2004-05-07,False,
INE0IX101010,Data Patterns (India) Limited,DATAPATTNS,DATAPATTNS,small,2021-12-24,False,
INE179G01029,Davangere Sugar Company Limited,DAVANGERE,DAVANGERE,small,2024-01-25,False,
INE950I01011,D.B.Corp Limited,DBCORP,DBCORP,small,2010-01-06,False,
INE0OPA01027,Deepak Builders & Engineers India Limited,DBEIL,DBEIL,,2024-10-28,False,
INE917M01012,Dilip Buildcon Limited,DBL,DBL,small,2016-08-11,False,
INE0I3401014,Dhampur Bio Organics Limited,DBOL,DBOL,small,2022-09-08,False,
INE879I01012,Valor Estate Limited,DBREALTY,DBREALTY,small,2010-02-24,False,
INE921B01025,DB (International) Stock Brokers Limited,DBSTOCKBRO,DBSTOCKBRO,small,2012-02-29,False,
INE385W01011,Dishman Carbogen Amcis Limited,DCAL,DCAL,small,2017-09-21,False,
INE503A01015,DCB Bank Limited,DCBBANK,DCBBANK,small,2006-10-27,True,name matches Financial Services heuristic (unverified)
INE0A1101019,Dc Infotech And Communication Limited,DCI,DCI,small,2022-10-19,False,
INE498A01018,DCM  Limited,DCM,DCM,small,1995-03-29,False,
INE891B01012,DCM Financial Services Limited,DCMFINSERV,DCMFINSERV,small,1997-05-21,True,name matches Financial Services heuristic (unverified)
INE08KP01019,DCM Nouvelle Limited,DCMNVL,DCMNVL,small,2019-07-16,False,
INE499A01024,DCM Shriram Limited,DCMSHRIRAM,DCMSHRIRAM,small,1995-04-12,False,
INE0OU201013,DCM Shriram International Limited,DCMSIL,DCMSIL,,2026-02-17,True,"listed 202 days ago, below the 365-day minimum"
INE843D01027,DCM Shriram Industries Limited,DCMSRIND,DCMSRIND,small,2021-12-24,False,
INE500A01029,DCW Limited,DCW,DCW,small,1995-05-25,False,
INE0KL801015,DCX Systems Limited,DCXINDIA,DCXINDIA,small,2022-11-11,False,
INE0HR601026,Ddev Plastiks Industries Limited,DDEVPLSTIK,DDEVPLSTIK,small,2025-01-15,False,
INE583C01021,Deccan Cements Limited,DECCANCE,DECCANCE,small,2007-08-02,False,
INE945F01025,Deccan Gold Mines Limited,DECNGOLD,DECNGOLD,small,2026-04-20,True,"listed 140 days ago, below the 365-day minimum"
INE841L01016,DEE Development Engineers Limited,DEEDEV,DEEDEV,small,2024-06-26,False,
INE00IY01012,Deep Polymers Limited,DEEP,DEEP,small,2026-08-17,True,"listed 21 days ago, below the 365-day minimum"
INE501A01019,Deepak Fertilizers and Petrochemicals Corporation Limited,DEEPAKFERT,DEEPAKFERT,small,2003-01-17,False,
INE288B01029,Deepak Nitrite Limited,DEEPAKNTR,DEEPAKNTR,small,2010-09-29,False,
INE0FHS01024,Deep Industries Limited,DEEPINDS,DEEPINDS,small,2021-04-27,False,
INE148O01028,Delhivery Limited,DELHIVERY,DELHIVERY,small,2022-05-24,False,
INE726L01027,DELPHI WORLD MONEY LIMITED,DELPHIFX,DELPHIFX,,2011-06-28,False,
INE124G01033,Delta Corp Limited,DELTACORP,DELTACORP,small,2007-11-02,False,
INE393A01011,Delta Manufacturing Limited,DELTAMAGNT,DELTAMAGNT,small,1995-10-18,False,
INE947J01015,Den Networks Limited,DEN,DEN,small,2009-11-24,False,
INE244A01016,De Nora India Limited,DENORA,DENORA,small,1997-08-07,False,
INE0R4L01018,Denta Water and Infra Solutions Limited,DENTA,DENTA,small,2025-01-29,False,
INE060X01034,Dev Information Technology Limited,DEVIT,DEVIT,small,2022-02-15,False,
INE0VOV01021,Dev Accelerator Limited,DEVX,DEVX,small,2025-09-17,True,"listed 355 days ago, below the 365-day minimum"
INE872J01023,Devyani International Limited,DEVYANI,DEVYANI,small,2021-08-16,False,
INE03JI01017,Digicontent Limited,DGCONTENT,DGCONTENT,small,2019-06-18,False,
INE260R01016,Dhabriya Polywood Limited,DHABRIYA,DHABRIYA,small,2026-08-17,True,"listed 21 days ago, below the 365-day minimum"
INE041A01016,Dhampur Sugar Mills Limited,DHAMPURSUG,DHAMPURSUG,small,1995-03-29,False,
INE680A01011,Dhanlaxmi Bank Limited,DHANBANK,DHANBANK,small,2004-04-01,True,name matches Financial Services heuristic (unverified)
INE435G01025,Dhanuka Agritech Limited,DHANUKA,DHANUKA,small,2011-06-29,False,
INE278R01034,DHARAN INFRA-EPC LIMITED,DHARAN,DHARAN,small,2018-04-02,False,
INE00OQ01016,Dharmaj Crop Guard Limited,DHARMAJ,DHARMAJ,small,2022-12-08,False,
INE715T01031,Dhatre Udyog Limited,DHATRE,DHATRE,small,2026-08-17,True,"listed 21 days ago, below the 365-day minimum"
INE01NH01023,Dhoot Transmission Limited,DHOOTTRANS,DHOOTTRANS,,2026-08-17,True,name matches Utilities heuristic (unverified)
INE506Z01015,Dhruv Consultancy Services Limited,DHRUV,DHRUV,small,2021-11-25,False,
INE320L01011,Dhunseri Investments Limited,DHUNINV,DHUNINV,small,2011-03-18,False,
INE989C01038,Diamond Power Infrastructure Limited,DIACABS,DIACABS,small,2023-09-15,True,name matches Utilities heuristic (unverified)
INE591D01014,Diamines & Chemicals Limited,DIAMINESQ,DIAMINESQ,small,2023-09-25,False,
INE393P01035,Prataap Snacks Limited,DIAMONDYD,DIAMONDYD,small,2017-10-05,False,
INE303A01010,DIC India Limited,DICIND,DICIND,small,1995-08-30,False,
INE184O01015,Diffusion Engineers Limited,DIFFNKG,DIFFNKG,small,2024-10-04,False,
INE0PSC01024,Digidrive Distributors Limited,DIGIDRIVE,DIGIDRIVE,small,2024-01-10,False,
INE927C01020,DiGiSPICE Technologies Limited,DIGISPICE,DIGISPICE,small,2008-05-27,False,
INE0U4701011,Digitide Solutions Limited,DIGITIDE,DIGITIDE,small,2025-06-11,False,
INE731U01028,Digjam Limited,DIGJAMLMTD,DIGJAMLMTD,small,2021-10-18,False,
INE131C01011,Disa India Limited,DISAQ,DISAQ,small,2026-04-20,True,"listed 140 days ago, below the 365-day minimum"
INE836F01026,Dish TV India Limited,DISHTV,DISHTV,small,2007-04-18,False,
INE753U01022,Divgi Torqtransfer Systems Limited,DIVGIITTS,DIVGIITTS,small,2023-03-14,False,
INE361B01024,Divi's Laboratories Limited,DIVISLAB,DIVISLAB,large,2003-03-12,False,
INE935N01020,Dixon Technologies (India) Limited,DIXON,DIXON,mid,2017-09-18,False,
INE0B1K01014,DJ Mediaprint & Logistics Limited,DJML,DJML,small,2022-12-05,False,
INE271C01023,DLF Limited,DLF,DLF,large,2007-07-05,False,
INE250K01012,D-Link (India) Limited,DLINKINDIA,DLINKINDIA,small,2009-12-18,False,
INE192R01011,Avenue Supermarts Limited,DMART,DMART,large,2017-03-21,False,
INE505A01010,DMCC SPECIALITY CHEMICALS LIMITED,DMCC,DMCC,small,2021-12-01,False,
INE016M01021,Diligent Media Corporation Limited,DNAMEDIA,DNAMEDIA,small,2017-12-11,False,
INE021O01019,Dodla Dairy Limited,DODLA,DODLA,small,2021-06-28,False,
INE966A01022,Dolat Algotech Limited,DOLATALGO,DOLATALGO,small,2024-01-12,False,
INE325C01035,Dollar Industries Limited,DOLLAR,DOLLAR,small,2017-04-21,False,
INE920A01037,Dolphin Offshore Enterprises (India) Limited,DOLPHIN,DOLPHIN,small,2023-08-21,False,
INE321T01012,DOMS Industries Limited,DOMS,DOMS,small,2023-12-20,False,
INE668D01028,Donear Industries Limited,DONEAR,DONEAR,small,2006-12-20,False,
INE266Y01019,D. P. Abhushan Limited,DPABHUSHAN,DPABHUSHAN,small,2020-11-03,False,
INE360C01024,DPSC Limited,DPSCLTD,,small,2008-04-21,False,
INE864X01013,D P Wires Limited,DPWIRES,DPWIRES,small,2020-01-17,False,
INE934C01018,Dr Agarwals Eye Hospital Limited,DRAGARWQ,DRAGARWQ,small,2026-04-20,True,"listed 140 days ago, below the 365-day minimum"
INE03RS01027,DRC Systems India Limited,DRCSYSTEMS,DRCSYSTEMS,small,2021-03-10,False,
INE0JS101016,Dreamfolks Services Limited,DREAMFOLKS,DREAMFOLKS,small,2022-09-06,False,
INE506A01018,Dredging Corporation of India Limited,DREDGECORP,DREDGECORP,small,2004-01-15,False,
INE089A01031,Dr. Reddy's Laboratories Limited,DRREDDY,DRREDDY,large,2003-05-30,False,
INE0OFM01015,DCM Shriram Fine Chemicals Limited,DSFCL,DSFCL,,2026-02-17,True,"listed 202 days ago, below the 365-day minimum"
INE891A01022,DS Kulkarni Developers Limited,DSKULKARNI,DSKULKARNI,small,1995-02-08,False,
INE417B01040,Dynacons Systems & Solutions Limited,DSSL,DSSL,small,2011-12-01,False,
INE341R01014,Dhunseri Tea & Industries Limited,DTIL,DTIL,small,2015-01-20,False,
INE741L01018,Ducon Infratechnologies Limited,DUCON,DUCON,small,2012-10-09,False,
INE741L20034,Ducon Infratech Ltd-RE,DUCON-RE1,DUCON-RE1,,2026-09-03,True,"listed 4 days ago, below the 365-day minimum"
INE477B01010,Dhunseri Ventures Limited,DVL,DVL,small,2008-01-11,False,
INE366A01041,Dwarikesh Sugar Industries Limited,DWARKESH,DWARKESH,small,2004-12-31,False,
INE600Y01019,Dynamic Cables Limited,DYCL,DYCL,small,2022-07-27,False,
INE221B01012,Dynamatic Technologies Limited,DYNAMATECH,DYNAMATECH,small,2006-09-14,False,
INE256H01015,Dynemic Products Limited,DYNPRO,DYNPRO,small,2017-07-19,False,
INE255Z01027,E2E Networks Limited,E2E,E2E,,2022-04-12,False,
INE07O001026,Easy Trip Planners Limited,EASEMYTRIP,EASEMYTRIP,small,2021-03-19,False,
INE962C01035,Eastern Silk Industries Limited,EASTSILK,EASTSILK,small,1996-07-03,False,
INE595R01023,East West Freight Carriers Limited,EASTWEST,EASTWEST,small,2026-08-17,True,"listed 21 days ago, below the 365-day minimum"
INE18JU01028,GNG Electronics Limited,EBGNG,EBGNG,small,2025-07-30,False,
INE432F01032,EBIX Limited,EBIX,EBIX,small,2026-08-17,True,"listed 21 days ago, below the 365-day minimum"
INE738I01010,eClerx Services Limited,ECLERX,ECLERX,small,2007-12-31,False,
INE316A01038,Eco Recycling Limited,ECORECO,ECORECO,small,2026-08-17,True,"listed 21 days ago, below the 365-day minimum"
INE06HJ01020,Ecos (India) Mobility & Hospitality Limited,ECOSMOBLTY,ECOSMOBLTY,small,2024-09-04,False,
INE532F01054,Edelweiss Financial Services Limited,EDELWEISS,EDELWEISS,small,2007-12-12,True,name matches Financial Services heuristic (unverified)
INE216H01027,Educomp Solutions Limited,EDUCOMP,EDUCOMP,small,2006-01-13,False,
INE886D01026,EFC (I) Limited,EFCIL,EFCIL,small,2025-08-20,False,
INE066A01021,Eicher Motors Limited,EICHERMOT,EICHERMOT,large,2004-09-07,False,
INE126A01031,EID Parry India Limited,EIDPARRY,EIDPARRY,small,1995-05-10,False,
INE0LLY01014,Enviro Infra Engineers Limited,EIEL,EIEL,small,2024-11-29,False,
INE546V01010,Euro India Fresh Foods Limited,EIFFL,,small,2021-10-12,False,
INE276C01014,EIH Associated Hotels Limited,EIHAHOTELS,EIHAHOTELS,small,2008-04-08,False,
INE230A01023,EIH Limited,EIHOTEL,EIHOTEL,small,1995-02-08,False,
INE158B01016,Eimco Elecon (India) Limited,EIMCOELECO,EIMCOELECO,small,1996-04-17,False,
INE184H01027,Everest Kanto Cylinder Limited,EKC,EKC,small,2005-12-15,False,
INE0CPR01018,EKI Energy Services Limited,EKI,EKI,small,2026-08-17,True,"listed 21 days ago, below the 365-day minimum"
INE280B01018,Elantas Beck India Limited,ELANTAS,ELANTAS,small,2026-04-20,True,"listed 140 days ago, below the 365-day minimum"
INE927X01018,EL CID Investments Limited,ELCIDIN,ELCIDIN,small,2026-04-20,True,"listed 140 days ago, below the 365-day minimum"
INE668G01021,Eldeco Housing And Industries Limited,ELDEHSG,ELDEHSG,small,2022-04-12,False,
INE205B01031,Elecon Engineering Company Limited,ELECON,ELECON,small,2006-09-29,False,
INE086A01029,Electrosteel Castings Limited,ELECTCAST,ELECTCAST,small,2003-06-20,False,
INE822G01016,Electrotherm (India) Limited,ELECTHERM,ELECTHERM,small,2007-08-20,False,
INE285A01027,Elgi Equipments Limited,ELGIEQUIP,ELGIEQUIP,small,1995-11-22,False,
INE819L01012,Elgi Rubber Company Limited,ELGIRUBCO,,small,2011-08-10,False,
INE050401020,Elin Electronics Limited,ELIN,ELIN,small,2022-12-30,False,
INE669R01026,Elitecon International Limited,ELITECON,ELITECON,small,2026-04-20,True,"listed 140 days ago, below the 365-day minimum"
INE236E01022,Ellenbarrie Industrial Gases Limited,ELLEN,ELLEN,small,2025-07-01,True,name matches Utilities heuristic (unverified)
INE579B01039,Elpro International Limited,ELPROINTL,ELPROINTL,small,2026-04-20,True,"listed 140 days ago, below the 365-day minimum"
INE548C01032,Emami Limited,EMAMILTD,EMAMILTD,small,2006-08-03,False,
INE830C01026,Emami Paper Mills Limited,EMAMIPAP,EMAMIPAP,small,2019-05-30,False,
INE778K01012,Emami Realty Limited,EMAMIREAL,EMAMIREAL,small,2010-07-28,False,
INE069I01010,Embassy Developments Limited,EMBDL,EMBDL,small,2007-03-23,False,
INE168P01015,Emcure Pharmaceuticals Limited,EMCURE,EMCURE,small,2024-07-10,False,
INE02YR01019,Electronics Mart India Limited,EMIL,EMIL,small,2022-10-17,False,
INE296H01011,Emkay Global Financial Services Limited,EMKAY,EMKAY,small,2006-04-28,True,name matches Financial Services heuristic (unverified)
INE753K01015,Emmbi Industries Limited,EMMBI,EMMBI,small,2010-02-24,False,
INE1C6T01020,Emmvee Photovoltaic Power Limited,EMMVEE,EMMVEE,small,2025-11-18,True,name matches Utilities heuristic (unverified)
INE515H01014,Empire Industries Limited,EMPIND,EMPIND,small,2026-08-17,True,"listed 21 days ago, below the 365-day minimum"
INE507F01023,Empower India Limited,EMPOWER,EMPOWER,small,2026-04-20,True,name matches Utilities heuristic (unverified)
INE0OV601013,EMS Limited,EMSLIMITED,EMSLIMITED,small,2023-09-21,False,
INE01QM01018,eMudhra Limited,EMUDHRA,EMUDHRA,small,2022-06-01,False,
INE913H01037,Endurance Technologies Limited,ENDURANCE,ENDURANCE,mid,2016-10-19,False,
INE306C01019,Energy Development Company Limited,ENERGYDEV,ENERGYDEV,small,2007-11-02,False,
INE510A01028,Engineers India Limited,ENGINERSIN,ENGINERSIN,small,1997-08-20,False,
INE265F01028,Entertainment Network (India) Limited,ENIL,ENIL,small,2006-02-15,False,
INE130L01014,Enkei Wheels (India) Limited,ENKEIWHEL,ENKEIWHEL,small,2026-08-17,True,"listed 21 days ago, below the 365-day minimum"
INE1NPP01017,Siemens Energy India Limited,ENRIN,ENRIN,large,2025-06-19,False,
INE010601016,Entero Healthcare Solutions Limited,ENTERO,ENTERO,small,2024-02-16,False,
INE0G5901015,EPACK Durable Limited,EPACK,EPACK,small,2024-01-30,False,
INE0MLS01022,EPack Prefab Technologies Limited,EPACKPEB,EPACKPEB,small,2025-10-01,True,"listed 341 days ago, below the 365-day minimum"
INE071N01016,Epigral Limited,EPIGRAL,EPIGRAL,small,2021-08-18,False,
INE255A01020,EPL Limited,EPL,EPL,small,2002-02-11,False,
INE217G01035,Equippp Social Impact Technologies Limited,EQUIPPP,EQUIPPP,small,2021-05-19,False,
INE063P01018,Equitas Small Finance Bank Limited,EQUITASBNK,EQUITASBNK,small,2020-11-02,True,name matches Financial Services heuristic (unverified)
INE406M01024,Eris Lifesciences Limited,ERIS,ERIS,small,2017-06-29,False,
INE284A01012,Esab India Limited,ESABINDIA,ESABINDIA,small,1995-11-01,False,
INE818W01011,ESAF Small Finance Bank Limited,ESAFSFB,ESAFSFB,small,2023-11-10,True,name matches Financial Services heuristic (unverified)
INE042A01014,Escorts Kubota Limited,ESCORTS,ESCORTS,mid,1995-03-01,False,
INE0DRI01029,ESDS Software Solution Limited,ESDS,ESDS,,2026-09-04,True,"listed 3 days ago, below the 365-day minimum"
INE122M01019,Essar Shipping Limited,ESSARSHPNG,ESSARSHPNG,small,2011-11-15,False,
INE418N01035,Integra Essentia Limited,ESSENTIA,ESSENTIA,small,2013-08-20,False,
INE778B01029,Ester Industries Limited,ESTER,ESTER,small,2011-06-20,False,
INE758T01015,ETERNAL LIMITED,ETERNAL,ETERNAL,large,2021-07-23,False,
INE04TZ01018,Ethos Limited,ETHOSLTD,ETHOSLTD,small,2022-05-30,False,
INE0KCE01017,Eureka Forbes Limited,EUREKAFORB,EUREKAFORB,small,2024-09-11,False,
INE505V01016,Euro Panel Products Limited,EUROBOND,EUROBOND,small,2025-08-01,False,
INE198501012,Euro Pratik Sales Limited,EUROPRATIK,EUROPRATIK,small,2025-09-23,True,"listed 349 days ago, below the 365-day minimum"
INE022C01012,Eurotex Industries and Exports Limited,EUROTEXIND,EUROTEXIND,small,1996-01-31,False,
INE128A01029,Eveready Industries India Limited,EVEREADY,EVEREADY,small,2005-04-27,False,
INE295A01018,Everest Industries Limited,EVERESTIND,EVERESTIND,small,1995-03-29,False,
INE369A01029,Excel Industries Limited,EXCELINDUS,EXCELINDUS,small,2004-06-16,False,
INE606N01019,Excelsoft Technologies Limited,EXCELSOFT,EXCELSOFT,small,2025-11-26,True,"listed 285 days ago, below the 365-day minimum"
INE777F01014,Exicom Tele-Systems Limited,EXICOM,EXICOM,small,2024-03-05,False,
INE302A01020,Exide Industries Limited,EXIDEIND,EXIDEIND,small,2003-06-17,False,
INE201K01015,Expleo Solutions Limited,EXPLEOSOL,EXPLEOSOL,small,2009-10-26,False,
INE0GFE01026,Exxaro Tiles Limited,EXXARO,EXXARO,small,2021-08-16,False,
INE0HF201011,Fabtech Technologies Limited,FABTECH,FABTECH,small,2025-10-07,True,"listed 335 days ago, below the 365-day minimum"
INE188A01015,Fertilizers and Chemicals Travancore Limited,FACT,FACT,mid,1995-04-12,False,
INE0DNW01011,Fairchem Organics Limited,FAIRCHEMOR,FAIRCHEMOR,small,2020-12-24,False,
INE963C01033,Faze Three Limited,FAZE3Q,FAZE3Q,small,2022-11-18,False,
INE045J01034,Fineotex Chemical Limited,FCL,FCL,small,2015-01-15,False,
INE512B01022,FCS Software Solutions Limited,FCSSOFT,FCSSOFT,small,2005-09-21,False,
INE258B01022,FDC Limited,FDC,FDC,small,1997-08-07,False,
INE417D01020,Fedders Holding Limited,FEDDERSHOL,FEDDERSHOL,small,2026-04-20,True,"listed 140 days ago, below the 365-day minimum"
INE171A01029,The Federal Bank  Limited,FEDERALBNK,FEDERALBNK,mid,1995-02-08,True,name matches Financial Services heuristic (unverified)
INE007N01010,Fedbank Financial Services Limited,FEDFINA,FEDFINA,small,2023-11-30,True,name matches Financial Services heuristic (unverified)
INE623B01027,Future Enterprises Limited,FEL,FEL,small,2001-11-05,False,
IN9623B01058,Future Enterprises Limited,FELDVR,FELDVR,,2009-02-13,False,
INE225B01021,Fermenta Biotech Limited,FERMENTA,FERMENTA,small,2026-08-04,True,"listed 34 days ago, below the 365-day minimum"
INE296C01020,Fiberweb (India) Limited,FIBERWEB,FIBERWEB,small,2022-02-16,False,
INE737H01014,Fiem Industries Limited,FIEMIND,FIEMIND,small,2006-10-19,False,
INE816B01035,Filatex India Limited,FILATEX,FILATEX,small,2011-08-29,False,
INE185E01021,Filatex Fashions Limited,FILATFASH,FILATFASH,small,2024-05-06,False,
INE235A01022,Finolex Cables Limited,FINCABLES,FINCABLES,small,1995-02-15,False,
INE686Y01026,Fine Organic Industries Limited,FINEORG,FINEORG,small,2018-07-02,False,
INE734I01027,Finkurve Financial Services Limited,FINKURVE,FINKURVE,small,2025-10-01,True,name matches Financial Services heuristic (unverified)
INE02NC01014,Fino Payments Bank Limited,FINOPB,FINOPB,small,2021-11-12,True,name matches Financial Services heuristic (unverified)
INE183A01024,Finolex Industries Limited,FINPIPE,FINPIPE,small,1995-02-08,False,
INE02RE01045,Brainbees Solutions Limited,FIRSTCRY,FIRSTCRY,small,2024-08-13,False,
INE771F01041,Fischer Medical Ventures Limited,FISCHER,FISCHER,small,2025-07-10,False,
INE128S01021,Five-Star Business Finance Limited,FIVESTAR,FIVESTAR,small,2022-11-21,True,name matches Financial Services heuristic (unverified)
INE00Y201027,Flair Writing Industries Limited,FLAIR,FLAIR,small,2023-12-01,False,
INE060J01017,Flexituff Ventures International Limited,FLEXITUFF,FLEXITUFF,small,2011-10-19,False,
INE452O01016,Future Lifestyle Fashions Limited,FLFL,FLFL,small,2013-10-01,False,
INE09N301011,Gujarat Fluorochemicals Limited,FLUOROCHEM,FLUOROCHEM,mid,2019-10-16,False,
INE529A01010,Federal-Mogul Goetze (India) Limited.,FMGOETZE,FMGOETZE,small,1995-02-08,False,
INE360L01017,Future Market Networks Limited,FMNL,FMNL,small,2010-12-31,False,
INE593W01028,Focus Lighting and Fixtures Limited,FOCUS,,small,2021-11-24,False,
INE976E01023,Foods & Inns Limited,FOODSIN,FOODSIN,small,2021-11-16,False,
INE451A01017,FORCE MOTORS LTD,FORCEMOT,FORCEMOT,small,2024-02-14,False,
INE061F01013,Fortis Healthcare Limited,FORTIS,FORTIS,mid,2007-05-09,False,
INE519A01011,Foseco India Limited,FOSECOIND,FOSECOIND,small,2003-05-05,False,
INE212S01015,Fractal Analytics Limited,FRACTAL,FRACTAL,,2026-02-16,True,"listed 203 days ago, below the 365-day minimum"
INE194R01017,Fredun Pharmaceuticals Limited,FREDUN,FREDUN,small,2026-08-17,True,"listed 21 days ago, below the 365-day minimum"
INE572D01014,Frontier Springs Limited,FRONTSP,FRONTSP,small,2026-04-20,True,"listed 140 days ago, below the 365-day minimum"
INE684F01012,Firstsource Solutions Limited,FSL,FSL,small,2007-02-22,False,
INE139R01012,Fusion Finance Limited,FUSION,FUSION,small,2022-11-15,True,name matches Financial Services heuristic (unverified)
INE524A01029,Gabriel India Limited,GABRIEL,GABRIEL,small,2005-04-20,False,
INE036B01030,Gujarat Ambuja Exports Limited,GAEL,GAEL,small,2000-10-11,False,
INE129A01019,GAIL (India) Limited,GAIL,GAIL,large,1997-04-02,False,
INE18UN01038,Gaja Alternative Asset Management Limited,GAJA,GAJA,,2026-08-26,True,name matches Financial Services heuristic (unverified)
INE0RE001014,Gala Precision Engineering Limited,GALAPREC,GALAPREC,small,2024-09-09,False,
INE600K01018,Galaxy Surfactants Limited,GALAXYSURF,GALAXYSURF,small,2018-02-08,False,
INE297H01019,Gallantt Ispat Limited,GALLANTT,GALLANTT,small,2006-04-04,False,
INE717W01049,Gandhar Oil Refinery (India) Limited,GANDHAR,GANDHAR,small,2023-11-30,False,
INE524B01027,Gandhi Special Tubes Limited,GANDHITUBE,GANDHITUBE,small,2007-01-31,False,
INE845D01014,Ganesha Ecosphere Limited,GANECOS,GANECOS,small,2015-03-09,False,
INE388A01029,Ganesh Benzoplast Limited,GANESHBE,GANESHBE,small,2021-09-16,False,
INE652V01016,Ganesh Consumer Products Limited,GANESHCP,GANESHCP,small,2025-09-29,True,"listed 343 days ago, below the 365-day minimum"
INE460C01014,GANESH HOUSING LIMITED,GANESHHOU,GANESHHOU,small,2007-03-02,False,
INE691Z01023,Ganga Forging Limited,GANGAFORGE,,small,2021-07-06,False,
INE335W01016,Ganges Securities Limited,GANGESSECU,GANGESSECU,small,2017-07-28,False,
INE276A01018,Garware Technical Fibres Limited,GARFIBRES,GARFIBRES,small,2007-04-03,False,
INE0JVO01026,Garuda Construction and Engineering Limited,GARUDA,GARUDA,small,2024-10-15,False,
INE224E01028,GACM Technologies Limited,GATECH,GATECH,small,2016-07-25,False,
INE224E01036,GACM Technologies Limited,GATECHDVR,GATECHDVR,,2017-10-10,False,
INE079J01017,Gateway Distriparks Limited,GATEWAY,GATEWAY,small,2022-03-22,False,
INE0P8B01020,Gaudium IVF and Women Health Limited,GAUDIUMIVF,GAUDIUMIVF,,2026-02-27,True,"listed 192 days ago, below the 365-day minimum"
INE287Z01012,Gayatri Highways Limited,GAYAHWS,GAYAHWS,small,2018-06-28,False,
INE336H01023,Gayatri Projects Limited,GAYAPROJ,GAYAPROJ,small,2011-08-22,False,
INE199P01028,Gretex Corporate Services Limited,GCSL,GCSL,small,2025-09-04,False,
INE916G01016,GeeCee Ventures Limited,GEECEE,GEECEE,small,2006-10-04,False,
INE669X01032,Geekay Wires Limited,GEEKAYWIRE,,small,2020-03-06,False,
INE06XZ01023,Gem Aromatics Limited,GEMAROMA,GEMAROMA,small,2025-08-26,False,
INE854S01022,Generic Engineering Construction and Projects Limited,GENCON,GENCON,small,2021-02-16,False,
INE727B01026,Genesys International Corporation Limited,GENESYS,GENESYS,small,2003-01-23,False,
INE06H201014,Gensol Engineering Limited,GENSOL,GENSOL,small,2023-07-03,False,
INE949P01018,Genus Paper & Boards Limited,GENUSPAPER,GENUSPAPER,small,2015-02-16,False,
INE955D01029,Genus Power Infrastructures Limited,GENUSPOWER,GENUSPOWER,small,2005-07-08,True,name matches Utilities heuristic (unverified)
INE007B01023,Geojit Financial Services Limited,GEOJITFSL,GEOJITFSL,small,2005-07-01,True,name matches Financial Services heuristic (unverified)
INE017A01032,The Great Eastern Shipping Company Limited,GESHIP,GESHIP,small,2006-11-27,False,
INE538A01037,GFL Limited,GFLLIMITED,GFLLIMITED,small,1995-05-25,False,
INE534A01028,Grand Foundry Limited,GFSTEELS,GFSTEELS,small,2019-07-22,False,
INE539A01019,GHCL Limited,GHCL,GHCL,small,2003-07-31,False,
INE0PA801013,GHCL Textiles Limited,GHCLTEXTIL,GHCLTEXTIL,small,2023-06-12,False,
INE289B01019,GIC Housing Finance Limited,GICHSGFIN,GICHSGFIN,small,1996-05-08,True,name matches Financial Services heuristic (unverified)
INE947T01022,Globe International Carriers Limited,GICL,,,2026-02-18,True,"listed 201 days ago, below the 365-day minimum"
INE481Y01014,General Insurance Corporation of India,GICRE,GICRE,mid,2017-10-25,True,name matches Financial Services heuristic (unverified)
INE047B01011,Gillanders Arbuthnot & Company Limited,GILLANDERS,GILLANDERS,small,2009-12-14,False,
INE322A01010,Gillette India Limited,GILLETTE,GILLETTE,small,2003-07-30,False,
INE424C01010,Ginni Filaments Limited,GINNIFILA,GINNIFILA,small,1995-05-10,False,
INE162A01010,Gujarat Industries Power Company Limited,GIPCL,GIPCL,small,1995-02-08,True,name matches Utilities heuristic (unverified)
INE265D01015,GKB Ophthalmics Limited,GKB,GKB,small,2026-08-17,True,"listed 21 days ago, below the 365-day minimum"
INE1AG301022,GK Energy Limited,GKENERGY,GKENERGY,small,2025-09-26,True,"listed 346 days ago, below the 365-day minimum"
INE0V0W01025,Gujarat Kidney And Super Speciality Limited,GKSL,GKSL,small,2025-12-30,True,"listed 251 days ago, below the 365-day minimum"
INE528A01020,GKW Limited,GKWLIMITED,,small,2009-07-20,False,
INE068V01023,Gland Pharma Limited,GLAND,GLAND,small,2020-11-20,False,
INE159A01016,GlaxoSmithKline Pharmaceuticals Limited,GLAXO,GLAXO,mid,2000-12-15,False,
INE935A01035,Glenmark Pharmaceuticals Limited,GLENMARK,GLENMARK,mid,2000-02-07,False,
INE540A01017,Gujarat Lease Financing Limited,GLFL,GLFL,small,1995-02-08,False,
INE291W01037,Global Education Limited,GLOBAL,,small,2020-12-07,False,
INE0URU01010,Globale Tessile Limited,GLOBALE,GLOBALE,small,2024-08-27,False,
INE792H01019,Global Vectra Helicorp Limited,GLOBALVECT,GLOBALVECT,small,2006-10-27,False,
INE581X01021,GLOBE ENTERPRISES (INDIA) LIMITED,GLOBE,,small,2020-10-07,False,
INE0V3U01015,Globe Civil Projects Limited,GLOBECIVIL,GLOBECIVIL,small,2025-07-01,False,
INE615I01010,Globus Spirits Limited,GLOBUSSPR,GLOBUSSPR,small,2009-09-23,False,
INE350Z01018,Gloster Limited,GLOSTERLTD,GLOSTERLTD,small,2024-04-26,False,
INE0TQE01026,Glottis Limited,GLOTTIS,GLOTTIS,small,2025-10-07,True,"listed 335 days ago, below the 365-day minimum"
INE075D01018,GM Breweries Limited,GMBREW,GMBREW,small,1995-08-23,False,
INE131A01031,Gujarat Mineral Development Corporation Limited,GMDCLTD,GMDCLTD,small,1997-12-17,False,
INE541A01023,GMM Pfaudler Limited,GMMPFAUDLR,GMMPFAUDLR,small,2018-03-05,False,
INE776C01039,GMR AIRPORTS LIMITED,GMRAIRPORT,GMRAIRPORT,mid,2006-08-21,False,
INE0CU601026,GMR Power and Urban Infra Limited,GMRP&UI,GMRP&UI,small,2022-03-23,True,name matches Utilities heuristic (unverified)
INE934S01014,GNA Axles Limited,GNA,GNA,small,2016-09-26,False,
INE113A01013,Gujarat Narmada Valley Fertilizers and Chemicals Limited,GNFC,GNFC,small,1995-05-17,False,
INE207H01018,Gujarat Natural Resources Limited,GNRL,GNRL,small,2026-04-20,True,"listed 140 days ago, below the 365-day minimum"
INE426D01013,Goa Carbon Limited,GOACARBON,GOACARBON,small,2007-06-05,False,
INE077F01035,GOCL Corporation Limited,GOCLCORP,GOCLCORP,small,2014-06-26,False,
INE0BJS01011,Go Fashion (India) Limited,GOCOLORS,GOCOLORS,small,2021-11-30,False,
INE497S01012,Godavari Biorefineries Limited,GODAVARIB,GODAVARIB,small,2024-10-30,False,
INE260B01028,Godfrey Phillips India Limited,GODFRYPHLP,GODFRYPHLP,mid,1996-07-24,False,
INE03JT01014,Go Digit General Insurance Limited,GODIGIT,GODIGIT,small,2024-05-23,True,name matches Financial Services heuristic (unverified)
INE850D01014,Godrej Agrovet Limited,GODREJAGRO,GODREJAGRO,small,2017-10-16,False,
INE102D01028,Godrej Consumer Products Limited,GODREJCP,GODREJCP,large,2001-06-20,False,
INE233A01035,Godrej Industries Limited,GODREJIND,GODREJIND,mid,2003-02-25,False,
INE484J01027,Godrej Properties Limited,GODREJPROP,GODREJPROP,mid,2010-01-05,False,
INE887G01027,Gokaldas Exports Limited,GOKEX,GOKEX,small,2005-04-27,False,
INE020J01029,Gokul Refoils and Solvent Limited,GOKUL,GOKUL,small,2008-06-04,False,
INE314T01033,Gokul Agro Resources Limited,GOKULAGRO,GOKULAGRO,small,2016-03-11,False,
INE973A01010,Golden Tobacco Limited,GOLDENTOBC,GOLDENTOBC,small,1995-02-08,False,
INE025B01025,Goldiam International Limited,GOLDIAM,GOLDIAM,small,2005-08-29,False,
INE805A01014,AION-TECH SOLUTIONS LIMITED,GOLDTECH,GOLDTECH,small,2001-04-11,False,
INE127I01024,Goodluck India Limited,GOODLUCK,GOODLUCK,small,2015-01-08,False,
INE533A01012,Goodyear India Limited,GOODYEAR,GOODYEAR,small,2026-04-20,True,"listed 140 days ago, below the 365-day minimum"
INE0L9R01028,Gopal Snacks Limited,GOPAL,GOPAL,small,2024-03-14,False,
INE705X01026,Goyal Aluminiums Limited,GOYALALUM,GOYALALUM,small,2022-11-04,False,
INE177H01039,Godawari Power And Ispat limited,GPIL,GPIL,small,2006-04-25,True,name matches Utilities heuristic (unverified)
INE517F01014,Gujarat Pipavav Port Limited,GPPL,GPPL,small,2010-09-09,False,
INE486R01017,GPT Healthcare Limited,GPTHEALTH,GPTHEALTH,small,2024-02-29,False,
INE390G01014,GPT Infraprojects Limited,GPTINFRA,GPTINFRA,small,2016-07-11,False,
INE361K01017,Gradiente Infotainment Limited,GRADIENTE,,,2026-05-08,True,"listed 122 days ago, below the 365-day minimum"
INE926B01016,Grand Oak Canyons Distillery Limited,GRANDOAK,GRANDOAK,small,2026-04-20,True,"listed 140 days ago, below the 365-day minimum"
INE101D01020,Granules India Limited,GRANULES,GRANULES,small,2005-06-20,False,
INE371A01025,Graphite India Limited,GRAPHITE,GRAPHITE,small,2003-02-07,False,
INE047A01021,Grasim Industries Limited,GRASIM,GRASIM,large,1995-05-10,False,
INE266D01021,Grauer & Weil India Limited,GRAUWEIL,GRAUWEIL,small,2026-04-20,True,"listed 140 days ago, below the 365-day minimum"
INE214F01026,Graviss Hospitality Limited,GRAVISSHO,GRAVISSHO,small,2026-04-20,True,"listed 140 days ago, below the 365-day minimum"
INE024L01027,Gravita India Limited,GRAVITA,GRAVITA,small,2010-11-16,False,
INE224A01026,Greaves Cotton Limited,GREAVESCOT,GREAVESCOT,small,2004-09-09,False,
INE544R01021,Greenlam Industries Limited,GREENLAM,GREENLAM,small,2015-03-02,False,
INE08ZM01014,Greenpanel Industries Limited,GREENPANEL,GREENPANEL,small,2019-10-23,False,
INE461C01038,Greenply Industries Limited,GREENPLY,GREENPLY,small,1996-03-06,False,
INE999K01014,Orient Green Power Company Limited,GREENPOWER,GREENPOWER,small,2010-10-08,True,name matches Utilities heuristic (unverified)
INE536A01023,Grindwell Norton Limited,GRINDWELL,GRINDWELL,small,2006-09-11,False,
INE201P01022,G R Infraprojects Limited,GRINFRA,GRINFRA,small,2021-07-19,False,
INE192H01020,GRM Overseas Limited,GRMOVER,GRMOVER,small,2022-09-07,False,
INE646C01018,The Grob Tea Company Limited,GROBTEA,,small,2016-07-14,False,
INE0HOQ01053,Billionbrains Garage Ventures Limited,GROWW,GROWW,mid,2025-11-12,True,"listed 299 days ago, below the 365-day minimum"
INE137I01015,GRP Limited,GRPLTD,GRPLTD,small,2015-02-12,False,
INE382Z01011,Garden Reach Shipbuilders & Engineers Limited,GRSE,GRSE,small,2018-10-10,False,
INE291A01017,Garware Hi-Tech Films Limited,GRWRHITECH,GRWRHITECH,small,2022-02-03,False,
INE026A01025,Gujarat State Fertilizers & Chemicals Limited,GSFC,GSFC,small,1995-09-06,False,
INE0JSX01015,Global Surfaces Limited,GSLSU,GSLSU,small,2023-03-23,False,
INE713R01022,GSP Crop Science Limited,GSPCROP,GSPCROP,,2026-03-24,True,"listed 167 days ago, below the 365-day minimum"
INE871H01011,GSS Infotech Limited,GSS,GSS,small,2008-03-07,False,
INE586X01012,G-TEC JAINX EDUCATION LIMITED,GTECJAINX,,small,2020-11-13,False,
INE043A01012,GTL Limited,GTL,GTL,small,1995-03-29,False,
INE221H01019,GTL Infrastructure Limited,GTLINFRA,GTLINFRA,small,2006-11-09,False,
INE869I01013,GTPL Hathway Limited,GTPL,GTPL,small,2017-07-04,False,
INE742B01025,Gufic Biosciences Limited,GUFICBIO,GUFICBIO,small,2004-10-19,False,
INE186A01019,Gujarat Alkalies and Chemicals Limited,GUJALKALI,GUJALKALI,small,1997-08-07,False,
INE826C01016,Gujarat Apollo Industries Limited,GUJAPOLLO,GUJAPOLLO,small,2007-06-04,False,
INE844O01030,GUJARAT ENERGY LIMITED,GUJENERGY,GUJENERGY,small,2015-09-15,False,
INE610B01024,Gujarat Raffia Industries Limited,GUJRAFFIA,GUJRAFFIA,small,1996-10-09,False,
INE942C01045,Gujarat Themis Biosyn Limited,GUJTHEM,GUJTHEM,small,2025-02-25,False,
INE635Q01029,Gulf Oil Lubricants India Limited,GULFOILLUB,GULFOILLUB,small,2014-07-31,False,
INE586G01017,GP Petroleums Limited,GULFPETRO,GULFPETRO,small,2004-09-24,False,
INE255D01024,Gulshan Polyols Limited,GULPOLY,GULPOLY,small,2015-01-28,False,
INE251H01024,GVK Power & Infrastructure Limited,GVKPIL,GVKPIL,small,2006-02-27,True,name matches Utilities heuristic (unverified)
INE878A01011,GE Power India Limited,GVPIL,GVPIL,small,2000-04-19,True,name matches Utilities heuristic (unverified)
INE382T01030,GVP Infotech Limited,GVPTECH,,small,2022-09-06,False,
INE200A01026,GE Vernova T&D India Limited,GVT&D,GVT&D,mid,2008-06-30,False,
INE724A01017,Gyftr Limited,GYFTR,GYFTR,small,2026-07-10,True,"listed 59 days ago, below the 365-day minimum"
INE066F01020,Hindustan Aeronautics Limited,HAL,HAL,large,2018-03-28,False,
INE115S01010,Halder Venture Limited,HALDER,HALDER,small,2026-01-19,True,"listed 231 days ago, below the 365-day minimum"
INE506D01020,Haldyn Glass Limited,HALDYNGL,HALDYNGL,small,2026-04-20,True,"listed 140 days ago, below the 365-day minimum"
INE320X01016,HALEOS LABS LIMITED,HALEOSLABS,HALEOSLABS,small,2017-08-17,False,
INE299D01022,Hampton Sky Realty Limited,HAMPTON,HAMPTON,small,2026-08-17,True,"listed 21 days ago, below the 365-day minimum"
INE419U01012,Happiest Minds Technologies Limited,HAPPSTMNDS,HAPPSTMNDS,small,2020-09-17,False,
INE330T01021,Happy Forgings Limited,HAPPYFORGE,HAPPYFORGE,small,2023-12-27,False,
INE626Z01029,Hardwyn India Limited,HARDWYN,HARDWYN,small,2022-04-12,False,
INE00EV01017,Hariom Pipe Industries Limited,HARIOMPIPE,HARIOMPIPE,small,2022-04-13,False,
INE544A01019,Harrisons  Malayalam Limited,HARRMALAYA,HARRMALAYA,small,1995-02-08,False,
INE0JUS01029,Harsha Engineers International Limited,HARSHA,HARSHA,small,2022-09-26,False,
INE982F01036,Hathway Cable & Datacom Limited,HATHWAY,HATHWAY,small,2010-02-25,False,
INE473B01035,Hatsun Agro Product Limited,HATSUN,HATSUN,small,2014-06-20,False,
INE176B01034,Havells India Limited,HAVELLS,HAVELLS,mid,2001-03-21,False,
INE293B01029,Sri Havisha Hospitality and Infrastructure Limited,HAVISHA,HAVISHA,small,2000-02-16,False,
INE979B01015,Hawkins Cookers Limited,HAWKINCOOK,HAWKINCOOK,small,2026-04-20,True,"listed 140 days ago, below the 365-day minimum"
INE550F01049,Hazoor Multi Projects Limited,HAZOOR,HAZOOR,small,2026-08-17,True,"listed 21 days ago, below the 365-day minimum"
INE640B01021,HB Estate Developers Limited,HBESD,HBESD,small,2026-04-20,True,"listed 140 days ago, below the 365-day minimum"
INE292B01021,HBL Engineering Limited,HBLENGINE,HBLENGINE,small,2007-01-04,False,
INE638B01025,HB Portfolio Limited,HBPOR,HBPOR,small,2026-08-17,True,"listed 21 days ago, below the 365-day minimum"
INE550B01022,HB Stockholdings Limited,HBSL,HBSL,small,2018-07-23,False,
INE549A01026,Hindustan Construction Company Limited,HCC,HCC,small,2003-04-01,False,
INE075I01017,Healthcare Global Enterprises Limited,HCG,HCG,small,2016-03-30,False,
INE236A01020,HCL Infosystems Limited,HCL-INSYS,HCL-INSYS,small,1997-01-01,False,
INE860A01027,HCL Technologies Limited,HCLTECH,HCLTECH,large,2000-01-06,False,
INE756I01012,HDB Financial Services Limited,HDBFS,HDBFS,mid,2025-07-02,True,name matches Financial Services heuristic (unverified)
INE127D01025,HDFC Asset Management Company Limited,HDFCAMC,HDFCAMC,large,2018-08-06,True,name matches Financial Services heuristic (unverified)
INE040A01034,HDFC Bank Limited,HDFCBANK,HDFCBANK,large,1995-11-08,True,name matches Financial Services heuristic (unverified)
INE795G01014,HDFC Life Insurance Company Limited,HDFCLIFE,HDFCLIFE,large,2017-11-17,True,name matches Financial Services heuristic (unverified)
INE191I01012,Housing Development and Infrastructure Limited,HDIL,HDIL,small,2007-07-24,False,
INE759V01019,Heads UP Ventures Limited,HEADSUP,HEADSUP,small,2016-12-14,False,
INE019J01013,Health X Platform Limited,HEALTHX,HEALTHX,small,2010-10-05,False,
INE558R01013,HEC Infra Projects Limited,HECPROJECT,,small,2021-12-30,False,
INE545A01024,HEG Limited,HEG,HEG,small,1995-05-10,False,
INE578A01017,HeidelbergCement India Limited,HEIDELBERG,HEIDELBERG,small,1995-03-15,False,
INE0AJG01018,Hemisphere Properties India Limited,HEMIPROP,HEMIPROP,small,2020-10-22,False,
INE694N01015,Heranba Industries Limited,HERANBA,HERANBA,small,2021-03-05,False,
INE978A01027,Heritage Foods Limited,HERITGFOOD,HERITGFOOD,small,1996-11-27,False,
INE158A01026,Hero MotoCorp Limited,HEROMOTOCO,HEROMOTOCO,large,2003-04-11,False,
INE782E01017,Hester Biosciences Limited,HESTERBIO,HESTERBIO,small,2015-03-13,False,
INE0JUI01012,Hexagon Nutrition Limited,HEXAGON,HEXAGON,,2026-06-12,True,"listed 87 days ago, below the 365-day minimum"
INE750M01017,Hexa Tradex Limited,HEXATRADEX,HEXATRADEX,small,2012-04-20,False,
INE093A01041,Hexaware Technologies Limited,HEXT,HEXT,mid,2025-02-19,False,
INE548A01028,HFCL Limited,HFCL,HFCL,small,2011-03-09,False,
INE926X01010,H.G. Infra Engineering Limited,HGINFRA,HGINFRA,small,2018-03-09,False,
INE596H01014,HandsOn Global Management (HGM) Limited,HGM,HGM,small,2006-09-27,False,
INE170I01016,Hinduja Global Solutions Limited,HGS,HGS,small,2007-06-19,False,
INE475B01022,Hikal Limited,HIKAL,HIKAL,small,2001-02-14,False,
INE00RL01028,Highway Infrastructure Limited,HILINFRA,HILINFRA,small,2025-08-12,False,
INE788H01017,Hilton Metal Forging Limited,HILTON,HILTON,small,2007-05-24,False,
INE049A01027,Himatsingka Seide Limited,HIMATSEIDE,HIMATSEIDE,small,1995-02-08,False,
INE074C01013,Hindustan Adhesives Limited,HINDADH,HINDADH,small,2026-08-17,True,"listed 21 days ago, below the 365-day minimum"
INE038A01020,Hindalco Industries Limited,HINDALCO,HINDALCO,large,1997-01-08,False,
INE227B01019,Hind Aluminium Industries Limited,HINDALUMI,HINDALUMI,small,2026-08-17,True,"listed 21 days ago, below the 365-day minimum"
INE310C01029,Hindustan Composites Limited,HINDCOMPOS,HINDCOMPOS,small,1996-05-08,False,
INE642Y01029,Hindcon Chemicals Limited,HINDCON,,small,2021-07-05,False,
INE531E01026,Hindustan Copper Limited,HINDCOPPER,HINDCOPPER,small,2010-09-15,False,
INE345A01011,Hindustan Oil Exploration Company Limited,HINDOILEXP,HINDOILEXP,small,2003-09-23,False,
INE094A01015,Hindustan Petroleum Corporation Limited,HINDPETRO,HINDPETRO,mid,1998-06-17,False,
INE030A01027,Hindustan Unilever Limited,HINDUNILVR,HINDUNILVR,large,1995-07-06,False,
INE05AN01011,Hindware Home Innovation Limited,HINDWAREAP,HINDWAREAP,small,2019-12-26,False,
INE267A01025,Hindustan Zinc Limited,HINDZINC,HINDZINC,large,2006-11-21,False,
INE835D01023,Hirect Limited,HIRECT,HIRECT,small,2006-12-26,False,
INE598C01011,Hisar Metal Industries Limited,HISARMETAL,HISARMETAL,small,2017-01-05,False,
INE106T01025,Hi-Tech Pipes Limited,HITECH,HITECH,small,2018-05-07,False,
INE120D01012,Hitech Corporation Limited,HITECHCORP,HITECHCORP,small,2007-12-20,False,
INE127B01011,The Hi-Tech Gears Limited,HITECHGEAR,HITECHGEAR,small,2002-01-21,False,
INE461D01028,HLE Glascoat Limited,HLEGLAS,HLEGLAS,small,2023-02-09,False,
INE102A01024,HLV LIMITED,HLVLTD,HLVLTD,small,1995-07-19,False,
INE0ECP01024,HMA Agro Industries Limited,HMAAGRO,HMAAGRO,small,2023-07-04,False,
INE262A01018,HMT Limited,HMT,HMT,small,2003-08-29,False,
INE871K01015,Hindustan Media Ventures Limited,HMVL,HMVL,small,2010-07-21,False,
INE254N01026,Hindustan Foods Limited,HNDFDS,HNDFDS,small,2023-06-06,False,
INE481N01025,Home First Finance Company India Limited,HOMEFIRST,HOMEFIRST,small,2021-02-03,True,name matches Financial Services heuristic (unverified)
INE0J5401028,Honasa Consumer Limited,HONASA,HONASA,small,2023-11-07,False,
INE671A01010,Honeywell Automation India Limited,HONAUT,HONAUT,small,2003-07-18,False,
INE634A01018,Honda India Power Products Limited,HONDAPOWER,HONDAPOWER,small,2003-04-01,True,name matches Utilities heuristic (unverified)
INE685T01010,Horizon Industrial Parks Limited,HORIZONIND,HORIZONIND,,2026-08-24,True,"listed 14 days ago, below the 365-day minimum"
INE0GSL01024,HP Adhesives Limited,HPAL,HPAL,small,2021-12-27,False,
INE05X901010,Hindprakash Industries Limited,HPIL,HPIL,small,2022-11-07,False,
INE495S01016,HPL Electric & Power Limited,HPL,HPL,small,2016-10-04,True,name matches Utilities heuristic (unverified)
INE400G01011,Hariyana Ship Breakers Limited,HRYNSHP,HRYNSHP,small,2026-08-17,True,"listed 21 days ago, below the 365-day minimum"
INE019C01026,Himadri Speciality Chemical Limited,HSCL,HSCL,small,2007-03-02,False,
INE0LEG01024,Hy-Tech Engineers Limited,HTEL,HTEL,,2026-09-01,True,"listed 6 days ago, below the 365-day minimum"
INE501G01024,HT Media Limited,HTMEDIA,HTMEDIA,small,2005-09-01,False,
INE703H01016,Hubtown Limited,HUBTOWN,HUBTOWN,small,2007-02-07,False,
INE031A01017,Housing & Urban Development Corporation Limited,HUDCO,HUDCO,mid,2017-05-19,False,
INE275B01026,Huhtamaki India Limited,HUHTAMAKI,HUHTAMAKI,small,2004-10-01,False,
INE965B01022,Hybrid Financial Services Limited,HYBRIDFIN,HYBRIDFIN,small,2022-12-05,True,name matches Financial Services heuristic (unverified)
INE0V6F01027,Hyundai Motor India Limited,HYUNDAI,HYUNDAI,large,2024-10-22,False,
INE126M01010,Indiabulls Limited,IBULLSLTD,IBULLSLTD,small,2011-08-18,False,
INE613B01010,ICDS Limited,ICDSLTD,ICDSLTD,small,1999-11-17,False,
INE520Y01019,Ice Make Refrigeration Limited,ICEMAKE,,small,2020-10-12,False,
INE346A01027,ICICI Prudential Asset Management Company Limited,ICICIAMC,ICICIAMC,large,2025-12-19,True,name matches Financial Services heuristic (unverified)
INE090A01021,ICICI Bank Limited,ICICIBANK,ICICIBANK,large,1997-09-17,True,name matches Financial Services heuristic (unverified)
INE765G01017,ICICI Lombard General Insurance Company Limited,ICICIGI,ICICIGI,mid,2017-09-27,True,name matches Financial Services heuristic (unverified)
INE726G01019,ICICI Prudential Life Insurance Company Limited,ICICIPRULI,ICICIPRULI,mid,2016-09-29,True,name matches Financial Services heuristic (unverified)
INE483B01026,Indo Count Industries Limited,ICIL,ICIL,small,2005-09-12,False,
INE725G01011,ICRA Limited,ICRA,ICRA,small,2007-04-13,False,
INE008A01015,IDBI Bank Limited,IDBI,IDBI,mid,1995-09-20,True,name matches Financial Services heuristic (unverified)
INE669E01016,Vodafone Idea Limited,IDEA,IDEA,mid,2007-03-09,False,
INE349Y01013,Ideaforge Technology Limited,IDEAFORGE,IDEAFORGE,small,2023-07-07,False,
INE092T01019,IDFC First Bank Limited,IDFCFIRSTB,IDFCFIRSTB,mid,2015-11-06,True,name matches Financial Services heuristic (unverified)
INE022Q01020,Indian Energy Exchange Limited,IEX,IEX,small,2017-10-23,False,
INE076C01018,IFB Agro Industries Limited,IFBAGRO,IFBAGRO,small,1996-04-03,False,
INE559A01017,IFB Industries Limited,IFBIND,IFBIND,small,1995-03-29,False,
INE039A01010,IFCI Limited,IFCI,IFCI,small,1995-04-26,False,
INE133Y01011,IFGL Refractories Limited,IFGLEXPOR,IFGLEXPOR,small,2017-11-14,False,
INE188B01013,Igarashi Motors India Limited,IGARASHI,IGARASHI,small,2003-10-09,False,
INE05J901018,Indogulf Cropsciences Limited,IGCL,IGCL,small,2025-07-03,False,
INE0Q9301021,International Gemological Institute Limited,IGIL,IGIL,small,2024-12-20,False,
INE203G01027,Indraprastha Gas Limited,IGL,IGL,small,2003-12-26,True,name matches Utilities heuristic (unverified)
INE204A01010,IG Petrochemicals Limited,IGPL,IGPL,small,2007-01-29,False,
INE530B01024,IIFL Finance Limited,IIFL,IIFL,small,2005-05-17,True,name matches Financial Services heuristic (unverified)
INE489L01022,IIFL Capital Services Limited,IIFLCAPS,IIFLCAPS,small,2019-09-20,True,name matches Financial Services heuristic (unverified)
INE886A01014,Industrial Investment Trust Limited,IITL,IITL,small,2010-08-17,True,"name matches Trust/REIT/InvIT heuristic (unverified) - likely an investment/holding company rather than a literal REIT/InvIT, see decision 0002"
INE0LOJ01019,IKIO Technologies Limited,IKIO,IKIO,small,2023-06-16,False,
INE115Q01022,Inventurus Knowledge Solutions Limited,IKS,IKS,small,2024-12-19,False,
INE369I01014,IL&FS Engineering and Construction Company Limited,IL&FSENGG,IL&FSENGG,small,2007-10-25,False,
INE975G01012,IL&FS Transportation Networks Limited,IL&FSTRANS,IL&FSTRANS,small,2010-03-30,False,
INE172N01012,Imagicaaworld Entertainment Limited,IMAGICAA,IMAGICAA,small,2015-04-06,False,
INE919H01018,Indian Metals & Ferro Alloys Limited,IMFA,IMFA,small,2010-07-23,False,
INE547E01014,India Motor Parts and Accessories Limited,IMPAL,IMPAL,small,2005-10-07,False,
INE691G01015,Impex Ferro Tech Limited,IMPEXFERRO,IMPEXFERRO,small,2005-02-03,False,
INE0LGX01024,Insolation Energy Limited,INA,INA,small,2026-03-09,True,"listed 182 days ago, below the 365-day minimum"
INE452L01012,INCREDIBLE INDUSTRIES LIMITED,INCREDIBLE,INCREDIBLE,small,2016-07-01,False,
INE841B01017,Indbank Merchant Banking Services Limited,INDBANK,INDBANK,small,2008-10-08,True,name matches Financial Services heuristic (unverified)
INE065X01017,Indegene Limited,INDGN,INDGN,small,2024-05-13,False,
INE053A01029,The Indian Hotels Company Limited,INDHOTEL,INDHOTEL,large,1996-07-03,False,
INE383A01012,The India Cements Limited,INDIACEM,INDIACEM,small,2000-05-31,False,
INE560A01023,India Glycols Limited,INDIAGLYCO,INDIAGLYCO,small,2005-07-01,False,
INE933S01016,Indiamart Intermesh Limited,INDIAMART,INDIAMART,small,2019-07-04,False,
INE562A01011,Indian Bank,INDIANB,INDIANB,mid,2007-03-01,True,name matches Financial Services heuristic (unverified)
INE061A01014,Indian Card Clothing Company Limited,INDIANCARD,INDIANCARD,small,1997-01-08,False,
INE323C01030,Indian Hume Pipe Company Limited,INDIANHUME,INDIANHUME,small,1995-08-30,False,
INE922K01024,India Shelter Finance Corporation Limited,INDIASHLTR,INDIASHLTR,small,2023-12-20,True,name matches Financial Services heuristic (unverified)
INE646L01027,InterGlobe Aviation Limited,INDIGO,INDIGO,large,2015-11-10,False,
INE09VQ01012,Indigo Paints Limited,INDIGOPNTS,INDIGOPNTS,small,2021-02-02,False,
INE06ST01018,Indiqube Spaces Limited,INDIQUBE,INDIQUBE,small,2025-07-30,False,
INE092B01025,India Nippon Electricals Limited,INDNIPPON,INDNIPPON,small,1997-05-07,True,name matches Utilities heuristic (unverified)
INE760F01028,Indo Amines Limited,INDOAMIN,INDOAMIN,small,2022-04-29,False,
INE803D01021,Indo Borax & Chemicals Limited,INDOBORAX,INDOBORAX,small,2022-03-29,False,
INE873D01024,Indoco Remedies Limited,INDOCO,INDOCO,small,2005-01-14,False,
INE622H01018,Indo Farm Equipment Limited,INDOFARM,INDOFARM,small,2025-01-07,False,
INE716F01012,Indokem Limited,INDOKEM,INDOKEM,small,2026-08-17,True,"listed 21 days ago, below the 365-day minimum"
INE084101034,INDO-MIM Limited,INDOMIM,INDOMIM,,2026-07-30,True,"listed 39 days ago, below the 365-day minimum"
INE156A01020,Indo Rama Synthetics (India) Limited,INDORAMA,INDORAMA,small,2003-06-20,False,
INE896L01010,IndoStar Capital Finance Limited,INDOSTAR,INDOSTAR,small,2018-05-21,True,name matches Financial Services heuristic (unverified)
INE332H01014,Indo Tech Transformers Limited,INDOTECH,INDOTECH,small,2006-03-16,False,
INE337M01021,Indo Thai Securities Limited,INDOTHAI,INDOTHAI,small,2011-11-02,False,
INE250Z01010,Indo Us Biotech Limited,INDOUS,INDOUS,small,2024-09-27,False,
INE227G01018,Indowind Energy Limited,INDOWIND,INDOWIND,small,2007-09-14,False,
INE620D01011,Industrial & Prudential Investment Company Limited,INDPRUD,INDPRUD,small,2026-04-20,True,"listed 140 days ago, below the 365-day minimum"
INE681B01017,Indraprastha Medical Corporation Limited,INDRAMEDCO,INDRAMEDCO,small,1997-04-17,False,
INE915B01019,Ind-Swift Laboratories Limited,INDSWFTLAB,INDSWFTLAB,small,1997-07-02,False,
INE611L01021,Indian Terrain Fashions Limited,INDTERRAIN,INDTERRAIN,small,2011-03-11,False,
INE095A01012,IndusInd Bank Limited,INDUSINDBK,INDUSINDBK,mid,1998-01-28,True,name matches Financial Services heuristic (unverified)
INE121J01017,Indus Towers Limited,INDUSTOWER,INDUSTOWER,mid,2012-12-28,False,
INE344S01016,InfoBeans Technologies Limited,INFOBEAN,INFOBEAN,small,2019-07-15,False,
INE669A01022,Infomedia Press Limited,INFOMEDIA,INFOMEDIA,small,2006-10-12,False,
INE009A01021,Infosys Limited,INFY,INFY,large,1995-02-08,False,
INE177A01018,Ingersoll Rand (India) Limited,INGERRAND,INGERRAND,small,1999-04-15,False,
INE0DUT01020,Innova Captab Limited,INNOVACAP,INNOVACAP,small,2023-12-29,False,
INE403Y01018,Innovana Thinklabs Limited,INNOVANA,INNOVANA,small,2024-12-17,False,
INE0ADB01012,Innovision Limited,INNOVISION,INNOVISION,,2026-03-23,True,"listed 168 days ago, below the 365-day minimum"
INE510W01014,Inox Green Energy Services Limited,INOXGREEN,INOXGREEN,small,2022-11-23,False,
INE616N01034,INOX India Limited,INOXINDIA,INOXINDIA,small,2023-12-21,False,
INE066P01011,Inox Wind Limited,INOXWIND,INOXWIND,small,2015-04-09,False,
INE070I01018,Insecticides (India) Limited,INSECTICID,INSECTICID,small,2007-05-30,False,
INE020G01017,Inspirisys Solutions Limited,INSPIRISYS,INSPIRISYS,small,2006-10-30,False,
INE306R01017,Intellect Design Arena Limited,INTELLECT,INTELLECT,small,2014-12-18,False,
INE781A01025,Intense Technologies Limited,INTENTECH,INTENTECH,small,2017-03-23,False,
INE00M901018,Interarch Building Solutions Limited,INTERARCH,INTERARCH,small,2024-08-26,False,
INE575C01027,International Conveyors Limited,INTLCONV,INTLCONV,small,2021-09-16,False,
INE878H01024,Inventure Growth & Securities Limited,INVENTURE,INVENTURE,small,2011-08-04,False,
INE155E01016,Investment & Precision Castings Limited,INVPRECQ,INVPRECQ,small,2026-04-20,True,"listed 140 days ago, below the 365-day minimum"
INE565A01014,Indian Overseas Bank,IOB,IOB,mid,2000-12-07,True,name matches Financial Services heuristic (unverified)
INE242A01010,Indian Oil Corporation Limited,IOC,IOC,large,1996-07-24,False,
INE485C01029,IOL Chemicals and Pharmaceuticals Limited,IOLCP,IOLCP,small,2010-11-08,False,
INE570A01022,ION Exchange (India) Limited,IONEXCHANG,IONEXCHANG,small,2022-02-22,False,
INE571A01038,IPCA Laboratories Limited,IPCALAB,IPCALAB,mid,1995-02-08,False,
INE0D6701023,India Pesticides Limited,IPL,IPL,small,2021-07-05,False,
INE558A01019,IP Rings Limited,IPRINGLTD,IPRINGLTD,small,2026-08-17,True,"listed 21 days ago, below the 365-day minimum"
INE821I01022,IRB Infrastructure Developers Limited,IRB,IRB,small,2008-02-25,False,
INE962Y01021,Ircon International Limited,IRCON,IRCON,small,2018-09-28,False,
INE335Y01020,Indian Railway Catering And Tourism Corporation Limited,IRCTC,IRCTC,mid,2019-10-14,False,
INE202E01016,Indian Renewable Energy Development Agency Limited,IREDA,IREDA,mid,2023-11-29,False,
INE053F01010,Indian Railway Finance Corporation Limited,IRFC,IRFC,large,2021-01-29,True,name matches Financial Services heuristic (unverified)
INE864K01010,IRIS RegTech Solutions Limited,IRIS,IRIS,small,2021-11-08,False,
INE01GN01025,Iris Clothings Limited,IRISDOREME,,small,2021-02-22,False,
INE07U701015,IRM Energy Limited,IRMENERGY,IRMENERGY,small,2023-10-26,False,
INE566K01011,Intrasoft Technologies Limited,ISFT,ISFT,small,2010-04-12,False,
INE858B01029,Isgec Heavy Engineering Limited,ISGEC,ISGEC,small,2021-05-05,False,
INE561M01018,Ishan Dyes and Chemicals Limited,ISHANCH,ISHANCH,small,2025-03-24,False,
INE684B01029,I S T Limited,ISTLTD,ISTLTD,small,2026-08-17,True,"listed 21 days ago, below the 365-day minimum"
INE154A01025,ITC Limited,ITC,ITC,large,1995-08-23,False,
INE379A01028,ITC Hotels Limited,ITCHOTELS,ITCHOTELS,mid,2025-01-29,False,
INE353K01014,India Tourism Development Corporation Limited,ITDC,ITDC,small,2016-12-30,False,
INE248A01017,ITI Limited,ITI,ITI,small,2003-09-15,False,
INE478D01014,ITL Industries Limited,ITL,ITL,small,2026-08-17,True,"listed 21 days ago, below the 365-day minimum"
INE056801025,Ivalue Infosolutions Limited,IVALUE,IVALUE,small,2025-09-25,True,"listed 347 days ago, below the 365-day minimum"
INE050B01023,IL&FS Investment Managers Limited,IVC,IVC,small,1999-09-15,False,
INE043C01018,IVP Limited,IVP,IVP,small,1995-09-13,False,
INE586E01020,The Indian Wood Products Company Limited,IWP,IWP,small,2026-04-20,True,"listed 140 days ago, below the 365-day minimum"
INE0HV901016,Le Travenues Technology Limited,IXIGO,IXIGO,small,2024-06-18,False,
INE848A01014,IZMO Limited,IZMO,IZMO,small,2007-02-05,False,
INE168A01041,The Jammu & Kashmir Bank Limited,J&KBANK,J&KBANK,small,1998-07-22,True,name matches Financial Services heuristic (unverified)
INE199G01027,Jagran Prakashan Limited,JAGRAN,JAGRAN,small,2006-02-22,False,
INE048B01035,Jagsonpal Pharmaceuticals Limited,JAGSNPHARM,JAGSNPHARM,small,2000-03-01,False,
INE091G01026,Jai Balaji Industries Limited,JAIBALAJI,JAIBALAJI,small,2003-12-09,False,
INE070D01027,Jai Corp Limited,JAICORPLTD,JAICORPLTD,small,1997-11-26,False,
INE0YD401026,Jain Resource Recycling Limited,JAINREC,JAINREC,small,2025-10-01,True,"listed 341 days ago, below the 365-day minimum"
INE696V01013,Nandani Creation Limited,JAIPURKURT,,small,2021-09-02,False,
INE039C01032,Jamna Auto Industries Limited,JAMNAAUTO,JAMNAAUTO,small,2010-12-10,False,
INE00YJ01010,Jaro Institute of Technology Management and Research Limited,JARO,JARO,small,2025-09-30,True,"listed 342 days ago, below the 365-day minimum"
INE039O01029,Jash Engineering Limited,JASH,JASH,small,2019-10-30,False,
INE785A01026,Jayant Agro Organics Limited,JAYAGROGN,JAYAGROGN,small,1996-04-17,False,
INE571B01036,Jay Bharat Maruti Limited,JAYBARMARU,JAYBARMARU,small,1996-01-03,False,
INE903A01025,Jaykay Enterprises Limited,JAYKAY,JAYKAY,small,2025-12-03,True,"listed 278 days ago, below the 365-day minimum"
INE903A20025,Jaykay Enterprises Limited-RE,JAYKAY-RE1,JAYKAY-RE1,,2026-09-07,True,"listed 0 days ago, below the 365-day minimum"
INE854B01010,Jayaswal Neco Industries Limited,JAYNECOIND,JAYNECOIND,small,1995-05-10,False,
INE364A01020,Jayshree Tea & Industries Limited,JAYSREETEA,JAYSREETEA,small,1995-02-15,False,
INE927D01051,JBM Auto Limited,JBMA,JBMA,small,2004-12-17,False,
INE354A01013,Jenburkt Pharmaceuticals Limited,JENBURPH,JENBURPH,small,2026-08-17,True,"listed 21 days ago, below the 365-day minimum"
INE982V01025,Jet Freight Logistics Limited,JETFREIGHT,JETFREIGHT,small,2021-12-21,False,
INE0MB501011,J.G.Chemicals Limited,JGCHEM,JGCHEM,small,2024-03-13,False,
INE544H01014,JHS Svendgaard Laboratories Limited,JHS,JHS,small,2006-10-21,False,
INE796G01012,Jindal Photo Limited,JINDALPHOT,JINDALPHOT,small,2005-04-07,False,
INE197D01010,Jindal Poly Films Limited,JINDALPOLY,JINDALPOLY,small,2002-01-21,False,
INE324A01032,Jindal Saw Limited,JINDALSAW,JINDALSAW,small,2003-04-29,False,
INE749A01030,JINDAL STEEL LIMITED,JINDALSTEL,JINDALSTEL,mid,1999-12-29,False,
INE742C01031,Jindal Drilling And Industries Limited,JINDRILL,JINDRILL,small,2006-12-22,False,
INE247D01039,Jindal Worldwide Limited,JINDWORLD,JINDWORLD,small,2010-11-25,False,
INE758E01017,Jio Financial Services Limited,JIOFIN,JIOFIN,large,2023-08-21,True,name matches Financial Services heuristic (unverified)
IN9175A01010,Jain Irrigation Systems Limited,JISLDVREQS,JISLDVREQS,,2011-11-30,False,
INE175A01038,Jain Irrigation Systems Limited,JISLJALEQS,JISLJALEQS,small,2001-08-13,False,
INE863T01013,JITF Infralogistics Limited,JITFINFRA,JITFINFRA,small,2017-02-27,False,
INE823G01014,JK Cement Limited,JKCEMENT,JKCEMENT,mid,2006-03-14,False,
INE576I01022,J.Kumar Infraprojects Limited,JKIL,JKIL,small,2008-02-12,False,
INE1FF001016,Jinkushal Industries Limited,JKIPL,JKIPL,small,2025-10-03,True,"listed 339 days ago, below the 365-day minimum"
INE786A01032,JK Lakshmi Cement Limited,JKLAKSHMI,JKLAKSHMI,small,2006-06-19,False,
INE789E01012,JK Paper Limited,JKPAPER,JKPAPER,small,2005-06-16,False,
INE573A01042,JK Tyre & Industries Limited,JKTYRE,JKTYRE,small,2007-03-19,False,
INE682M01020,Jupiter Life Line Hospitals Limited,JLHL,JLHL,,2023-09-18,False,
INE412C01023,Jullundur Motor Agency (Delhi) Limited,JMA,,small,2015-03-16,False,
INE780C01023,JM Financial Limited,JMFINANCIL,JMFINANCIL,small,2006-10-10,True,name matches Financial Services heuristic (unverified)
INE0OAF01028,JNK India Limited,JNKINDIA,JNKINDIA,small,2024-04-30,False,
INE05C901015,Juniper Green Energy Limited,JNPR,JNPR,,2026-08-06,True,"listed 32 days ago, below the 365-day minimum"
INE839G01010,Jocil Limited,JOCIL,,small,2008-10-08,False,
INE147P01019,Jindal Poly Investment and Finance Company Limited,JPOLYINVST,JPOLYINVST,small,2013-11-11,True,name matches Financial Services heuristic (unverified)
INE351F01018,Jaiprakash Power Ventures Limited,JPPOWER,JPPOWER,small,2005-04-18,True,name matches Utilities heuristic (unverified)
INE953L01027,Jana Small Finance Bank Limited,JSFB,JSFB,small,2024-02-14,True,name matches Financial Services heuristic (unverified)
INE220G01021,Jindal Stainless Limited,JSL,JSL,mid,2003-11-17,False,
INE0J5801029,Jeena Sikho Lifecare Limited,JSLL,JSLL,small,2025-08-11,False,
INE718I01012,JSW Cement Limited,JSWCEMENT,JSWCEMENT,small,2025-08-14,False,
INE133A01011,JSW Dulux Limited,JSWDULUX,JSWDULUX,small,2001-06-28,False,
INE121E01018,JSW Energy Limited,JSWENERGY,JSWENERGY,mid,2010-01-04,False,
INE824G01012,JSW Holdings Limited,JSWHL,JSWHL,small,2005-06-21,False,
INE880J01026,JSW Infrastructure Limited,JSWINFRA,JSWINFRA,mid,2023-10-03,False,
INE019A01038,JSW Steel Limited,JSWSTEEL,JSWSTEEL,large,2005-03-23,False,
INE643A01035,Jtekt India Limited,JTEKTINDIA,JTEKTINDIA,small,2004-01-12,False,
INE391J01032,JTL INDUSTRIES LIMITED,JTLIND,JTLIND,small,2023-06-12,False,
INE03CC01015,Jubilant Agri and Consumer Products Limited,JUBLCPL,JUBLCPL,small,2025-02-14,False,
INE797F01020,Jubilant Foodworks Limited,JUBLFOOD,JUBLFOOD,mid,2010-02-08,False,
INE0BY001018,Jubilant Ingrevia Limited,JUBLINGREA,JUBLINGREA,small,2021-03-19,False,
INE700A01033,Jubilant Pharmova Limited,JUBLPHARMA,JUBLPHARMA,small,2003-06-16,False,
INE696F01016,Juniper Hotels Limited,JUNIPER,JUNIPER,small,2024-02-28,False,
INE599M01018,Just Dial Limited,JUSTDIAL,JUSTDIAL,small,2013-06-05,False,
INE209L01016,Jupiter Wagons Limited,JWL,JWL,small,2010-10-18,False,
INE668F01031,Jyothy Labs Limited,JYOTHYLAB,JYOTHYLAB,small,2007-12-19,False,
INE980O01024,Jyoti CNC Automation Limited,JYOTICNC,JYOTICNC,small,2024-01-16,False,
INE577D01013,Jyoti Resins & Adhesives Limited,JYOTIRES,JYOTIRES,small,2026-08-17,True,"listed 21 days ago, below the 365-day minimum"
INE197A01024,Jyoti Structures Limited,JYOTISTRUC,JYOTISTRUC,small,1995-07-19,False,
INE900B01029,Kabra Extrusion Technik Limited,KABRAEXTRU,KABRAEXTRU,small,1995-09-06,False,
INE217B01036,Kajaria Ceramics Limited,KAJARIACER,KAJARIACER,small,2004-06-01,False,
INE437B01014,Kakatiya Cement Sugar & Industries Limited,KAKATCEM,KAKATCEM,small,1995-12-13,False,
INE438K01021,Sai Silks (Kalamandir) Limited,KALAMANDIR,KALAMANDIR,small,2023-09-27,False,
INE227J01012,Kalpataru Limited,KALPATARU,KALPATARU,small,2025-07-01,False,
INE610E01010,Kalyani Commercials Limited,KALYANI,,small,2017-02-13,False,
INE314G01014,Kalyani Forge Limited,KALYANIFRG,KALYANIFRG,small,2007-12-20,False,
INE303R01014,Kalyan Jewellers India Limited,KALYANKJIL,KALYANKJIL,mid,2021-03-26,False,
INE411F01010,Kama Holdings Limited,KAMAHOLD,KAMAHOLD,small,2026-04-20,True,"listed 140 days ago, below the 365-day minimum"
INE344D01018,Kamanwala Housing Construction Limited,KAMANWALA,KAMANWALA,small,2026-08-17,True,"listed 21 days ago, below the 365-day minimum"
INE967C01018,Kamat Hotels (I) Limited,KAMATHOTEL,KAMATHOTEL,small,1996-05-29,False,
INE390H01020,Kamdhenu Limited,KAMDHENU,KAMDHENU,small,2006-05-09,False,
INE0BTI01037,Kamdhenu Ventures Limited,KAMOPAINTS,KAMOPAINTS,small,2023-01-24,False,
INE879E01037,Kanani Industries Limited,KANANIIND,KANANIIND,small,2011-12-14,False,
INE081G01019,Kanchi Karpooram Limited,KANCHI,KANCHI,small,2026-04-20,True,"listed 140 days ago, below the 365-day minimum"
INE398L01017,Kanco Tea & Industries Limited,KANCOTEA,KANCOTEA,small,2026-08-17,True,"listed 21 days ago, below the 365-day minimum"
INE138C01024,Kanoria Chemicals & Industries Limited,KANORICHEM,KANORICHEM,small,1995-02-08,False,
INE694E01014,Kanpur Plastipack Limited,KANPRPLA,KANPRPLA,small,2021-01-01,False,
INE531A01024,Kansai Nerolac Paints Limited,KANSAINER,KANSAINER,small,2003-09-15,False,
INE542Z01028,Kapston Services Limited,KAPSTON,,small,2020-05-27,False,
INE725L01011,Karma Energy Limited,KARMAENG,KARMAENG,small,2011-06-28,False,
INE036D01028,Karur Vysya Bank Limited,KARURVYSYA,KARURVYSYA,small,2000-07-26,True,name matches Financial Services heuristic (unverified)
INE234I01028,Kaushalya Infrastructure Development Corporation Limited,KAUSHALYA,KAUSHALYA,small,2007-12-14,False,
INE641C01019,Kavveri Defence & Wireless Technologies Limited,KAVDEFENCE,KAVDEFENCE,small,2008-01-29,False,
INE587G01015,Kaya Limited,KAYA,KAYA,small,2015-08-14,False,
INE918Z01012,Kaynes Technology India Limited,KAYNES,KAYNES,mid,2022-11-22,False,
INE805C01028,KCP Limited,KCP,KCP,small,1997-04-09,False,
INE790B01024,KCP Sugar and Industries Corporation Limited,KCPSUGIND,KCPSUGIND,small,1997-06-11,False,
INE291D01011,KDDL Limited,KDDL,KDDL,small,2016-03-23,False,
INE348N01042,KD Green Industries Limited,KDGREEN,KDGREEN,,2026-08-17,True,"listed 21 days ago, below the 365-day minimum"
INE389H01022,KEC International Limited,KEC,KEC,small,2006-03-10,False,
INE134B01017,Kirloskar Electric Company Limited,KECL,KECL,small,2010-03-09,True,name matches Utilities heuristic (unverified)
INE055C01020,DSJ Keep Learning Limited,KEEPLEARN,KEEPLEARN,small,1995-03-01,False,
INE878B01027,KEI Industries Limited,KEI,KEI,mid,2006-03-23,False,
INE164B01030,Kellton Tech Solutions Limited,KELLTONTEC,KELLTONTEC,small,2016-03-02,False,
INE717A01029,Kennametal India Limited,KENNAMET,KENNAMET,small,2026-04-20,True,"listed 140 days ago, below the 365-day minimum"
INE202H01019,Kernex Microsystems (India) Limited,KERNEX,KERNEX,small,2005-12-20,False,
INE087A01019,Kesoram Industries Limited,KESORAMIND,KESORAMIND,small,1995-09-06,False,
INE681C01015,Keynote Financial Services Limited,KEYFINSERV,KEYFINSERV,small,1996-06-26,True,name matches Financial Services heuristic (unverified)
INE138Y01010,Kfin Technologies Limited,KFINTECH,KFINTECH,small,2022-12-29,False,
INE834I01025,Khadim India Limited,KHADIM,KHADIM,small,2017-11-14,False,
INE745B01028,Khaitan Chemicals & Fertilizers Limited,KHAICHEM,KHAICHEM,small,2020-10-30,False,
INE731C01018,Khaitan (India) Limited,KHAITANLTD,KHAITANLTD,small,1995-12-20,False,
INE060B01014,Khandwala Securities Limited,KHANDSE,KHANDSE,small,2001-02-07,False,
INE029L01018,Kalyani Investment Company Limited,KICL,KICL,small,2011-01-14,False,
INE729D01010,Kilitch Drugs (India) Limited,KILITCH,KILITCH,small,2010-09-29,False,
INE967H01025,Krishna Institute of Medical Sciences Limited,KIMS,KIMS,small,2021-06-28,False,
INE473D01015,Kingfa Science & Technology (India) Limited,KINGFA,KINGFA,small,2016-11-15,False,
INE880L01014,KIOCL Limited,KIOCL,KIOCL,small,2016-11-29,False,
INE555P01013,Kiran Vyapar Limited,KIRANVYPAR,KIRANVYPAR,small,2026-04-20,True,"listed 140 days ago, below the 365-day minimum"
INE415I01015,Kiri Industries Limited,KIRIINDUS,KIRIINDUS,small,2008-04-22,False,
INE884B01025,Kirloskar Ferrous Industries Limited,KIRLFER,KIRLFER,small,2026-04-20,True,"listed 140 days ago, below the 365-day minimum"
INE732A01036,Kirloskar Brothers Limited,KIRLOSBROS,KIRLOSBROS,small,2010-04-20,False,
INE146L01010,Kirloskar Oil Engines Limited,KIRLOSENG,KIRLOSENG,small,2010-12-24,False,
INE250A01039,Kirloskar Industries Limited,KIRLOSIND,KIRLOSIND,small,2010-06-24,False,
INE811A01038,Kirloskar Pneumatic Company Limited,KIRLPNU,KIRLPNU,,2023-04-26,False,
INE12F801023,OnEMI Technology Solutions Limited,KISSHT,KISSHT,,2026-05-08,True,"listed 122 days ago, below the 365-day minimum"
INE602G01020,Kitex Garments Limited,KITEX,KITEX,small,2012-09-25,False,
INE533C01018,KJMC Financial Services Limited,KJMCFIN,KJMCFIN,small,2026-08-17,True,name matches Financial Services heuristic (unverified)
INE401H01017,Kewal Kiran Clothing Limited,KKCL,KKCL,small,2006-04-13,False,
INE338F01015,Kilburn Engineering Limited,KLBRENG-B,KLBRENG-B,small,2026-04-20,True,"listed 140 days ago, below the 365-day minimum"
INE879K01018,K M C Speciality Hospitals (India) Limited,KMCSHIL,KMCSHIL,small,2026-08-17,True,"listed 21 days ago, below the 365-day minimum"
INE0CJD01029,Knowledge Marine & Engineering Works Limited,KMEW,KMEW,small,2024-11-14,False,
INE157H01023,K.M.Sugar Mills Limited,KMSUGAR,KMSUGAR,small,2007-05-31,False,
INE17QZ01016,Knack Packaging Limited,KNACK,KNACK,,2026-07-08,True,"listed 61 days ago, below the 365-day minimum"
INE0KNW01016,KN Agri Resources Limited,KNAGRI,,small,2025-12-09,True,"listed 272 days ago, below the 365-day minimum"
INE634I01029,KNR Constructions Limited,KNRCON,KNRCON,small,2008-02-18,False,
INE080B01012,Kohinoor Foods Limited,KOHINOOR,KOHINOOR,small,1999-10-20,False,
INE760A01029,Kokuyo Camlin Limited,KOKUYOCMLN,KOKUYOCMLN,small,2008-07-28,False,
INE094I01018,Kolte - Patil Developers Limited,KOLTEPATIL,KOLTEPATIL,small,2007-12-13,False,
INE082A01010,Kopran Limited,KOPRAN,KOPRAN,small,1999-06-09,False,
INE237A01036,Kotak Mahindra Bank Limited,KOTAKBANK,KOTAKBANK,,1995-12-20,True,name matches Financial Services heuristic (unverified)
INE419A01022,Kothari Sugars And Chemicals Limited,KOTARISUG,,small,2004-12-13,False,
INE720A01015,Kothari Petrochemicals Limited,KOTHARIPET,,small,1996-11-02,False,
INE823A01017,Kothari Products Limited,KOTHARIPRO,KOTHARIPRO,small,1998-06-03,False,
INE972A01020,Kothari Industrial Corporation Limited,KOTIC,KOTIC,small,2026-04-20,True,"listed 140 days ago, below the 365-day minimum"
INE0J0B01017,Kotyark Industries Limited,KOTYARK,KOTYARK,,2026-03-12,True,"listed 179 days ago, below the 365-day minimum"
INE177F01017,Kovai Medical Center & Hospital Limited,KOVAI,KOVAI,small,2026-04-20,True,"listed 140 days ago, below the 365-day minimum"
INE127T01021,K.P. Energy Limited,KPEL,KPEL,small,2024-11-14,False,
INE542W01025,KPI Green Energy Limited,KPIGREEN,KPIGREEN,small,2021-07-27,False,
INE220B01022,Kalpataru Projects International Limited,KPIL,KPIL,small,2000-12-15,False,
INE04I401011,KPIT Technologies Limited,KPITTECH,KPITTECH,small,2019-04-22,False,
INE552U01010,Kwality Pharmaceuticals Limited,KPL,KPL,small,2026-04-20,True,"listed 140 days ago, below the 365-day minimum"
INE930H01031,K.P.R. Mill Limited,KPRMILL,KPRMILL,mid,2007-08-28,False,
INE001B01026,KRBL Limited,KRBL,KRBL,small,2002-01-21,False,
INE268B01013,Krebs Biochemicals and Industries Limited,KREBSBIO,KREBSBIO,small,1996-01-03,False,
INE524L01026,Kridhan Infra Limited,KRIDHANINF,KRIDHANINF,small,2015-12-11,False,
INE506W01020,Krishana Phoschem Limited,KRISHANA,,,2019-08-22,False,
INE0GGO01015,Krishival Foods Limited,KRISHIVAL,KRISHIVAL,small,2025-06-20,False,
INE0J5601015,Krishna Defence And Allied Industries Limited,KRISHNADEF,,small,2025-12-30,True,"listed 251 days ago, below the 365-day minimum"
INE479D01038,Kriti Industries (India) Limited,KRITI,KRITI,small,2021-11-01,False,
INE00Z501029,Kritika Wires Limited,KRITIKA,,small,2022-05-04,False,
INE798K01010,Kriti Nutrients Limited,KRITINUT,KRITINUT,small,2022-10-07,False,
INE0Q3J01015,KRN Heat Exchanger and Refrigeration Limited,KRN,KRN,small,2024-10-03,False,
INE0ATZ01017,Kronox Lab Sciences Limited,KRONOX,KRONOX,small,2024-06-10,False,
INE0O6601022,Kross Limited,KROSS,KROSS,small,2024-09-16,False,
INE08LI01020,Krsnaa Diagnostics Limited,KRSNAA,KRSNAA,small,2021-08-16,False,
INE0QN801017,Krystal Integrated Services Limited,KRYSTAL,KRYSTAL,small,2024-03-21,False,
INE999A01023,Ksb Limited,KSB,KSB,small,1995-02-08,False,
INE455I01029,Kaveri Seed Company Limited,KSCL,KSCL,small,2007-10-04,False,
INE953E01022,KSE Limited,KSE,KSE,small,2026-08-17,True,"listed 21 days ago, below the 365-day minimum"
INE987S01020,KSH International Limited,KSHINTL,KSHINTL,small,2025-12-23,True,"listed 258 days ago, below the 365-day minimum"
INE013801027,Kshitij Polyline Limited,KSHITIJPOL,,small,2022-07-27,False,
INE907A01026,Kalyani Steels Limited,KSL,KSL,small,2010-05-19,False,
INE0D6I01023,Ksolves India Limited,KSOLVES,KSOLVES,small,2022-09-23,False,
INE1SPP01016,KSR Footwear Limited,KSR,KSR,small,2025-11-27,True,"listed 284 days ago, below the 365-day minimum"
INE614B01018,The Karnataka Bank Limited,KTKBANK,KTKBANK,small,2000-05-10,True,name matches Financial Services heuristic (unverified)
INE529I01021,Kuantum Papers Limited,KUANTUM,KUANTUM,small,2019-10-23,False,
INE0ISX01025,Kusumgar Limited,KUSUMGAR,KUSUMGAR,,2026-07-15,True,"listed 54 days ago, below the 365-day minimum"
INE2KCE01013,Kwality Wall's (India) Limited,KWIL,KWIL,,2026-02-16,True,"listed 203 days ago, below the 365-day minimum"
INE519D01015,Ladderup Finance Limited,LADDERUP,LADDERUP,small,2026-08-17,True,name matches Financial Services heuristic (unverified)
INE548Z01017,Lagnam Spintex Limited,LAGNAM,,small,2021-09-30,False,
INE515C01023,Lahoti Overseas Limited,LAHOTIOV,LAHOTIOV,small,2026-04-20,True,"listed 140 days ago, below the 365-day minimum"
INE651C01018,Lakshmi Precision Screws Limited,LAKPRE,LAKPRE,small,2006-09-26,False,
INE938C01019,Lakshmi Mills Company Limited,LAKSHMIMIL,LAKSHMIMIL,small,2026-08-17,True,"listed 21 days ago, below the 365-day minimum"
INE740X01023,Lorenzini Apparels Limited,LAL,LAL,small,2023-04-10,False,
INE0K9O01026,Lalithaa Jewellery Mart Limited,LALITHAA,LALITHAA,,2026-08-24,True,"listed 14 days ago, below the 365-day minimum"
INE600L01024,Dr. Lal Path Labs Ltd.,LALPATHLAB,LALPATHLAB,small,2015-12-23,False,
INE112F01022,Lambodhara Textiles Limited,LAMBODHARA,LAMBODHARA,small,2015-02-04,False,
INE359U01028,Lancer Container Lines Limited,LANCER,LANCER,small,2026-08-17,True,"listed 21 days ago, below the 365-day minimum"
INE572G01025,Lancor Holdings Limited,LANCORHOL,LANCORHOL,small,2024-03-12,False,
INE559R01029,Landmark Cars Limited,LANDMARK,LANDMARK,small,2022-12-23,False,
INE688J01023,Landsmill Green Limited,LANDSMILL,LANDSMILL,small,2009-08-03,False,
INE059D01020,La Opala RG Limited,LAOPALA,LAOPALA,small,2007-03-16,False,
INE670X01014,Lasa Supergenerics Limited,LASA,LASA,small,2017-09-21,False,
INE17IR01028,Laser Power & Infra Limited,LASERPOWER,LASERPOWER,,2026-07-16,True,name matches Utilities heuristic (unverified)
INE0I7C01011,Latent View Analytics Limited,LATENTVIEW,LATENTVIEW,small,2021-11-23,False,
INE262Z01023,Latteys Industries Limited,LATTEYS,,small,2023-05-23,False,
INE947Q01028,Laurus Labs Limited,LAURUSLABS,LAURUSLABS,mid,2016-12-19,False,
INE801V01019,Laxmi Cotspin Limited,LAXMICOT,,small,2021-11-12,False,
INE0WO601020,Laxmi Dental Limited,LAXMIDENTL,LAXMIDENTL,small,2025-01-20,False,
INE06WU01026,Laxmi India Finance Limited,LAXMIINDIA,LAXMIINDIA,small,2025-08-05,True,name matches Financial Services heuristic (unverified)
INE938A01021,LCC Infotech Limited,LCCINFOTEC,LCCINFOTEC,small,2000-03-02,False,
INE0QJW01029,Lohia Corp Limited,LCL,LCL,,2026-07-30,True,"listed 39 days ago, below the 365-day minimum"
INE00GO01025,LEAP India Limited,LEAPIND,LEAPIND,,2026-08-14,True,"listed 24 days ago, below the 365-day minimum"
INE791B01014,Lee & Nee Softwares Exports Limited,LEENEE,LEENEE,small,2026-08-17,True,"listed 21 days ago, below the 365-day minimum"
INE0G1L01025,Le Merite Exports Limited,LEMERITE,,,2025-12-12,True,"listed 269 days ago, below the 365-day minimum"
INE970X01018,Lemon Tree Hotels Limited,LEMONTREE,LEMONTREE,small,2018-04-09,False,
INE956O01016,Lenskart Solutions Limited,LENSKART,LENSKART,mid,2025-11-10,True,"listed 301 days ago, below the 365-day minimum"
INE500X01013,Lexus Granito (India) Limited,LEXUS,,small,2023-03-13,False,
INE850E01012,Lakshmi Finance & Industrial Corporation Limited,LFIC,,small,2015-04-15,True,name matches Financial Services heuristic (unverified)
INE337A01034,LG Balakrishnan & Bros Limited,LGBBROSLTD,LGBBROSLTD,small,2010-03-30,False,
INE324D01010,LG Electronics India Limited,LGEINDIA,LGEINDIA,large,2025-10-14,True,"listed 328 days ago, below the 365-day minimum"
INE258Y01016,Laxmi Goldorna House Limited,LGHL,,small,2023-11-10,False,
INE908V01012,Libas Consumer Products Limited,LIBAS,,small,2019-07-23,False,
INE557B01019,Liberty Shoes Limited,LIBERTSHOE,LIBERTSHOE,small,1995-09-27,False,
INE115A01026,LIC Housing Finance Limited,LICHSGFIN,LICHSGFIN,small,1998-07-29,True,name matches Financial Services heuristic (unverified)
INE0J1Y01017,Life Insurance Corporation Of India,LICI,LICI,large,2022-05-17,True,name matches Financial Services heuristic (unverified)
INE060901027,Likhitha Infrastructure Limited,LIKHITHA,LIKHITHA,small,2020-10-15,False,
INE802B01027,Linc Limited,LINC,LINC,small,2015-03-09,False,
INE405C01035,Lincoln Pharmaceuticals Limited,LINCOLN,LINCOLN,small,2015-12-17,False,
INE473A01011,Linde India Limited,LINDEINDIA,LINDEINDIA,mid,1999-06-16,False,
INE341H01023,LKP Securities Limited,LKPSEC,LKPSEC,small,2026-08-17,True,"listed 21 days ago, below the 365-day minimum"
INE093R01011,LLOYDS ENGINEERING WORKS LIMITED,LLOYDSENGG,LLOYDSENGG,small,2016-07-18,False,
INE080I01025,Lloyds Enterprises Limited,LLOYDSENT,LLOYDSENT,small,2024-10-17,False,
INE281B01032,Lloyds Metals And Energy Limited,LLOYDSME,LLOYDSME,mid,2023-07-17,False,
INE269B01029,LMW Limited,LMW,LMW,small,1995-03-29,False,
INE670K01029,Lodha Developers Limited,LODHA,LODHA,large,2021-04-19,False,
INE397H01017,Lokesh Machines Limited,LOKESHMACH,LOKESHMACH,small,2006-05-05,False,
INE846D01012,Lords Chloro Alkali Limited,LORDSCHLO,LORDSCHLO,small,2023-08-28,False,
INE026D01011,Lotus Chocolate Company Limited,LOTUSCHO,LOTUSCHO,small,2026-08-17,True,"listed 21 days ago, below the 365-day minimum"
INE0V9Q01010,Sri Lotus Developers and Realty Limited,LOTUSDEV,LOTUSDEV,small,2025-08-06,False,
INE947I01017,Lotus Eye Hospital and Institute Limited,LOTUSEYE,LOTUSEYE,small,2008-07-11,False,
INE597L01014,Lovable Lingerie Limited,LOVABLE,LOVABLE,small,2011-03-24,False,
INE970D01010,Loyal Textile Mills Limited,LOYALTEX,LOYALTEX,small,2022-08-11,False,
INE197J01017,Landmark Property Development Company Limited,LPDC,LPDC,small,2008-08-12,False,
INE018A01030,Larsen & Toubro Limited,LT,LT,large,2004-06-23,False,
INE498L01015,L&T Finance Limited,LTF,LTF,mid,2011-08-12,True,name matches Financial Services heuristic (unverified)
INE818H01020,LT Foods Limited,LTFOODS,LTFOODS,small,2006-12-18,False,
INE214T01019,LTM Limited,LTM,LTM,large,2016-07-21,False,
INE010V01017,L&T Technology Services Limited,LTTS,LTTS,mid,2016-09-23,False,
INE162B01018,Lumax Industries Limited,LUMAXIND,LUMAXIND,small,1995-09-06,False,
INE872H01027,Lumax Auto Technologies Limited,LUMAXTECH,LUMAXTECH,small,2007-01-16,False,
INE185Q01025,Lumino Industries Limited,LUMINO,LUMINO,,2026-09-03,True,"listed 4 days ago, below the 365-day minimum"
INE326A01037,Lupin Limited,LUPIN,LUPIN,mid,2001-09-10,False,
INE150G01020,Lux Industries Limited,LUXIND,LUXIND,small,2015-11-30,False,
INE576O01020,Laxmi Organic Industries Limited,LXCHEM,LXCHEM,small,2021-03-25,False,
INE933A01014,Lyka Labs Limited,LYKALABS,LYKALABS,small,1995-02-08,False,
INE101A01026,Mahindra & Mahindra Limited,M&M,M&M,large,1996-01-03,False,
INE774D01024,Mahindra & Mahindra Financial Services Limited,M&MFIN,M&MFIN,mid,2006-03-17,True,name matches Financial Services heuristic (unverified)
INE215I01027,Maan Aluminium Limited,MAANALU,MAANALU,small,2007-10-22,False,
INE155Z01011,Macpower CNC Machines Limited,MACPOWER,,small,2020-08-19,True,name matches Utilities heuristic (unverified)
INE925C01016,Madhav Marbles and Granites Limited,MADHAV,MADHAV,small,2007-12-20,False,
INE631R01026,Madhav Infra Projects Limited,MADHAVIPL,MADHAVIPL,small,2026-04-20,True,"listed 140 days ago, below the 365-day minimum"
INE378D01032,Madhucon Projects Limited,MADHUCON,MADHUCON,small,2006-10-05,False,
INE414A01015,Madras Fertilizers Limited,MADRASFERT,MADRASFERT,small,1997-07-25,False,
INE270B01035,Mafatlal Industries Limited,MAFATIND,MAFATIND,small,2026-04-20,True,"listed 140 days ago, below the 365-day minimum"
INE347W01011,Magadh Sugar & Energy Limited,MAGADSUGAR,MAGADSUGAR,small,2017-07-28,False,
INE387I01016,Magnum Ventures Limited,MAGNUM,MAGNUM,small,2007-09-20,False,
INE457A01014,Bank of Maharashtra,MAHABANK,MAHABANK,mid,2004-04-12,True,name matches Financial Services heuristic (unverified)
INE843B01013,Maha Rashtra Apex Corporation Limited,MAHAPEXLTD,MAHAPEXLTD,small,1998-01-21,False,
INE451L01014,Mahamaya Steel Industries Limited,MAHASTEEL,MAHASTEEL,small,2016-07-01,False,
INE215D01010,Mahindra EPC Irrigation Limited,MAHEPC,MAHEPC,small,2020-02-14,False,
INE263W01010,Maheshwari Logistics Limited,MAHESHWARI,,small,2019-04-15,False,
INE813A01018,Mahindra Lifespace Developers Limited,MAHLIFE,MAHLIFE,small,2000-05-10,False,
INE766P01016,Mahindra Logistics Limited,MAHLOG,MAHLOG,small,2017-11-10,False,
INE288A01013,Maharashtra Scooters Limited,MAHSCOOTER,MAHSCOOTER,small,1995-02-08,False,
INE271B01025,Maharashtra Seamless Limited,MAHSEAMLES,MAHSEAMLES,small,2004-08-25,False,
INE683C01011,Maithan Alloys Limited,MAITHANALL,MAITHANALL,small,2011-07-05,False,
INE201B01022,Majestic Auto Limited,MAJESAUT,MAJESAUT,small,2026-04-20,True,"listed 140 days ago, below the 365-day minimum"
INE987A01010,Makers Laboratories Limited,MAKERSL,MAKERSL,small,2026-08-17,True,"listed 21 days ago, below the 365-day minimum"
INE389C01015,Mallcom (India) Limited,MALLCOM,MALLCOM,small,2022-02-02,False,
INE383H01017,Malu Paper Mills Limited,MALUPAPER,MALUPAPER,small,2006-04-05,False,
INE0TO701015,Mamata Machinery Limited,MAMATA,MAMATA,small,2024-12-27,False,
INE859Q01017,Manaksia Aluminium Company Limited,MANAKALUCO,MANAKALUCO,small,2015-03-30,False,
INE830Q01018,Manaksia Coated Metals & Industries Limited,MANAKCOAT,MANAKCOAT,small,2015-03-30,False,
INE015D01022,Manaksia Limited,MANAKSIA,MANAKSIA,small,2008-01-08,False,
INE824Q01011,Manaksia Steels Limited,MANAKSTEEL,MANAKSTEEL,small,2015-03-30,False,
INE201A01024,Manali Petrochemicals Limited,MANALIPETC,MANALIPETC,small,2006-12-06,False,
INE522D01027,Manappuram Finance Limited,MANAPPURAM,MANAPPURAM,small,2014-12-01,True,name matches Financial Services heuristic (unverified)
INE939X01013,Manba Finance Limited,MANBA,MANBA,small,2024-09-30,True,name matches Financial Services heuristic (unverified)
INE545L01039,Mangal Credit and Fincorp Limited,MANCREDIT,MANCREDIT,small,2024-08-16,True,name matches Financial Services heuristic (unverified)
INE584F01014,Mangalam Drugs And Organics Limited,MANGALAM,MANGALAM,small,2005-05-23,False,
INE347A01017,Mangalam Cement Limited,MANGLMCEM,MANGLMCEM,small,1996-01-03,False,
INE993A01026,Man Industries (India) Limited,MANINDS,MANINDS,small,2005-06-24,False,
INE949H01023,Man Infraconstruction Limited,MANINFRA,MANINFRA,small,2010-03-11,False,
INE459N01021,Manipal Health Enterprises Limited,MANIPALHOS,MANIPALHOS,,2026-08-05,True,"listed 33 days ago, below the 365-day minimum"
INE634S01028,Mankind Pharma Limited,MANKIND,MANKIND,mid,2023-05-09,False,
INE784W01015,Manomay Tex India Limited,MANOMAY,MANOMAY,small,2023-01-18,False,
INE00VM01036,Manorama Industries Limited,MANORAMA,MANORAMA,small,2022-07-01,False,
INE370D01013,Mangalam Organics Limited,MANORG,MANORG,small,2021-11-02,False,
INE867A01022,Manugraph India Limited,MANUGRAPH,MANUGRAPH,small,2006-09-14,False,
INE825V01034,Vedant Fashions Limited,MANYAVAR,MANYAVAR,small,2022-02-16,False,
INE0BV301023,C.E. Info Systems Limited,MAPMYINDIA,MAPMYINDIA,small,2021-12-21,False,
INE882A01013,Maral Overseas Limited,MARALOVER,MARALOVER,small,1995-02-08,False,
INE182D01020,Marathon Nextgen Realty Limited,MARATHON,MARATHON,small,2016-09-29,False,
INE196A01026,Marico Limited,MARICO,MARICO,mid,1996-05-01,False,
INE01JE01028,Marine Electricals (India) Limited,MARINE,,small,2020-12-02,True,name matches Utilities heuristic (unverified)
INE0FW001016,Markolines Pavement Technologies Limited,MARKOLINES,MARKOLINES,small,2025-10-14,True,"listed 328 days ago, below the 365-day minimum"
INE750C01026,Marksans Pharma Limited,MARKSANS,MARKSANS,small,2002-01-21,False,
INE415B01044,Marsons Limited,MARSONS,MARSONS,small,2026-03-13,True,"listed 178 days ago, below the 365-day minimum"
INE585B01010,Maruti Suzuki India Limited,MARUTI,MARUTI,large,2003-07-09,False,
INE348L01012,MAS Financial Services Limited,MASFIN,MASFIN,small,2017-10-18,True,name matches Financial Services heuristic (unverified)
INE885F01015,Mask Investments Limited,MASKINVEST,,small,2016-10-14,False,
INE759A01021,Mastek Limited,MASTEK,MASTEK,small,1995-05-10,False,
INE677D01037,Master Trust Limited,MASTERTR,MASTERTR,small,2024-11-12,True,"name matches Trust/REIT/InvIT heuristic (unverified) - likely an investment/holding company rather than a literal REIT/InvIT, see decision 0002"
INE866R01028,Matrimony.Com Limited,MATRIMONY,MATRIMONY,small,2017-09-21,False,
INE636A01039,Mawana Sugars Limited,MAWANASUG,MAWANASUG,small,2009-03-20,False,
INE03EI01018,Max Estates Limited,MAXESTATES,MAXESTATES,small,2023-10-30,False,
INE027H01010,Max Healthcare Institute Limited,MAXHEALTH,MAXHEALTH,large,2020-08-21,False,
INE0CG601016,Max India Limited,MAXIND,MAXIND,small,2020-08-28,False,
INE040D01038,Mayur Uniquoters Ltd,MAYURUNIQ,MAYURUNIQ,small,2012-09-25,False,
INE885E01042,Mazda Limited,MAZDA,MAZDA,small,2016-11-01,False,
INE249Z01020,Mazagon Dock Shipbuilders Limited,MAZDOCK,MAZDOCK,large,2020-10-12,False,
INE900L01028,Madhya Bharat Agro Products Limited,MBAPL,,,2019-08-22,False,
INE748A01024,Mcnally Bharat Engineering Company Limited,MBECL,MBECL,,2006-10-06,False,
INE08N601015,M & B Engineering Limited,MBEL,MBEL,small,2025-08-06,False,
INE912H01013,MBL Infrastructure Limited,MBLINFRA,MBLINFRA,small,2010-01-11,False,
INE435D01014,Mac Charles India Limited,MCCHRLS-B,MCCHRLS-B,small,2026-04-20,True,"listed 140 days ago, below the 365-day minimum"
INE813V01022,M TEK COPPER LIMITED,MCL,,small,2020-08-19,False,
INE942G01012,Mcleod Russel India Limited,MCLEODRUSS,MCLEODRUSS,small,2005-07-29,False,
INE613C01026,Magellanic Cloud Limited,MCLOUD,MCLOUD,small,2025-02-07,False,
INE745G01043,Multi Commodity Exchange of India Limited,MCX,MCX,,2012-03-09,False,
INE474Q01031,Global Health Limited,MEDANTA,MEDANTA,mid,2022-11-16,False,
INE456Z01021,Medi Assist Healthcare Services Limited,MEDIASSIST,MEDIASSIST,small,2024-01-23,False,
INE646B01010,Medicamen Biotech Limited,MEDICAMEQ,MEDICAMEQ,small,2021-10-27,False,
INE442D01010,Medi Caps Limited,MEDICAPQ,MEDICAPQ,small,2026-08-17,True,"listed 21 days ago, below the 365-day minimum"
INE630Y01024,Medico Remedies Limited,MEDICO,MEDICO,small,2022-05-26,False,
INE804L01022,Medplus Health Services Limited,MEDPLUS,MEDPLUS,small,2021-12-23,False,
INE0VDM01015,Meesho Limited,MEESHO,MEESHO,mid,2025-12-10,True,"listed 271 days ago, below the 365-day minimum"
INE00EM01016,Megastar Foods Limited,MEGASTAR,MEGASTAR,small,2022-02-16,False,
INE0PKD01011,Mangal Electrical Industries Limited,MEIL,MEIL,small,2025-08-28,True,name matches Utilities heuristic (unverified)
INE650G01029,Menon Pistons Limited,MENNPIS,MENNPIS,small,2026-04-20,True,"listed 140 days ago, below the 365-day minimum"
INE071D01033,Menon Bearings Limited,MENONBE,MENONBE,small,2015-03-09,False,
INE776I01010,MEP Infrastructure Developers Limited,MEP,MEP,small,2015-05-06,False,
INE689O01013,Mercantile Ventures Limited,MERCANTILE,MERCANTILE,small,2026-04-20,True,"listed 140 days ago, below the 365-day minimum"
INE763M01028,Mercury Ev-Tech Limited,MERCURYEV,MERCURYEV,small,2026-06-02,True,"listed 97 days ago, below the 365-day minimum"
INE317I01021,Metro Brands Limited,METROBRAND,METROBRAND,small,2021-12-22,False,
INE085D01033,Metroglobal Limited,METROGLOBL,METROGLOBL,small,2026-04-20,True,"listed 140 days ago, below the 365-day minimum"
INE112L01020,Metropolis Healthcare Limited,METROPOLIS,METROPOLIS,small,2019-04-15,False,
INE0US801024,Mahalaxmi Fabric Mills Limited,MFML,MFML,small,2024-08-27,False,
INE180A01020,Max Financial Services Limited,MFSL,MFSL,mid,2000-05-17,True,name matches Financial Services heuristic (unverified)
INE0APB01032,Mangalam Global Enterprise Limited,MGEL,MGEL,small,2020-12-23,False,
INE002S01010,Mahanagar Gas Limited,MGL,MGL,small,2016-07-01,True,name matches Utilities heuristic (unverified)
INE112D01035,Mahalaxmi Rubtech Limited,MHLXMIRU,MHLXMIRU,small,2022-01-27,False,
INE998I01010,Mahindra Holidays & Resorts India Limited,MHRIL,MHRIL,small,2009-07-16,False,
INE287C01037,MIC Electronics Limited,MICEL,MICEL,small,2021-12-17,False,
INE099Z01011,Mishra Dhatu Nigam Limited,MIDHANI,MIDHANI,small,2018-04-04,False,
INE0XAD01024,Midwest Limited,MIDWESTLTD,MIDWESTLTD,small,2025-10-24,True,"listed 318 days ago, below the 365-day minimum"
INE898Q01015,Meghna Infracon Infrastructure Limited,MIIL,MIIL,small,2026-08-17,True,"listed 21 days ago, below the 365-day minimum"
INE00IT01020,Milky Mist Dairy Food Limited,MILKYMIST,MILKYMIST,,2026-08-18,True,"listed 20 days ago, below the 365-day minimum"
INE097E01028,Minal Industries Limited,MINALIND,MINALIND,small,2026-08-17,True,"listed 21 days ago, below the 365-day minimum"
INE842C01021,Minda Corporation Limited,MINDACORP,MINDACORP,small,2014-10-16,False,
INE110B01017,Mindteck (India) Limited,MINDTECK,MINDTECK,small,2016-08-02,False,
INE771A01026,Mirza International Limited,MIRZAINT,MIRZAINT,small,1999-04-28,False,
INE828O01033,MITCON Consultancy & Engineering Services Limited,MITCON,,small,2022-03-17,False,
INE997Y01027,Mittal Life Style Limited,MITTAL,,small,2020-04-29,False,
INE227F01010,M.K. Exim (India) Limited,MKEXIM,MKEXIM,small,2026-08-17,True,"listed 21 days ago, below the 365-day minimum"
INE964W01021,M K Proteins Limited,MKPL,MKPL,small,2023-06-13,False,
INE588G01021,Milkfood Limited,MLKFOOD,MLKFOOD,small,2026-08-17,True,"listed 21 days ago, below the 365-day minimum"
INE227C01017,MM Forgings Limited,MMFL,MMFL,small,2006-12-20,False,
INE511Y01018,MMP Industries Limited,MMP,,small,2020-01-09,False,
INE123F01029,MMTC Limited,MMTC,MMTC,small,2012-04-09,False,
INE200D01020,Media Matrix Worldwide Limited,MMWL,MMWL,small,2026-04-20,True,"listed 140 days ago, below the 365-day minimum"
INE0HLU01028,One Mobikwik Systems Limited,MOBIKWIK,MOBIKWIK,small,2024-12-18,False,
INE537F01012,Modi Naturals Limited,MODINATUR,MODINATUR,small,2025-12-11,True,"listed 270 days ago, below the 365-day minimum"
INE832A01018,Modi Rubber Limited,MODIRUBBER,MODIRUBBER,small,1996-02-07,False,
INE0L0L01012,Modis Navnirman Limited,MODIS,MODIS,small,2025-11-14,True,"listed 297 days ago, below the 365-day minimum"
INE737D01021,MODISON LIMITED,MODISONLTD,MODISONLTD,small,2021-05-03,False,
INE794W01014,Modern Threads (India) Limited,MODTHREAD,MODTHREAD,small,1995-11-22,False,
INE154B01023,Mohite Industries Limited,MOHITE,MOHITE,small,2026-08-17,True,"listed 21 days ago, below the 365-day minimum"
INE954E01012,Mohit Industries Limited,MOHITIND,MOHITIND,small,2013-03-14,False,
INE490G01020,MOIL Limited,MOIL,MOIL,small,2010-12-15,False,
INE514Y01020,Moksh Ornaments Limited,MOKSH,,small,2021-05-21,False,
INE0CT101020,Meghmani Organics Limited,MOL,MOL,small,2021-08-18,False,
INE869T01028,Molbio Diagnostics Limited,MOLBIO,MOLBIO,,2026-08-17,True,"listed 21 days ago, below the 365-day minimum"
INE835B01035,Mold-Tek Technologies Limited,MOLDTECH,MOLDTECH,small,2016-07-07,False,
INE893J01029,Mold-Tek Packaging Limited,MOLDTKPAC,MOLDTKPAC,small,2015-02-23,False,
INE903D01011,Monarch Networth Capital Limited,MONARCH,MONARCH,small,2022-01-06,True,name matches Financial Services heuristic (unverified)
INE296Q01012,Moneyboxx Finance Limited,MONEYBOXX,MONEYBOXX,small,2025-10-15,True,name matches Financial Services heuristic (unverified)
INE950M01013,Monte Carlo Fashions Limited,MONTECARLO,MONTECARLO,small,2014-12-19,False,
INE161G01027,Morarjee Textiles Limited,MORARJEE,MORARJEE,small,2012-09-14,False,
INE083A01026,Morepen Laboratories Limited,MOREPENLAB,MOREPENLAB,small,1999-11-24,False,
INE935B01025,Moschip Technologies Limited,MOSCHIP,MOSCHIP,small,2025-02-05,False,
INE775A01035,Samvardhana Motherson International Limited,MOTHERSON,MOTHERSON,large,1996-08-14,False,
INE338I01027,Motilal Oswal Financial Services Limited,MOTILALOFS,MOTILALOFS,mid,2007-09-11,True,name matches Financial Services heuristic (unverified)
INE0FRK01020,Motisons Jewellers Limited,MOTISONS,MOTISONS,small,2023-12-26,False,
INE861B01023,The Motor & General Finance Limited,MOTOGENFIN,MOTOGENFIN,small,1995-02-08,True,name matches Financial Services heuristic (unverified)
INE493H01014,MPDL Limited,MPDL,MPDL,small,2026-08-17,True,"listed 21 days ago, below the 365-day minimum"
INE356A01018,MphasiS Limited,MPHASIS,MPHASIS,mid,2004-06-04,False,
INE943D01017,MPS Limited,MPSLTD,MPSLTD,small,2002-01-21,False,
INE883A01011,MRF Limited,MRF,MRF,mid,1996-09-18,False,
INE103A01014,Mangalore Refinery and Petrochemicals Limited,MRPL,MRPL,small,2005-01-07,False,
INE829S01016,Mangalam Seeds Limited,MSL,MSL,small,2026-08-17,True,"listed 21 days ago, below the 365-day minimum"
INE752G01015,MSP Steel & Power Limited,MSPL,MSPL,small,2005-07-18,True,name matches Utilities heuristic (unverified)
INE255X01014,Mstc Limited,MSTCLTD,MSTCLTD,small,2019-03-29,False,
INE0FS801015,Motherson Sumi Wiring India Limited,MSUMI,MSUMI,small,2022-03-28,False,
INE864I01014,Mtar Technologies Limited,MTARTECH,MTARTECH,small,2021-03-15,False,
INE472M01018,MT Educare Limited,MTEDUCARE,MTEDUCARE,small,2012-04-12,False,
INE153A01019,Mahanagar Telephone Nigam Limited,MTNL,MTNL,small,1999-02-17,False,
INE08KJ01020,Mufin Green Finance Limited,MUFIN,MUFIN,small,2023-11-06,True,name matches Financial Services heuristic (unverified)
INE220Q01020,Credo Brands Marketing Limited,MUFTI,MUFTI,small,2023-12-27,False,
INE304A01026,Mukand Limited,MUKANDLTD,MUKANDLTD,small,2004-02-23,False,
INE596B01017,Mukesh Babu Financial Services Limited,MUKESHB,MUKESHB,small,2026-08-17,True,name matches Financial Services heuristic (unverified)
INE0CG401037,Mukka Proteins Limited,MUKKA,MUKKA,small,2024-03-07,False,
INE374B01019,Mukta Arts Limited,MUKTAARTS,MUKTAARTS,small,2000-09-12,False,
INE672B01032,Munjal Auto Industries Limited,MUNJALAU,MUNJALAU,small,2006-07-19,False,
INE577A01027,Munjal Showa Limited,MUNJALSHOW,MUNJALSHOW,small,2003-05-12,False,
INE692B01014,Murudeshwar Ceramics Limited,MURUDCERA,MURUDCERA,small,2004-05-28,False,
INE296G01013,Muthoot Capital Services Limited,MUTHOOTCAP,MUTHOOTCAP,small,2015-08-24,True,name matches Financial Services heuristic (unverified)
INE414G01012,Muthoot Finance Limited,MUTHOOTFIN,MUTHOOTFIN,large,2011-05-06,True,name matches Financial Services heuristic (unverified)
INE046W01019,Muthoot Microfin Limited,MUTHOOTMF,MUTHOOTMF,small,2023-12-26,False,
INE0OWZ01020,MV Electrosystems Limited,MVELECTRO,MVELECTRO,,2026-08-06,True,"listed 32 days ago, below the 365-day minimum"
INE0KNT01012,Manoj Vaibhav Gems N Jewellers Limited,MVGJL,MVGJL,small,2023-10-03,False,
INE0JYY01029,Mangalam Worldwide Limited,MWL,MWL,,2025-09-18,True,"listed 354 days ago, below the 365-day minimum"
INE741A01011,Mysore Petro Chemicals Limited,MYSORPETRO,MYSORPETRO,small,2026-08-17,True,"listed 21 days ago, below the 365-day minimum"
INE295D01020,NACL Industries Limited,NACLIND,NACLIND,small,2017-04-07,False,
INE454M01024,Nagarjuna Fertilizers and Chemicals Limited,NAGAFERT,NAGAFERT,small,2016-06-15,False,
INE245I01016,Nagreeka Capital & Infrastructure Limited,NAGREEKCAP,NAGREEKCAP,small,2007-09-18,True,name matches Financial Services heuristic (unverified)
INE123B01028,Nagreeka Exports Limited,NAGREEKEXP,NAGREEKEXP,small,2007-06-18,False,
INE049I01012,Nahar Capital and Financial Services Limited,NAHARCAP,NAHARCAP,small,2008-03-11,True,name matches Financial Services heuristic (unverified)
INE289A01011,Nahar Industrial Enterprises Limited,NAHARINDUS,NAHARINDUS,small,2005-12-15,False,
INE308A01027,Nahar Poly Films Limited,NAHARPOLY,NAHARPOLY,small,2007-03-23,False,
INE290A01027,Nahar Spinning Mills Limited,NAHARSPING,NAHARSPING,small,2007-03-23,False,
INE298J01013,Nippon Life India Asset Management Limited,NAM-INDIA,NAM-INDIA,mid,2017-11-06,True,name matches Financial Services heuristic (unverified)
INE117Z01029,Narmada Agrobase Limited,NARMADA,NARMADA,,2022-10-27,False,
INE936B01015,Natural Capsules Limited,NATCAPSUQ,NATCAPSUQ,small,2025-02-14,False,
INE987B01026,Natco Pharma Limited,NATCOPHARM,NATCOPHARM,small,1995-12-27,False,
INE448G01010,Nath Bio-Genes (India) Limited,NATHBIOGEN,NATHBIOGEN,small,2014-01-28,False,
INE139A01034,National Aluminium Company Limited,NATIONALUM,NATIONALUM,mid,1999-04-28,False,
INE166R01015,National Standard (India) Limited,NATIONSTD,NATIONSTD,small,2026-04-20,True,"listed 140 days ago, below the 365-day minimum"
INE663F01032,Info Edge (India) Limited,NAUKRI,NAUKRI,mid,2006-11-21,False,
INE725A01030,NAVA LIMITED,NAVA,NAVA,small,1996-04-03,False,
INE048G01026,Navin Fluorine International Limited,NAVINFLUOR,NAVINFLUOR,small,2007-06-01,False,
INE278M01019,Navkar Corporation Limited,NAVKARCORP,NAVKARCORP,small,2015-09-09,False,
INE268H01044,Navkar Urbanstructure Limited,NAVKARURB,NAVKARURB,small,2025-01-17,False,
INE060A01024,Navneet Education Limited,NAVNETEDUL,NAVNETEDUL,small,1995-02-08,False,
INE418L01047,Nazara Technologies Limited,NAZARA,NAZARA,small,2021-03-30,False,
INE095N01031,NBCC (India) Limited,NBCC,NBCC,small,2012-04-12,False,
INE365I01020,N. B. I. Industrial Finance Company Limited,NBIFIN,,small,2016-11-23,True,name matches Financial Services heuristic (unverified)
INE868B01028,NCC Limited,NCC,NCC,small,2003-10-14,False,
INE732C01016,NCL Industries Limited,NCLIND,NCLIND,small,2007-04-03,False,
INE756C01015,Naga Dhunseri Group Limited,NDGL,,small,2016-08-29,False,
INE875G01048,Nandan Denim Limited,NDL,NDL,small,2012-03-23,False,
INE353A01023,NDL Ventures Limited,NDLVENTURE,NDLVENTURE,small,2007-04-24,False,
INE07OG01012,Ndr Auto Components Limited,NDRAUTO,NDRAUTO,small,2020-07-30,False,
INE155G01029,New Delhi Television Limited,NDTV,NDTV,small,2004-05-19,False,
INE605D01012,Neelamalai Agro Industries Limited,NEAGI,NEAGI,small,2026-04-20,True,"listed 140 days ago, below the 365-day minimum"
INE553C01016,North Eastern Carrying Corporation Limited,NECCLTD,NECCLTD,small,2016-03-02,False,
INE023H01027,Nectar Lifesciences Limited,NECLIFE,NECLIFE,small,2005-07-18,False,
INE189I01024,Nelcast Limited,NELCAST,NELCAST,small,2007-06-27,False,
INE045B01015,NELCO Limited,NELCO,NELCO,small,2003-05-28,False,
INE136S01016,Neogen Chemicals Limited,NEOGEN,NEOGEN,small,2019-05-08,False,
INE428V01029,Nephrocare Health Services Limited,NEPHROPLUS,NEPHROPLUS,small,2025-12-17,True,"listed 264 days ago, below the 365-day minimum"
INE317F01035,Nesco Limited,NESCO,NESCO,small,2008-04-08,False,
INE239A01024,Nestle India Limited,NESTLEIND,NESTLEIND,large,2023-08-01,False,
INE0NT901020,Netweb Technologies India Limited,NETWEB,NETWEB,small,2023-07-27,False,
INE870H01013,Network18 Media & Investments Limited,NETWORK18,NETWORK18,small,2007-02-02,False,
INE333I01044,Neueon Corporation Limited,NEUEON,NEUEON,small,2013-09-11,False,
INE794A01010,Neuland Laboratories Limited,NEULANDLAB,NEULANDLAB,small,2008-10-13,False,
INE619B01017,Newgen Software Technologies Limited,NEWGEN,NEWGEN,small,2018-01-29,False,
INE747B01016,Next Mediaworks Limited,NEXTMEDIA,NEXTMEDIA,small,2001-04-04,False,
INE870D01012,National Fertilizers Limited,NFL,NFL,small,2006-12-28,False,
INE236Y01012,Nakoda Group of Industries Limited,NGIL,NGIL,small,2021-08-20,False,
INE887E01022,NGL Fine-Chem Limited,NGLFINE,NGLFINE,small,2022-07-08,False,
INE410P01011,Narayana Hrudayalaya Ltd.,NH,NH,mid,2016-01-06,False,
INE848E01016,NHPC Limited,NHPC,NHPC,mid,2009-09-01,False,
INE470Y01017,The New India Assurance Company Limited,NIACL,NIACL,small,2017-11-13,False,
INE149O01018,NIBE Limited,NIBE,NIBE,small,2025-02-07,False,
INE047O01014,NRB Industrial Bearings Limited,NIBL,NIBL,small,2013-04-09,False,
INE653C01022,Nicco Parks & Resorts Limited,NICCOPAR,NICCOPAR,small,2026-08-17,True,"listed 21 days ago, below the 365-day minimum"
INE161A01038,NIIT Limited,NIITLTD,NIITLTD,small,2004-08-16,False,
INE342G01023,NIIT Learning Systems Limited,NIITMTS,NIITMTS,small,2023-08-08,False,
INE937C01029,Nila Infrastructures Limited,NILAINFRA,NILAINFRA,small,2015-05-21,False,
INE00S901012,Nila Spaces Limited,NILASPACES,NILASPACES,small,2018-12-28,False,
INE445D01013,Nile Limited,NILE,NILE,small,2026-04-20,True,"listed 140 days ago, below the 365-day minimum"
INE310A01015,Nilkamal Limited,NILKAMAL,NILKAMAL,small,1995-11-01,False,
INE875B01015,Nimbus Projects Limited,NIMBSPROJ,NIMBSPROJ,small,2026-04-06,True,"listed 154 days ago, below the 365-day minimum"
INE395U01014,NINtec Systems Limited,NINSYS,NINSYS,small,2023-02-21,False,
INE567A01028,Indo-National Limited,NIPPOBATRY,NIPPOBATRY,small,1999-10-06,False,
INE368I01016,Niraj Cement Structurals Limited,NIRAJ,NIRAJ,small,2020-10-01,False,
INE326T01011,Niraj Ispat Industries Limited,NIRAJISPAT,,small,2016-10-27,False,
INE910A01012,Nirlon Limited,NIRLON,NIRLON,small,2026-04-20,True,"listed 140 days ago, below the 365-day minimum"
INE858F01012,Nitco Limited,NITCO,NITCO,small,2006-03-21,False,
INE229H01012,Nitin Spinners Limited,NITINSPIN,NITINSPIN,small,2006-02-02,False,
INE439T01012,Nitiraj Engineers Limited,NITIRAJ,,small,2021-04-22,False,
INE265B01019,Nitta Gelatin India Limited,NITTAGELA,NITTAGELA,small,2026-04-20,True,"listed 140 days ago, below the 365-day minimum"
INE995S01015,Niva Bupa Health Insurance Company Limited,NIVABUPA,NIVABUPA,small,2024-11-14,True,name matches Financial Services heuristic (unverified)
INE542C01019,NK Industries Limited,NKIND,NKIND,small,1995-07-07,False,
INE589A01014,NLC India Limited,NLCINDIA,NLCINDIA,small,2000-08-23,False,
INE584A01023,NMDC Limited,NMDC,NMDC,mid,2008-03-03,False,
INE163A01018,NOCIL Limited,NOCIL,NOCIL,small,1996-01-17,False,
INE781B01015,Noida Toll Bridge Company Limited,NOIDATOLL,NOIDATOLL,small,2002-12-06,False,
INE369C01017,Norben Tea & Exports Limited,NORBTEAEXP,NORBTEAEXP,small,1996-06-26,False,
INE850M01015,Northern Arc Capital Limited,NORTHARC,NORTHARC,small,2024-09-24,True,name matches Financial Services heuristic (unverified)
INE02H701025,Nova Agritech Limited,NOVAAGRI,NOVAAGRI,small,2024-01-31,False,
INE234A01025,Novartis India Limited,NOVARTIND,NOVARTIND,small,2026-04-20,True,"listed 140 days ago, below the 365-day minimum"
INE0FFK01017,Network People Services Technologies Limited,NPST,NPST,small,2025-04-30,False,
INE740D01017,N R Agarwal Industries Limited,NRAIL,NRAIL,small,2017-04-05,False,
INE349A01021,NRB Bearing Limited,NRBBEARING,NRBBEARING,small,2000-03-08,False,
INE0JM501013,Nupur Recyclers Limited,NRL,,small,2023-01-12,False,
INE023A01030,Nalwa Sons Investments Limited,NSIL,NSIL,small,2003-11-17,False,
INE0NNS01018,NMDC Steel Limited,NSLNISP,NSLNISP,small,2023-02-20,False,
INE920C01017,NTC Industries Limited,NTCIND,NTCIND,small,2026-08-17,True,"listed 21 days ago, below the 365-day minimum"
INE733E01010,NTPC Limited,NTPC,NTPC,large,2004-11-05,False,
INE0ONG01011,NTPC Green Energy Limited,NTPCGREEN,NTPCGREEN,mid,2024-11-27,False,
INE096B01018,Nucleus Software Exports Limited,NUCLEUS,NUCLEUS,small,2002-12-19,False,
INE0DSF01015,Nureca Limited,NURECA,NURECA,small,2021-02-25,False,
INE531F01023,Nuvama Wealth Management Limited,NUVAMA,NUVAMA,small,2023-09-26,False,
INE118D01016,Nuvoco Vistas Corporation Limited,NUVOCO,NUVOCO,small,2021-08-23,False,
INE388Y01029,FSN E-Commerce Ventures Limited,NYKAA,NYKAA,mid,2021-11-10,False,
INE959C01023,Oriental Aromatics Limited,OAL,OAL,small,2019-07-11,False,
INE426Z01016,OBCL Limited,OBCL,OBCL,small,2022-04-07,False,
INE093I01010,Oberoi Realty Limited,OBEROIRLTY,OBEROIRLTY,mid,2010-10-20,False,
INE0PK601023,OCCL Limited,OCCLLTD,OCCLLTD,small,2024-10-29,False,
INE054301028,Odigma Consultancy Solutions Limited,ODIGMA,ODIGMA,small,2024-12-12,False,
INE839E01023,Odyssey Corporation Limited,ODYCORP,ODYCORP,small,2026-08-17,True,"listed 21 days ago, below the 365-day minimum"
INE881D01027,Oracle Financial Services Software Limited,OFSS,OFSS,mid,2002-06-28,True,name matches Financial Services heuristic (unverified)
INE274J01014,Oil India Limited,OIL,OIL,mid,2009-09-30,False,
INE591A01010,Oil Country Tubular Limited,OILCOUNTUB,OILCOUNTUB,small,1995-08-30,False,
INE0LXG01040,Ola Electric Mobility Limited,OLAELEC,OLAELEC,small,2024-08-09,True,name matches Utilities heuristic (unverified)
INE260D01016,Olectra Greentech Limited,OLECTRA,OLECTRA,small,2002-03-20,False,
INE090B01011,Omax Autos Limited,OMAXAUTO,OMAXAUTO,small,2003-02-20,False,
INE800H01010,Omaxe Limited,OMAXE,OMAXE,small,2007-08-09,False,
INE1BZC01019,Om Freight Forwarders Limited,OMFREIGHT,OMFREIGHT,small,2025-10-08,True,"listed 334 days ago, below the 365-day minimum"
INE239D01028,OM INFRA LIMITED,OMINFRAL,OMINFRAL,small,2011-06-17,False,
INE0UH301010,Omnitech Engineering Limited,OMNI,OMNI,,2026-03-05,True,"listed 186 days ago, below the 365-day minimum"
INE25E901019,Om Power Transmission Limited,OMPOWER,OMPOWER,,2026-04-17,True,name matches Utilities heuristic (unverified)
INE670O01013,One Global Service Provider Limited,ONEGLOBAL,ONEGLOBAL,small,2026-08-17,True,"listed 21 days ago, below the 365-day minimum"
INE912L01015,Onelife Capital Advisors Limited,ONELIFECAP,ONELIFECAP,small,2011-10-17,True,name matches Financial Services heuristic (unverified)
INE840Y01029,One Point One Solutions Limited,ONEPOINT,ONEPOINT,small,2019-05-09,False,
INE013P01021,Onesource Specialty Pharma Limited,ONESOURCE,ONESOURCE,small,2025-01-24,False,
INE213A01029,Oil & Natural Gas Corporation Limited,ONGC,ONGC,large,1995-07-19,True,name matches Utilities heuristic (unverified)
INE831A01028,Onida Electronics Limited,ONIDA,ONIDA,small,2004-05-24,False,
INE173M01012,Onix Solar Energy Limited,ONIXSOLAR,ONIXSOLAR,small,2026-08-17,True,"listed 21 days ago, below the 365-day minimum"
INE809I01019,OnMobile Global Limited,ONMOBILE,ONMOBILE,small,2008-02-19,False,
INE229A01017,Onward Technologies Limited,ONWARDTEC,ONWARDTEC,small,2001-03-07,False,
INE350C01017,Optiemus Infracom Limited,OPTIEMUS,OPTIEMUS,small,2017-08-08,False,
INE031G01022,Optimus Finance Limited,OPTIFIN,OPTIFIN,small,2026-08-17,True,name matches Financial Services heuristic (unverified)
INE231G01010,Orbit Exports Limited,ORBTEXP,ORBTEXP,small,2013-11-05,False,
INE215B01022,Orchasp Limited,ORCHASP,ORCHASP,small,2025-02-07,False,
INE191A01027,Orchid Pharma Limited,ORCHPHARMA,ORCHPHARMA,small,2020-11-02,False,
INE730A01022,Oricon Enterprises Limited,ORICONENT,ORICONENT,small,2015-07-24,False,
INE998H01012,Oriental Trimex Limited,ORIENTALTL,ORIENTALTL,small,2007-03-07,False,
INE607D01018,Orient Bell Limited,ORIENTBELL,ORIENTBELL,small,2007-02-14,False,
INE876N01018,Orient Cement Limited,ORIENTCEM,ORIENTCEM,small,2013-07-12,False,
INE569C01020,ORIENT CERATECH LIMITED,ORIENTCER,ORIENTCER,small,2005-12-15,False,
INE142Z01019,Orient Electric Limited,ORIENTELEC,ORIENTELEC,small,2018-05-14,True,name matches Utilities heuristic (unverified)
INE750A01020,Oriental Hotels Limited,ORIENTHOT,ORIENTHOT,small,1998-08-27,False,
INE609C01024,Orient Press Limited,ORIENTLTD,ORIENTLTD,small,2010-03-03,False,
INE592A01026,Orient Paper & Industries Limited,ORIENTPPR,ORIENTPPR,small,1995-03-29,False,
INE0PPK01015,Orient Technologies Limited,ORIENTTECH,ORIENTTECH,small,2024-08-28,False,
INE457G01029,Oriental Rail Infrastructure Limited,ORIRAIL,ORIRAIL,small,2026-08-17,True,"listed 21 days ago, below the 365-day minimum"
INE725E01024,The Orissa Minerals Development Company Limited,ORISSAMINE,ORISSAMINE,small,2010-09-29,False,
INE16NZ01023,Orkla India Limited,ORKLAINDIA,ORKLAINDIA,small,2025-11-06,True,"listed 305 days ago, below the 365-day minimum"
INE849L01019,Ortel Communications Limited,ORTEL,ORTEL,small,2015-03-19,False,
INE749B01020,ORTIN GLOBAL LIMITED,ORTINGLOBE,ORTINGLOBE,small,2021-03-30,False,
INE06IR01021,Osia Hyper Retail Limited,OSIAHYPER,,small,2022-12-01,False,
INE142A01012,Oswal Agro Mills Limited,OSWALAGRO,OSWALAGRO,small,1995-03-29,False,
INE143A01010,Oswal Greentech Limited,OSWALGREEN,OSWALGREEN,small,1996-08-28,False,
INE0BYP01024,Oswal Pumps Limited,OSWALPUMPS,OSWALPUMPS,small,2025-06-20,False,
INE00IK01029,ShreeOswal Seeds And Chemicals Limited,OSWALSEEDS,,small,2023-02-28,False,
INE0S3G01027,Pace Digitek Limited,PACEDIGITK,PACEDIGITK,small,2025-10-06,True,"listed 336 days ago, below the 365-day minimum"
INE883C01025,Pacific Industries Limited,PACIFICI,PACIFICI,small,2026-08-17,True,"listed 21 days ago, below the 365-day minimum"
INE761H01022,Page Industries Limited,PAGEIND,PAGEIND,mid,2007-03-16,False,
INE420C01059,Paisalo Digital Limited,PAISALO,PAISALO,small,2011-10-17,False,
INE551D01018,PAKKA LIMITED,PAKKA,PAKKA,small,2023-07-11,False,
INE471W01019,Palash Securities Limited,PALASHSECU,PALASHSECU,small,2017-07-28,False,
INE218G01033,Palred Technologies Limited,PALREDTEC,PALREDTEC,small,2016-05-09,False,
INE922B01023,Panacea Biotec Limited,PANACEABIO,PANACEABIO,small,1996-04-17,False,
INE895W01019,Panache Digilife Limited,PANACHE,,small,2020-01-06,False,
INE305C01029,Panama Petrochem Limited,PANAMAPET,PANAMAPET,small,2011-09-30,False,
INE798F01010,Panchmahal Steel Limited,PANCHMAHQ,PANCHMAHQ,small,2026-08-17,True,"listed 21 days ago, below the 365-day minimum"
INE258R01028,Panorama Studios International Limited,PANORAMA,PANORAMA,small,2026-08-17,True,"listed 21 days ago, below the 365-day minimum"
INE697V01011,Pansari Developers Limited,PANSARI,,small,2021-10-18,False,
INE04LG01015,Par Drugs And Chemicals Limited,PAR,,small,2021-09-16,False,
INE074B01023,Paramount Communications Limited,PARACABLES,PARACABLES,small,2007-01-03,False,
INE088F01024,Paradeep Phosphates Limited,PARADEEP,PARADEEP,small,2022-05-27,False,
INE883N01014,Parag Milk Foods Limited,PARAGMILK,PARAGMILK,small,2016-05-19,False,
INE045601023,Paras Defence and Space Technologies Limited,PARAS,PARAS,small,2021-10-01,False,
INE162C01024,Paras Petrofils Limited,PARASPETRO,PARASPETRO,small,1996-02-14,False,
INE119201023,Park Medi World Limited,PARKHOSPS,PARKHOSPS,small,2025-12-17,True,"listed 264 days ago, below the 365-day minimum"
INE988S01028,Apeejay Surrendra Park Hotels Limited,PARKHOTELS,PARKHOTELS,small,2024-02-12,False,
INE383L01019,Parnax Lab Limited,PARNAXLAB,PARNAXLAB,small,2026-08-17,True,"listed 21 days ago, below the 365-day minimum"
INE561H01026,Parsvnath Developers Limited,PARSVNATH,PARSVNATH,small,2006-11-30,False,
INE124Y01028,Pashupati Cotspin Limited,PASHUPATI,PASHUPATI,,2025-07-17,False,
INE818B01023,Pasupati Acrylon Limited,PASUPTAC,PASUPTAC,small,2021-10-12,False,
INE619A01035,Patanjali Foods Limited,PATANJALI,PATANJALI,mid,2020-01-24,False,
INE244B01030,Patel Engineering Limited,PATELENG,PATELENG,small,2005-02-24,False,
INE0R8B01010,Patel Retail Limited,PATELRMART,PATELRMART,small,2025-08-26,False,
INE529D01014,Patel Integrated Logistics Limited,PATINTLOG,PATINTLOG,small,2008-01-11,False,
INE111F01024,Paushak Limited,PAUSHAKLTD,PAUSHAKLTD,small,2025-12-01,True,"listed 280 days ago, below the 365-day minimum"
INE07S101038,Pavna Industries Limited,PAVNAIND,PAVNAIND,small,2023-06-01,False,
INE982J01020,One 97 Communications Limited,PAYTM,PAYTM,mid,2021-11-18,False,
INE501F01018,PBM Polytex Limited,PBMPOLY,PBMPOLY,small,2026-08-17,True,"listed 21 days ago, below the 365-day minimum"
INE602A01031,PCBL Chemical Limited,PCBL,PCBL,small,1995-03-29,False,
INE785M01021,PC Jeweller Limited,PCJEWELLER,PCJEWELLER,small,2012-12-27,False,
INE865T01018,Pudumjee Paper Products Limited,PDMJEPAPER,PDMJEPAPER,small,2016-03-30,False,
INE111Q01021,PDS Limited,PDSL,PDSL,small,2014-10-21,False,
INE844A01013,Pearl Polymers Limited,PEARLPOLY,PEARLPOLY,small,1995-10-11,False,
INE932A01024,Pennar Industries Limited,PENIND,PENIND,small,2010-11-25,False,
INE138A01028,Peninsula Land Limited,PENINLAND,PENINLAND,small,1995-02-08,False,
INE418E01018,Permanent Magnets Limited,PERMAGN,PERMAGN,small,2026-08-17,True,"listed 21 days ago, below the 365-day minimum"
INE0I1B01016,Purple Style Labs Limited,PERNIASPOP,PERNIASPOP,,2026-09-07,True,"listed 0 days ago, below the 365-day minimum"
INE262H01021,Persistent Systems Limited,PERSISTENT,PERSISTENT,mid,2010-04-06,False,
INE347G01014,Petronet LNG Limited,PETRONET,PETRONET,mid,2004-03-26,False,
INE134E01011,Power Finance Corporation Limited,PFC,PFC,large,2007-02-23,True,name matches Financial Services heuristic (unverified)
INE182A01018,Pfizer Limited,PFIZER,PFIZER,small,1999-04-28,False,
INE367G01038,Prime Focus Limited,PFOCUS,PFOCUS,small,2006-06-20,False,
INE560K01014,PTC India Financial Services Limited,PFS,PFS,small,2011-03-30,True,name matches Financial Services heuristic (unverified)
INE457L01029,PG Electroplast Limited,PGEL,PGEL,small,2011-09-26,False,
INE179A01014,Procter & Gamble Hygiene and Health Care Limited,PGHH,PGHH,mid,2004-07-07,False,
INE199A01012,Procter & Gamble Health Limited,PGHL,PGHL,small,1996-04-24,False,
INE940H01022,Pearl Global Industries Limited,PGIL,PGIL,small,2007-02-15,False,
INE211B01039,The Phoenix Mills Limited,PHOENIXLTD,PHOENIXLTD,mid,2007-04-23,False,
INE245B01011,Phoenix International Limited,PHOENXINTL,PHOENXINTL,small,2026-08-17,True,"listed 21 days ago, below the 365-day minimum"
INE546C01010,Piccadily Agro Industries Limited,PICCADIL,PICCADIL,small,2025-07-02,False,
INE318A01026,Pidilite Industries Limited,PIDILITIND,PIDILITIND,large,1995-03-29,False,
INE557Z01018,Power & Instrumentation (Gujarat) Limited,PIGL,PIGL,small,2023-05-17,True,name matches Utilities heuristic (unverified)
INE603J01030,PI Industries Limited,PIIND,PIIND,mid,2011-06-15,False,
INE417C01014,Pilani Investment and Industries Corporation Limited,PILANIINVS,PILANIINVS,small,2015-12-08,False,
INE600A01035,PIL ITALICA LIFESTYLE LIMITED,PILITA,PILITA,small,2013-10-07,False,
INE15B701018,Pine Labs Limited,PINELABS,PINELABS,small,2025-11-14,True,"listed 297 days ago, below the 365-day minimum"
INE156C01018,Pioneer Embroideries Limited,PIONEEREMB,PIONEEREMB,small,2006-05-16,False,
INE746D01014,Pioneer Investcorp Limited,PIONRINV,PIONRINV,small,2026-04-20,True,"listed 140 days ago, below the 365-day minimum"
INE202B01038,Piramal Finance Limited,PIRAMALFIN,PIRAMALFIN,mid,2025-11-07,True,name matches Financial Services heuristic (unverified)
INE450D01021,Pitti Engineering Limited,PITTIENG,PITTIENG,small,2007-02-02,False,
INE751B01018,Pix Transmissions Limited,PIXTRANS,PIXTRANS,small,2022-04-28,True,name matches Utilities heuristic (unverified)
INE431F01018,The Peria Karamalai Tea & Produce Company Limited,PKTEA,,small,2015-08-19,False,
INE083C01022,Plastiblends India Limited,PLASTIBLEN,PLASTIBLEN,small,2006-12-28,False,
INE0PT501018,Platinum Industries Limited,PLATIND,PLATIND,small,2024-03-05,False,
INE0INJ01017,Plaza Wires Limited,PLAZACABLE,PLAZACABLE,small,2023-10-12,False,
INE291E01019,Paul Merchants Limited,PML,PML,small,2026-04-20,True,"listed 140 days ago, below the 365-day minimum"
INE160A01022,Punjab National Bank,PNB,PNB,large,2002-04-24,True,name matches Financial Services heuristic (unverified)
INE859A01011,PNB Gilts Limited,PNBGILTS,PNBGILTS,small,2000-09-18,False,
INE572E01012,PNB Housing Finance Limited,PNBHOUSING,PNBHOUSING,small,2016-11-07,True,name matches Financial Services heuristic (unverified)
INE392B01011,Pritish Nandy Communications Limited,PNC,PNC,small,2000-12-11,False,
INE195J01029,PNC Infratech Limited,PNCINFRA,PNCINFRA,small,2015-05-26,False,
INE953R01016,P N Gadgil Jewellers Limited,PNGJL,PNGJL,small,2024-09-17,False,
INE1RDG01013,PNGS Reva Diamond Jewellery Limited,PNGSREVA,PNGSREVA,,2026-03-04,True,"listed 187 days ago, below the 365-day minimum"
INE063E01061,Pondy Oxides & Chemicals Limited,POCL,POCL,,2023-03-06,False,
INE371C01013,Poddar Pigments Limited,PODDARMENT,PODDARMENT,small,2016-11-22,False,
INE035S01028,POCL Enterprises Limited,POEL,POEL,small,2026-08-17,True,"listed 21 days ago, below the 365-day minimum"
INE637C01025,Pokarna Limited,POKARNA,POKARNA,small,2016-07-07,False,
INE417T01026,PB Fintech Limited,POLICYBZR,POLICYBZR,mid,2021-11-15,False,
INE455K01017,Polycab India Limited,POLYCAB,POLYCAB,large,2019-04-16,False,
INE205C01021,Poly Medicure Limited,POLYMED,POLYMED,small,2011-12-07,False,
INE633B01018,Polyplex Corporation Limited,POLYPLEX,POLYPLEX,small,2003-04-11,False,
INE914G01029,Polyspin Exports Limited,POLYSPIN,POLYSPIN,small,2026-08-17,True,"listed 21 days ago, below the 365-day minimum"
INE838E01017,Ponni Sugars (Erode) Limited,PONNIERODE,PONNIERODE,small,2002-04-16,False,
INE511C01022,Poonawalla Fincorp Limited,POONAWALLA,POONAWALLA,mid,2004-04-27,False,
INE752E01010,Power Grid Corporation of India Limited,POWERGRID,POWERGRID,large,2007-10-05,True,name matches Utilities heuristic (unverified)
INE921L01032,Powerica Limited,POWERICA,POWERICA,,2026-04-02,True,name matches Utilities heuristic (unverified)
INE07Y701011,Hitachi Energy India Limited,POWERINDIA,POWERINDIA,mid,2020-03-30,False,
INE211R01019,Power Mech Projects Limited,POWERMECH,POWERMECH,small,2015-08-26,True,name matches Utilities heuristic (unverified)
INE095I01015,PPAP Automotive Limited,PPAP,PPAP,small,2008-01-11,False,
INE050001010,Prakash Pipes Limited,PPL,PPL,small,2019-06-14,False,
INE0DK501011,Piramal Pharma Limited,PPLPHARMA,PPLPHARMA,small,2022-10-19,False,
INE0I0M01023,Prabha Energy Limited,PRABHA,PRABHA,small,2025-03-19,False,
INE770A01010,Pradeep Metals Limited,PRADPME,PRADPME,small,2026-04-20,True,"listed 140 days ago, below the 365-day minimum"
INE505C01016,Prajay Engineers Syndicate Limited,PRAENG,PRAENG,small,2007-01-02,False,
INE074A01025,Praj Industries Limited,PRAJIND,PRAJIND,small,1995-10-11,False,
INE603A01013,Prakash Industries Limited,PRAKASH,PRAKASH,small,1995-05-10,False,
INE696K01024,Prakash Steelage Limited,PRAKASHSTL,PRAKASHSTL,small,2010-08-25,False,
INE722B01019,Praveg Limited,PRAVEG,PRAVEG,small,2026-04-20,True,"listed 140 days ago, below the 365-day minimum"
INE546Y01022,Praxis Home Retail Limited,PRAXIS,PRAXIS,small,2018-01-31,False,
INE484I01029,Precision Camshafts Limited,PRECAM,PRECAM,small,2016-02-08,False,
INE283A01014,Precot Limited,PRECOT,,small,2005-08-19,False,
INE372C01037,Precision Wires India Limited,PRECWIRE,PRECWIRE,small,1995-09-06,False,
INE001E01012,Premco Global Limited,PREMCO,PREMCO,small,2026-04-20,True,"listed 140 days ago, below the 365-day minimum"
INE863B01029,Premier Explosives Limited,PREMEXPLN,PREMEXPLN,small,2016-06-17,False,
INE342A01018,Premier Limited,PREMIER,PREMIER,small,1996-04-03,False,
INE0BS701011,Premier Energies Limited,PREMIERENE,PREMIERENE,mid,2024-09-03,False,
INE309M01020,Premier Polyfilm Limited,PREMIERPOL,PREMIERPOL,small,1995-12-13,False,
INE811K01011,Prestige Estates Projects Limited,PRESTIGE,PRESTIGE,mid,2010-10-27,False,
INE726V01018,Pricol Limited,PRICOLLTD,PRICOLLTD,small,2017-02-10,False,
INE032B01021,Prime Securities Limited,PRIMESECU,PRIMESECU,small,2005-06-17,False,
INE607A01022,Primo Chemicals Limited,PRIMO,PRIMO,small,2025-04-22,False,
INE689W01016,Prince Pipes And Fittings Limited,PRINCEPIPE,PRINCEPIPE,small,2019-12-30,False,
INE15EH01014,Priority Jewels Limited,PRIORITY,PRIORITY,,2026-09-04,True,"listed 3 days ago, below the 365-day minimum"
INE286N01028,Prismx Global Ventures Limited,PRISMX,PRISMX,small,2026-08-17,True,"listed 21 days ago, below the 365-day minimum"
INE974Z01015,Priti International Limited,PRITI,,small,2022-03-02,False,
INE583R01029,Pritika Auto Industries Limited,PRITIKAUTO,PRITIKAUTO,small,2021-08-10,False,
INE959A01019,Privi Speciality Chemicals Limited,PRIVISCL,PRIVISCL,small,2015-05-08,False,
INE0BX301013,Prostarm Info Systems Limited,PROSTARM,PROSTARM,small,2025-06-03,False,
INE004A01022,Protean eGov Technologies Limited,PROTEAN,PROTEAN,small,2025-02-06,False,
INE195N01013,Prozone Realty Limited,PROZONER,PROZONER,small,2012-09-12,False,
INE010A01011,Prism Johnson Limited,PRSMJOHNSN,PRSMJOHNSN,small,2003-08-20,False,
INE00F201020,Prudent Corporate Advisory Services Limited,PRUDENT,PRUDENT,small,2022-05-20,False,
INE024D01016,Prudential Sugar Corporation Limited,PRUDMOULI,PRUDMOULI,small,1995-05-10,False,
INE608A01012,Punjab & Sind Bank,PSB,PSB,small,2010-12-30,True,name matches Financial Services heuristic (unverified)
INE488V01015,PSP Projects Limited,PSPPROJECT,PSPPROJECT,small,2017-05-29,False,
INE877F01012,PTC India Limited,PTC,PTC,small,2004-04-07,False,
INE596F01018,PTC Industries Limited,PTCIL,PTCIL,small,2023-06-09,False,
INE034D01049,PTL Enterprises Limited,PTL,PTL,small,2007-01-29,False,
INE277B01014,Punjab Chemicals & Crop Protection Limited,PUNJABCHEM,PUNJABCHEM,small,2007-03-08,False,
INE323I01011,Puravankara Limited,PURVA,PURVA,small,2007-08-30,False,
INE362A01016,PVP Ventures Limited,PVP,PVP,small,1996-04-03,False,
INE191H01014,PVR INOX Limited,PVRINOX,PVRINOX,small,2006-01-04,False,
INE772T01024,Popular Vehicles and Services Limited,PVSL,PVSL,small,2024-03-19,False,
INE0LP301011,Physicswallah Limited,PWL,PWL,mid,2025-11-18,True,"listed 293 days ago, below the 365-day minimum"
INE0MIS01010,Pyramid Technoplast Limited,PYRAMID,PYRAMID,small,2023-08-29,False,
INE0FMW01018,QMS Medical Allied Services Limited,QMSMEDI,,,2026-06-18,True,"listed 81 days ago, below the 365-day minimum"
INE0SII01026,Quality Power Electrical Equipments Limited,QPOWER,QPOWER,small,2025-02-24,True,name matches Utilities heuristic (unverified)
INE0LRY01011,Quadrant Future Tek Limited,QUADFUTURE,QUADFUTURE,small,2025-01-14,False,
INE615P01015,Quess Corp Limited,QUESS,QUESS,small,2016-07-12,False,
INE306L01010,Quick Heal Technologies Limited,QUICKHEAL,QUICKHEAL,small,2016-02-18,False,
INE641R01017,Quint Digital Limited,QUINT,QUINT,small,2026-04-20,True,"listed 140 days ago, below the 365-day minimum"
INE033B01011,Quintegra Solutions Limited,QUINTEGRA,QUINTEGRA,small,2000-12-20,False,
INE084Q01012,Race Eco Chain Limited,RACE,RACE,small,2023-05-09,False,
INE704B01017,RACL Geartech Limited,RACLGEAR,RACLGEAR,small,2024-11-27,False,
INE874F01027,Radaan Mediaworks India Limited,RADAAN,RADAAN,small,2003-02-27,False,
INE583V01021,Radhika Jeweltech Limited,RADHIKAJWE,RADHIKAJWE,small,2022-07-18,False,
INE855R01021,Radiant Cash Management Services Limited,RADIANTCMS,RADIANTCMS,small,2023-01-04,False,
INE944F01028,Radico Khaitan Limited,RADICO,RADICO,mid,2003-06-18,False,
INE919I01024,Music Broadcast Limited,RADIOCITY,RADIOCITY,small,2017-03-17,False,
INE0DD101019,Railtel Corporation Of India Limited,RAILTEL,RAILTEL,small,2021-02-26,False,
INE855B01025,Rain Industries Limited,RAIN,RAIN,small,2008-03-03,False,
INE961O01016,Rainbow Childrens Medicare Limited,RAINBOW,RAINBOW,small,2022-05-10,False,
INE343B01030,Rajesh Exports Limited,RAJESHEXPO,RAJESHEXPO,small,2000-02-09,False,
INE00KV01022,Rajnandini Metal Limited,RAJMET,,small,2021-02-16,False,
INE535F01024,Rajoo Engineers Limited,RAJOOENG,RAJOOENG,small,2025-05-29,False,
INE296E01026,Rajapalayam Mills Limited,RAJPALAYAM,RAJPALAYAM,small,2026-04-20,True,"listed 140 days ago, below the 365-day minimum"
INE451D01029,Rajratan Global Wire Limited,RAJRATAN,RAJRATAN,small,2020-05-22,False,
INE533D01032,Raj Rayon Industries Limited,RAJRILTD,RAJRILTD,small,2022-03-16,False,
INE562B01019,Rajshree Sugars & Chemicals Limited,RAJSREESUG,RAJSREESUG,small,1995-03-29,False,
INE952H01027,Raj Television Network Limited,RAJTV,RAJTV,small,2007-03-16,False,
INE011H01014,Rajvir Industries Limited,RAJVIR,RAJVIR,small,2005-09-20,False,
INE613A01020,Rallis India Limited,RALLIS,RALLIS,small,1999-04-01,False,
INE278B01020,Shree Rama Newsprint Limited,RAMANEWS,RAMANEWS,small,2006-09-20,False,
INE809A01032,Rama Phosphates Limited,RAMAPHO,RAMAPHO,small,2022-08-05,False,
INE230R01035,Rama Steel Tubes Limited,RAMASTEEL,RAMASTEEL,small,2015-08-19,False,
INE1SJO01012,Advit Jewels Limited,RAMBHAJO,RAMBHAJO,,2026-07-01,True,"listed 68 days ago, below the 365-day minimum"
INE331A01037,The Ramco Cements Limited,RAMCOCEM,RAMCOCEM,small,1997-04-09,False,
INE614A01028,Ramco Industries Limited,RAMCOIND,RAMCOIND,small,1996-11-06,False,
INE246B01019,Ramco Systems Limited,RAMCOSYS,RAMCOSYS,small,2000-04-12,False,
INE874I01013,Ramky Infrastructure Limited,RAMKY,RAMKY,small,2010-10-08,False,
INE207E01023,Ram Ratna Wires Limited,RAMRAT,RAMRAT,small,2022-07-29,False,
INE625B01014,Rana Sugars Limited,RANASUG,RANASUG,small,2005-02-24,False,
INE384A01010,Rane Holdings Limited,RANEHOLDIN,RANEHOLDIN,small,1997-09-24,False,
INE0CLI01024,Rategain Travel Technologies Limited,RATEGAIN,RATEGAIN,small,2021-12-17,False,
INE703B01027,Ratnamani Metals & Tubes Limited,RATNAMANI,RATNAMANI,small,2006-05-09,False,
INE05CZ01011,Ratnaveer Precision Engineering Limited,RATNAVEER,RATNAVEER,small,2023-09-11,False,
INE301A01014,Raymond Limited,RAYMOND,RAYMOND,small,1995-10-18,False,
INE02ID01020,Raymond Lifestyle Limited,RAYMONDLSL,RAYMONDLSL,small,2024-09-05,False,
INE1SY401010,Raymond Realty Limited,RAYMONDREL,RAYMONDREL,small,2025-07-01,False,
INE07T201019,Restaurant Brands Asia Limited,RBA,RBA,small,2020-12-14,False,
INE976G01028,RBL Bank Limited,RBLBANK,RBLBANK,small,2016-08-31,True,name matches Financial Services heuristic (unverified)
INE0PEQ01016,RBZ Jewellers Limited,RBZJEWEL,RBZJEWEL,small,2023-12-27,False,
INE027A01015,Rashtriya Chemicals and Fertilizers Limited,RCF,RCF,small,1998-01-07,False,
INE330H01018,Reliance Communications Limited,RCOM,RCOM,small,2006-03-06,False,
INE020B01018,REC Limited,RECLTD,RECLTD,mid,2008-03-12,False,
INE891D01026,Redington Limited,REDINGTON,REDINGTON,small,2007-02-15,False,
INE0LXT01019,Redtape Limited,REDTAPE,REDTAPE,small,2023-08-11,False,
INE056I01025,Refex Industries Limited,REFEX,REFEX,small,2009-12-03,False,
INE0MHO01029,Regaal Resources Limited,REGAAL,REGAAL,small,2025-08-20,False,
INE277C01012,Regency Ceramics Limited,REGENCERAM,REGENCERAM,small,1996-06-05,False,
INE131B01039,Relaxo Footwears Limited,RELAXO,RELAXO,small,2011-06-17,False,
INE750D01016,Reliance Chemotex Industries Limited,RELCHEMQ,RELCHEMQ,small,2022-05-25,False,
INE375Y01018,Reliable Data Services Limited,RELIABLE,RELIABLE,small,2024-07-10,False,
INE002A01018,Reliance Industries Limited,RELIANCE,RELIANCE,large,1995-11-29,False,
INE621H01010,Religare Enterprises Limited,RELIGARE,RELIGARE,small,2007-11-21,False,
INE036A01016,Reliance Infrastructure Limited,RELINFRA,RELINFRA,small,1995-02-08,False,
INE206N01018,Ravindra Energy Limited,RELTD,RELTD,small,2024-07-30,False,
INE474C01023,Remsons Industries Limited,REMSONSIND,REMSONSIND,small,1996-01-31,False,
INE087H01022,Shree Renuka Sugars Limited,RENUKA,RENUKA,small,2005-10-31,False,
INE612J01015,Repco Home Finance Limited,REPCOHOME,REPCOHOME,small,2013-04-01,True,name matches Financial Services heuristic (unverified)
INE364Z01019,Rudrabhishek Enterprises Limited,REPL,,small,2020-12-14,False,
INE461B01014,Repro India Limited,REPRO,REPRO,small,2005-12-22,False,
INE688D01026,Responsive Industries Limited,RESPONIND,RESPONIND,small,2010-10-29,False,
INE03DD01011,JHS Svendgaard Retail Ventures Limited,RETAIL,RETAIL,small,2024-06-26,False,
INE722H01024,Renaissance Global Limited,RGL,RGL,small,2007-12-12,False,
INE0KKN01029,Rhetan TMT Limited,RHETAN,RHETAN,small,2025-09-26,True,"listed 346 days ago, below the 365-day minimum"
INE217K01011,Reliance Home Finance Limited,RHFL,RHFL,small,2017-09-22,True,name matches Financial Services heuristic (unverified)
INE743M01012,RHI MAGNESITA INDIA LIMITED,RHIM,RHIM,small,2012-03-12,False,
INE508K01013,Robust Hotels Limited,RHL,RHL,small,2023-04-25,False,
INE209B01025,Rico Auto Industries Limited,RICOAUTO,RICOAUTO,small,2003-05-12,False,
INE046A01015,Reliance Industrial Infrastructure Limited,RIIL,RIIL,small,1995-11-29,False,
INE302D01024,RIR Power Electronics Limited,RIR,RIR,small,2026-07-16,True,name matches Utilities heuristic (unverified)
INE0N2P01017,Rishabh Instruments Limited,RISHABH,RISHABH,small,2023-09-11,False,
INE01EG01016,Ritco Logistics Limited,RITCO,RITCO,small,2022-04-12,False,
INE320J01015,RITES Limited,RITES,RITES,small,2018-07-02,False,
INE722J01012,Ravi Kumar Distilleries Limited,RKDL,RKDL,small,2010-12-27,False,
INE786W01010,RKEC Projects Limited,RKEC,,small,2020-12-18,False,
INE399G01023,Ramkrishna Forgings Limited,RKFORGE,RKFORGE,small,2004-05-05,False,
INE0NQ801033,R K Swamy Limited,RKSWAMY,RKSWAMY,small,2024-03-12,False,
INE655V01019,RMC Switchgears Limited,RMC,RMC,small,2026-04-01,True,"listed 159 days ago, below the 365-day minimum"
INE219Y01026,R M Drip and Sprinklers Systems Limited,RMDRIP,RMDRIP,small,2025-07-30,False,
INE050H01012,Rane (Madras) Limited,RML,RML,small,2005-08-30,False,
INE012Q01039,R&B Denims Limited,RNBDENIMS,RNBDENIMS,,2025-09-04,False,
INE283H01019,Royal Orchid Hotels Limited,ROHLTD,ROHLTD,small,2006-02-06,False,
INE645S01024,Rolex Rings Limited,ROLEXRINGS,ROLEXRINGS,small,2021-08-09,False,
INE927A01040,Rollatainers Limited,ROLLT,ROLLT,small,2016-11-22,False,
INE294G01026,Raj Oil Mills Limited,ROML,ROML,small,2020-10-06,False,
INE02A801020,Rossari Biotech Limited,ROSSARI,ROSSARI,small,2020-07-23,False,
INE847C01020,Rossell India Limited,ROSSELLIND,ROSSELLIND,small,2012-09-25,False,
INE0OJW01016,Rossell Techsys Limited,ROSSTECH,ROSSTECH,small,2024-12-09,False,
INE535D01037,Roto Pumps Limited,ROTO,ROTO,small,2022-04-21,False,
INE450U01017,ROUTE MOBILE LIMITED,ROUTE,ROUTE,small,2020-09-21,False,
INE912T01018,Raghav Productivity Enhancers Limited,RPEL,RPEL,small,2024-08-08,False,
INE105J01010,RPG Life Sciences Limited,RPGLIFE,RPGLIFE,small,2008-06-10,False,
INE614G01033,Reliance Power Limited,RPOWER,RPOWER,small,2008-02-11,True,name matches Utilities heuristic (unverified)
INE324L01013,R.P.P. Infra Projects Limited,RPPINFRA,RPPINFRA,small,2010-12-06,False,
INE760W01023,Rajshree Polypack Limited,RPPL,,small,2021-11-26,False,
INE425Y01011,RPSG VENTURES LIMITED,RPSGVENT,RPSGVENT,small,2019-01-25,False,
INE0J1F01024,Rashi Peripherals Limited,RPTECH,RPTECH,small,2024-02-14,False,
INE0AK901016,RDB Real Estate Constructions Limited,RRECL,RRECL,small,2026-08-17,True,"listed 21 days ago, below the 365-day minimum"
INE951M01037,RRIL Limited,RRIL,RRIL,small,2026-04-20,True,"listed 140 days ago, below the 365-day minimum"
INE777K01022,R R Kabel Limited,RRKABEL,RRKABEL,small,2023-09-20,False,
INE616F01022,RSD Finance Limited,RSDFIN,RSDFIN,small,2026-04-20,True,name matches Financial Services heuristic (unverified)
INE313L01016,Rajputana Stainless Limited,RSL,RSL,,2026-03-19,True,"listed 172 days ago, below the 365-day minimum"
INE165B01029,R. S. Software (India) Limited,RSSOFTWARE,RSSOFTWARE,small,1999-05-19,False,
INE611A01016,RSWM Limited,RSWM,RSWM,small,1995-02-15,False,
INE411H01032,R Systems International Limited,RSYSTEMS,RSYSTEMS,small,2006-04-26,False,
INE834M01019,RattanIndia Enterprises Limited,RTNINDIA,RTNINDIA,small,2012-07-30,False,
INE399K01017,RattanIndia Power Limited,RTNPOWER,RTNPOWER,small,2009-10-30,True,name matches Utilities heuristic (unverified)
INE005C01017,RTS Power Corporation Limited,RTSPOWR,RTSPOWR,small,2026-08-17,True,name matches Utilities heuristic (unverified)
INE642C01025,Rubfila International Limited,RUBFILA,RUBFILA,small,2024-08-08,False,
INE506V01022,Rubicon Research Limited,RUBICON,RUBICON,small,2025-10-16,True,"listed 326 days ago, below the 365-day minimum"
INE301D01026,The Ruby Mills Limited,RUBYMILLS,RUBYMILLS,small,1995-03-29,False,
INE413B01023,Ruchi Infrastructure Limited,RUCHINFRA,RUCHINFRA,small,1996-10-16,False,
INE803H01014,Ruchira Papers Limited,RUCHIRA,RUCHIRA,small,2006-12-20,False,
INE027T01023,Rudra Global Infra Products Limited,RUDRA,RUDRA,small,2025-12-19,True,"listed 262 days ago, below the 365-day minimum"
INE895B01021,Rupa & Company Limited,RUPA,RUPA,small,2011-12-07,False,
INE573K01025,Rushil Decor Limited,RUSHIL,RUSHIL,small,2011-07-07,False,
INE263M01029,Keystone Realtors Limited,RUSTOMJEE,RUSTOMJEE,small,2022-11-24,False,
INE09E501017,Ravinder Heights Limited,RVHL,RVHL,small,2020-12-18,False,
INE415G01027,Rail Vikas Nigam Limited,RVNL,RVNL,mid,2019-04-11,False,
INE0DAB01012,Revathi Equipment India Limited,RVTH,RVTH,small,2024-09-11,False,
INE902B01017,S&S Power Switchgears Limited,S&SPOWER,S&SPOWER,small,1995-09-27,True,name matches Utilities heuristic (unverified)
INE13B501022,Saatvik Green Energy Limited,SAATVIKGL,SAATVIKGL,small,2025-09-26,True,"listed 346 days ago, below the 365-day minimum"
INE137M01017,SAB Industries Limited,SAB,SAB,small,2026-08-17,True,"listed 21 days ago, below the 365-day minimum"
INE226H01026,Sadbhav Engineering Limited,SADBHAV,SADBHAV,small,2006-03-01,False,
INE764L01010,Sadbhav Infrastructure Project Limited,SADBHIN,SADBHIN,small,2015-09-16,False,
INE888C01040,Sadhana Nitrochem Limited,SADHNANIQ,SADHNANIQ,small,2023-05-05,False,
INE429E01023,Safari Industries (India) Limited,SAFARI,SAFARI,small,2019-09-12,False,
INE976T01013,Sagardeep Alloys Limited,SAGARDEEP,,small,2019-01-25,False,
INE229C01021,Sagar Cements Limited,SAGCEM,SAGCEM,small,2007-01-29,False,
INE0W2G01015,SAGILITY LIMITED,SAGILITY,SAGILITY,small,2024-11-12,False,
INE861D01011,Shalibhadra Finance Limited,SAHLIBHFI,SAHLIBHFI,small,2026-04-10,True,name matches Financial Services heuristic (unverified)
INE280H01015,Sahyadri Industries Limited,SAHYADRI,SAHYADRI,small,2023-04-06,False,
INE531X01018,Sai Capital Limited,SAICAPI,SAICAPI,small,2026-08-17,True,name matches Financial Services heuristic (unverified)
INE114A01011,Steel Authority of India Limited,SAIL,SAIL,mid,1995-07-06,False,
INE570L01029,Sai Life Sciences Limited,SAILIFE,SAILIFE,small,2024-12-18,False,
INE0H9F01037,Sai Parenterals Limited,SAIPARENT,SAIPARENT,,2026-04-02,True,"listed 158 days ago, below the 365-day minimum"
INE732S01012,Sakar Healthcare Limited,SAKAR,,small,2019-04-11,False,
INE623A01011,Sakthi Sugars Limited,SAKHTISUG,SAKHTISUG,small,1995-09-06,False,
INE667G01023,Saksoft Limited,SAKSOFT,SAKSOFT,small,2005-05-09,False,
INE190H01024,Sakuma Exports Limited,SAKUMA,SAKUMA,small,2006-03-08,False,
INE170V01027,Salasar Techno Engineering Limited,SALASAR,SALASAR,small,2017-07-25,False,
INE498E01010,Salona Cotspin Limited,SALONA,SALONA,small,2016-06-16,False,
INE658G01014,S.A.L. Steel Limited,SALSTEEL,SALSTEEL,small,2004-11-24,False,
INE457F01013,Salzer Electronics Limited,SALZERELEC,SALZERELEC,small,2015-12-02,False,
INE304D01012,Sambandam Spinning Mills Limited,SAMBANDAM,SAMBANDAM,small,2026-08-17,True,"listed 21 days ago, below the 365-day minimum"
INE699B01027,Sambhaav Media Limited,SAMBHAAV,SAMBHAAV,small,1996-06-05,False,
INE12NJ01018,Sambhv Steel Tubes Limited,SAMBHV,SAMBHV,small,2025-07-02,False,
INE08U801020,Samhi Hotels Limited,SAMHI,SAMHI,small,2023-09-22,False,
INE148I01020,Sammaan Capital Limited,SAMMAANCAP,SAMMAANCAP,small,2013-07-23,True,name matches Financial Services heuristic (unverified)
INE735M01018,Sampann Utpadan India Limited,SAMPANN,SAMPANN,small,2012-07-27,False,
INE0JPD01013,Sanathan Textiles Limited,SANATHAN,SANATHAN,small,2024-12-27,False,
INE583B01015,The Sandesh Limited,SANDESH,SANDESH,small,2002-11-26,False,
INE278H01035,Sandhar Technologies Limited,SANDHAR,SANDHAR,small,2018-04-02,False,
INE149K01016,Sandur Manganese & Iron Ores Limited,SANDUMA,SANDUMA,small,2023-09-07,False,
INE495C01010,Sangam (India) Limited,SANGAMIND,SANGAMIND,small,1996-07-17,False,
INE989A01032,Sanghvi Movers Limited,SANGHVIMOV,SANGHVIMOV,small,2007-01-24,False,
INE753W01010,Sanginita Chemicals Limited,SANGINITA,,small,2019-07-15,False,
INE058A01010,Sanofi India Limited,SANOFI,SANOFI,small,2003-05-19,False,
INE0UOS01011,Sanofi Consumer Healthcare India Limited,SANOFICONR,SANOFICONR,small,2024-09-13,False,
INE953O01021,Sansera Engineering Limited,SANSERA,SANSERA,small,2021-09-24,False,
INE08NE01025,Sanstar Limited,SANSTAR,SANSTAR,small,2024-07-26,False,
INE890C01046,Sanwaria Consumer Limited,SANWARIA,SANWARIA,small,2006-03-27,False,
INE806T01020,Sapphire Foods India Limited,SAPPHIRE,SAPPHIRE,small,2021-11-18,False,
INE185C01017,Shree Ajit Pulp & Paper Limited,SAPPL,SAPPL,small,2026-04-20,True,"listed 140 days ago, below the 365-day minimum"
INE385C01021,Sarda Energy & Minerals Limited,SARDAEN,SARDAEN,small,2009-12-03,False,
INE979A01025,Saregama India Limited,SAREGAMA,SAREGAMA,small,1997-07-30,False,
INE453D01025,Sarla Performance Fibers Limited,SARLAPOLY,SARLAPOLY,small,2007-01-19,False,
INE324X01026,Sarveshwar Foods Limited,SARVESHWAR,SARVESHWAR,small,2022-12-08,False,
INE231F01020,Sasken Technologies Limited,SASKEN,SASKEN,small,2005-09-09,False,
INE170E01023,Satia Industries Limited,SATIA,SATIA,small,2019-07-17,False,
INE836B01017,Satin Creditcare Network Limited,SATIN,SATIN,small,2015-08-26,True,name matches Financial Services heuristic (unverified)
INE626A01014,Saurashtra Cement Limited,SAURASHCEM,SAURASHCEM,small,2024-02-27,False,
INE318C01014,Sayaji Hotels Limited,SAYAJIHOTL,SAYAJIHOTL,small,2026-04-20,True,"listed 140 days ago, below the 365-day minimum"
INE327G01032,Sayaji Industries Limited,SAYAJIIND,SAYAJIIND,small,2026-08-17,True,"listed 21 days ago, below the 365-day minimum"
INE04AK01028,SBC Exports Limited,SBC,SBC,small,2021-11-23,False,
INE386D01027,Shivalik Bimetal Controls Limited,SBCL,SBCL,small,2021-06-24,False,
INE423Y01016,SBFC Finance Limited,SBFC,SBFC,small,2023-08-16,True,name matches Financial Services heuristic (unverified)
INE05ST01028,Suratwwala Business Group Limited,SBGLP,SBGLP,small,2023-02-10,False,
INE018E01016,SBI Cards and Payment Services Limited,SBICARD,SBICARD,mid,2020-03-16,True,name matches Financial Services heuristic (unverified)
INE640G01020,SBI Funds Management Limited,SBIFUNDS,SBIFUNDS,,2026-07-21,True,"listed 48 days ago, below the 365-day minimum"
INE123W01016,SBI Life Insurance Company Limited,SBILIFE,SBILIFE,large,2017-10-03,True,name matches Financial Services heuristic (unverified)
INE062A01020,State Bank of India,SBIN,SBIN,large,1995-03-01,True,name matches Financial Services heuristic (unverified)
INE099G01011,Scan Steels Limited,SCANSTL,SCANSTL,small,2026-04-20,True,"listed 140 days ago, below the 365-day minimum"
INE513A01022,Schaeffler India Limited,SCHAEFFLER,SCHAEFFLER,mid,2000-11-29,False,
INE807K01035,S Chand And Company Limited,SCHAND,SCHAND,small,2017-05-09,False,
INE839M01018,Schneider Electric Infrastructure Limited,SCHNEIDER,SCHNEIDER,small,2012-03-20,True,name matches Utilities heuristic (unverified)
INE109A01011,Shipping Corporation Of India Limited,SCI,SCI,small,1997-08-13,False,
INE0PB301013,Shipping Corporation of India Land and Assets Limited,SCILAL,SCILAL,small,2024-03-19,False,
INE090501011,Scoda Tubes Limited,SCODATUBES,SCODATUBES,small,2025-06-04,False,
INE501Y01019,Sheetal Cool Products Limited,SCPL,SCPL,small,2022-11-22,False,
INE480C01038,Som Distilleries & Breweries Limited,SDBL,SDBL,small,2014-03-18,False,
INE497B01018,Seamec Limited,SEAMECLTD,SEAMECLTD,small,1995-06-28,False,
INE0BTM01013,SecMark Consultancy Limited,SECMARK,SECMARK,small,2023-10-16,False,
INE650K01021,SECUREKLOUD TECHNOLOGIES LIMITED,SECURKLOUD,SECURKLOUD,small,2014-01-29,False,
INE00XB01019,SEDEMAC Mechatronics Limited,SEDEMAC,SEDEMAC,,2026-03-11,True,"listed 180 days ago, below the 365-day minimum"
INE440T01028,Shanti Educational Initiatives Limited,SEIL,SEIL,small,2026-04-20,True,"listed 140 days ago, below the 365-day minimum"
INE955I01044,Sejal Glass Limited,SEJALLTD,SEJALLTD,small,2021-12-13,False,
INE068B01017,Saint Gobain Sekurit India Limited,SEKURITIND,SEKURITIND,small,2026-08-17,True,"listed 21 days ago, below the 365-day minimum"
INE105I01020,SEL Manufacturing Company Limited,SELMC,SELMC,small,2021-10-26,False,
INE617A01013,Semac Construction Limited,SEMAC,SEMAC,small,2005-08-11,False,
INE602W01027,Senco Gold Limited,SENCO,SENCO,small,2023-07-14,False,
INE0RB801010,Senores Pharmaceuticals Limited,SENORES,SENORES,small,2024-12-30,False,
INE964H01014,SEPC Limited,SEPC,SEPC,small,2008-02-20,False,
INE782X01033,Servotech Renewable Power System Limited,SERVOTECH,,small,2021-09-02,True,name matches Utilities heuristic (unverified)
INE630A01024,Seshasayee Paper and Boards Limited,SESHAPAPER,SESHAPAPER,small,1995-03-29,False,
INE878E01021,Setco Automotive Limited,SETCO,SETCO,small,2016-07-01,False,
INE0M4D01010,Standard Engineering Technology Limited,SETL,SETL,small,2025-01-13,False,
INE023M01027,Setubandhan Infrastructure Limited,SETUINFRA,SETUINFRA,small,2011-10-04,False,
INE573R01012,Seya Industries Limited,SEYAIND,SEYAIND,small,2019-07-11,False,
INE916U01025,Sheela Foam Limited,SFL,SFL,small,2016-12-09,False,
INE618R01015,SG Finserve Limited,SGFIN,SGFIN,small,2025-08-05,False,
INE00QT01015,Synergy Green Industries Limited,SGIL,SGIL,small,2021-07-28,False,
INE353H01010,STL Global Limited,SGL,SGL,small,2006-04-10,False,
INE967B01028,SGL Resources Limited,SGLRES,SGLRES,small,2026-08-17,True,"listed 21 days ago, below the 365-day minimum"
INE385F01024,SG Mart Limited,SGMART,SGMART,small,2025-09-12,True,"listed 360 days ago, below the 365-day minimum"
INE414Y01015,Shree Ganesh Remedies Limited,SGRL,SGRL,small,2026-08-17,True,"listed 21 days ago, below the 365-day minimum"
INE12UN01015,Shadowfax Technologies Limited,SHADOWFAX,SHADOWFAX,,2026-01-28,True,"listed 222 days ago, below the 365-day minimum"
INE482J01021,Shah Metacorp Limited,SHAH,SHAH,small,2010-10-27,False,
INE640C01011,Shah Alloys Limited,SHAHALLOYS,SHAHALLOYS,small,2005-06-16,False,
INE151G01028,Shaily Engineering Plastics Limited,SHAILY,SHAILY,small,2022-04-04,False,
INE908D01010,Shakti Pumps (India) Limited,SHAKTIPUMP,SHAKTIPUMP,small,2015-01-29,False,
INE597J01018,Shalby Limited,SHALBY,SHALBY,small,2017-12-15,False,
INE849C01026,Shalimar Paints Limited,SHALPAINTS,SHALPAINTS,small,2008-03-03,False,
INE274V01019,Shankara Building Products Limited,SHANKARA,SHANKARA,small,2017-04-05,False,
INE1WFC01025,Shankesh Jewellers Limited,SHANKESH,SHANKESH,,2026-08-25,True,"listed 13 days ago, below the 365-day minimum"
INE933X01016,Shanti Overseas (India) Limited,SHANTI,,small,2021-09-16,False,
INE631A01022,Shanthi Gears Limited,SHANTIGEAR,SHANTIGEAR,small,1996-01-17,False,
INE06ZD01017,Shanti Gold International Limited,SHANTIGOLD,SHANTIGOLD,small,2025-08-01,False,
INE221J01015,Sharda Cropchem Limited,SHARDACROP,SHARDACROP,small,2014-09-23,False,
INE597I01028,Sharda Motor Industries Limited,SHARDAMOTR,SHARDAMOTR,small,2015-09-03,False,
INE037B01020,Shardul Securities Limited,SHARDUL,SHARDUL,small,2026-04-20,True,"listed 140 days ago, below the 365-day minimum"
INE932X01026,Share India Securities Limited,SHAREINDIA,SHAREINDIA,small,2020-09-21,False,
INE402H01015,Shri Bajrang Alliance Limited,SHBAJRG,SHBAJRG,small,2026-04-20,True,"listed 140 days ago, below the 365-day minimum"
INE268L01046,Shekhawati Industries Limited,SHEKHAWATI,SHEKHAWATI,small,2011-01-12,False,
INE363M01019,Shemaroo Entertainment Limited,SHEMAROO,SHEMAROO,small,2014-10-01,False,
INE011D01013,Shervani Industrial Syndicate Limited,SHERVANI,SHERVANI,small,2026-08-17,True,"listed 21 days ago, below the 365-day minimum"
INE024F01011,Shilchar Technologies Limited,SHILCTECH,SHILCTECH,small,2025-11-24,True,"listed 287 days ago, below the 365-day minimum"
INE960A01017,Shilp Gravures Limited,SHILGRAVQ,SHILGRAVQ,small,2026-08-17,True,"listed 21 days ago, below the 365-day minimum"
INE790G01031,Shilpa Medicare Limited,SHILPAMED,SHILPAMED,small,2009-12-03,False,
INE220Z01013,Sharat Industries Limited,SHINDL,SHINDL,small,2026-04-20,True,"listed 140 days ago, below the 365-day minimum"
INE0FOO01011,Shiprocket Limited,SHIPROCKET,SHIPROCKET,,2026-08-19,True,"listed 19 days ago, below the 365-day minimum"
INE960E01019,Shiva Global Agro Industries Limited,SHIVAAGRO,SHIVAAGRO,small,2026-08-17,True,"listed 21 days ago, below the 365-day minimum"
INE555C01029,Shiva Cement Limited,SHIVACEM,SHIVACEM,small,2026-08-17,True,"listed 21 days ago, below the 365-day minimum"
INE788J01021,Shivalik Rasayan Limited,SHIVALIK,SHIVALIK,small,2021-12-09,False,
INE637H01024,Shivam Autotech Limited,SHIVAMAUTO,SHIVAMAUTO,small,2006-11-21,False,
INE644Y01017,Shiva Mills Limited,SHIVAMILLS,SHIVAMILLS,small,2018-02-26,False,
INE705C01020,Shiva Texyarn Limited,SHIVATEX,SHIVATEX,small,2017-12-26,False,
INE719F01016,Shiv Aum Steels Limited,SHIVAUM,,small,2025-11-14,True,"listed 297 days ago, below the 365-day minimum"
INE500L01026,S H Kelkar and Company Limited,SHK,SHK,small,2015-11-16,False,
INE498B01024,Shoppers Stop Limited,SHOPERSTOP,SHOPERSTOP,small,2005-05-23,False,
INE311M01018,Shraddha Prime Projects Limited,SHRADDHA,SHRADDHA,small,2026-08-17,True,"listed 21 days ago, below the 365-day minimum"
INE715Y01031,Shradha Realty Limited,SHRADHA,,small,2020-10-22,False,
INE232A01011,Shree Digvijay Cement Co.Ltd,SHREDIGCEM,SHREDIGCEM,small,2020-01-28,False,
INE070A01015,SHREE CEMENT LIMITED,SHREECEM,SHREECEM,mid,1995-04-26,False,
INE1B6101010,Shreeji Shipping Global Limited,SHREEJISPG,SHREEJISPG,small,2025-08-26,False,
INE712K01011,Shree Pushkar Chemicals & Fertilisers Limited,SHREEPUSHK,SHREEPUSHK,small,2015-09-10,False,
INE879A01019,Shree Rama Multi-Tech Limited,SHREERAMA,SHREERAMA,small,2000-03-13,False,
INE632X01030,Shrenik Limited,SHRENIK,,small,2019-08-02,False,
INE231C01019,Shreyans Industries Limited,SHREYANIND,SHREYANIND,small,1996-11-06,False,
INE997I01012,Shri Krishna Devcon Limited,SHRIKRISH,SHRIKRISH,small,2026-04-20,True,"listed 140 days ago, below the 365-day minimum"
INE1B3L01017,Shringar House of Mangalsutra Limited,SHRINGARMS,SHRINGARMS,small,2025-09-17,True,"listed 355 days ago, below the 365-day minimum"
INE526E01018,SPR Auto Technologies Limited,SHRIPISTON,SHRIPISTON,small,2016-06-02,False,
INE721A01047,Shriram Finance Limited,SHRIRAMFIN,SHRIRAMFIN,large,1996-12-11,True,name matches Financial Services heuristic (unverified)
INE217L01019,Shriram Properties Limited,SHRIRAMPPS,SHRIRAMPPS,small,2021-12-20,False,
INE564J01026,Shri Jagdamba Polymers Limited,SHRJAGP,SHRJAGP,small,2026-08-17,True,"listed 21 days ago, below the 365-day minimum"
INE551C01044,Shukra Pharmaceuticals Limited,SHUKRAPHAR,SHUKRAPHAR,small,2026-08-14,True,"listed 24 days ago, below the 365-day minimum"
INE979R01011,Shyam Century Ferrous Limited,SHYAMCENT,SHYAMCENT,small,2015-07-28,False,
INE810G01011,Shyam Metalics and Energy Limited,SHYAMMETL,SHYAMMETL,small,2021-06-24,False,
INE635A01023,Shyam Telecom Limited,SHYAMTEL,SHYAMTEL,small,2006-11-06,False,
INE176J01011,Sicagen India Limited,SICAGEN,SICAGEN,small,2026-04-20,True,"listed 140 days ago, below the 365-day minimum"
INE075B01020,Sical Logistics Limited,SICALLOG,SICALLOG,small,2023-10-12,False,
INE843L01012,Superior Industrial Enterprises Limited,SIEL,SIEL,small,2026-08-17,True,"listed 21 days ago, below the 365-day minimum"
INE003A01024,Siemens Limited,SIEMENS,SIEMENS,large,1995-09-06,False,
INE0D0K01022,Sigachi Industries Limited,SIGACHI,SIGACHI,small,2021-11-15,False,
INE529F01035,Signet Industries Limited,SIGIND,SIGIND,small,2018-08-29,False,
INE0A0S01028,Sigma Solve Limited,SIGMA,SIGMA,small,2023-06-09,False,
INE933B01012,SIGMA ADVANCED SYSTEMS LIMITED,SIGMAADV,SIGMAADV,small,2007-07-19,False,
INE903U01023,Signatureglobal (India) Limited,SIGNATURE,SIGNATURE,small,2023-09-27,False,
INE0KGZ01021,Signpost India Limited,SIGNPOST,SIGNPOST,small,2024-02-14,False,
INE438E01032,Sika Interplant Systems Limited,SIKA,SIKA,small,2026-04-20,True,"listed 140 days ago, below the 365-day minimum"
INE112X01025,Sikko Industries Limited,SIKKO,,small,2021-10-22,False,
INE173A01025,Standard Industries Limited,SIL,SIL,small,2004-01-27,False,
INE01II01013,Silgo Retail Limited,SILGO,,small,2021-03-03,False,
INE923A01015,SIL Investments Limited,SILINV,SILINV,small,1996-05-22,False,
INE203Y01012,Silly Monks Entertainment Limited,SILLYMONKS,,small,2020-07-08,False,
INE625X01026,Silver Touch Technologies Limited,SILVERTUC,SILVERTUC,,2022-05-12,False,
INE748T01016,Simbhaoli Sugars Limited,SIMBHALS,SIMBHALS,small,2016-03-14,False,
INE059B01024,Simplex Infrastructures Limited,SIMPLEXINF,SIMPLEXINF,small,2004-03-09,False,
INE167H01014,Simplex Realty Limited,SIMPLXREA,SIMPLXREA,small,2026-08-17,True,"listed 21 days ago, below the 365-day minimum"
INE985A01022,Sinclairs Hotels Limited,SINCLAIR,SINCLAIR,small,2024-04-10,False,
INE325D01025,Sindhu Trade Links Limited,SINDHUTRAD,SINDHUTRAD,small,2023-06-20,False,
INE638A01035,Singer India Limited,SINGERIND,SINGERIND,small,2026-03-19,True,"listed 172 days ago, below the 365-day minimum"
INE129Z01016,Sintercom India Limited,SINTERCOM,,small,2020-10-07,False,
INE792Z01011,Sirca Paints India Limited,SIRCA,SIRCA,small,2019-07-22,False,
INE285J01028,SIS LIMITED,SIS,SIS,small,2017-08-10,False,
INE965H01011,Siti Networks Limited,SITINET,SITINET,small,2007-01-10,False,
INE076B01028,Siyaram Silk Mills Limited,SIYSIL,SIYSIL,small,2007-01-29,False,
INE284S01014,S.J.S. Enterprises Limited,SJS,SJS,small,2021-11-15,False,
INE002L01015,SJVN Limited,SJVN,SJVN,mid,2010-05-20,False,
INE640A01023,SKF India Limited,SKFINDIA,SKFINDIA,small,1999-01-27,False,
INE2J8701016,SKF India (Industrial) Limited,SKFINDUS,SKFINDUS,small,2025-12-05,True,"listed 276 days ago, below the 365-day minimum"
INE429F01012,SKIL Infrastructure Limited,SKIL,SKIL,small,1996-10-09,False,
INE439E01022,Skipper Limited,SKIPPER,SKIPPER,small,2015-05-27,False,
INE411D01023,SKM Egg Products Export (India) Limited,SKMEGGPROD,SKMEGGPROD,,1997-03-14,False,
INE01IU01018,SKY GOLD AND DIAMONDS LIMITED,SKYGOLD,SKYGOLD,small,2023-01-06,False,
INE0PX301025,Skyways Air Services Limited,SKYWAYS,SKYWAYS,,2026-09-01,True,"listed 6 days ago, below the 365-day minimum"
INE178C01020,Smartlink Holdings Limited,SMARTLINK,SMARTLINK,small,2001-04-11,False,
INE0NAZ01010,Smartworks Coworking Spaces Limited,SMARTWORKS,SMARTWORKS,small,2025-07-17,False,
INE103C01036,SMC Global Securities Limited,SMCGLOBAL,SMCGLOBAL,small,2021-02-24,False,
INE294B01019,SML Mahindra Limited,SMLMAH,SMLMAH,small,2003-08-29,False,
INE017W01010,Sarthak Metals Limited,SMLT,SMLT,small,2021-11-25,False,
INE812G01025,SMS Pharmaceuticals Limited,SMSPHARMA,SMSPHARMA,small,2007-02-28,False,
INE734N01019,Snowman Logistics Limited,SNOWMAN,SNOWMAN,small,2014-09-12,False,
INE671H01015,Sobha Limited,SOBHA,SOBHA,small,2006-12-20,False,
INE728Z01015,Softtech Engineers Limited,SOFTTECH,SOFTTECH,small,2022-02-25,False,
INE624Z01016,Solara Active Pharma Sciences Limited,SOLARA,SOLARA,small,2018-06-27,False,
INE343H01029,Solar Industries India Limited,SOLARINDS,SOLARINDS,large,2006-04-03,False,
INE0TY101024,Solarworld Energy Solutions Limited,SOLARWORLD,SOLARWORLD,small,2025-09-30,True,"listed 342 days ago, below the 365-day minimum"
INE880Y01017,Solex Energy Limited,SOLEX,SOLEX,small,2025-10-08,True,"listed 334 days ago, below the 365-day minimum"
INE355A01028,Somany Ceramics Limited,SOMANYCERA,SOMANYCERA,small,1995-11-22,False,
INE314C01013,Soma Textiles & Industries Limited,SOMATEX,SOMATEX,small,1996-08-14,False,
INE323J01019,Somi Conveyor Beltings Limited,SOMICONVEY,SOMICONVEY,small,2016-07-18,False,
INE073K01018,Sona BLW Precision Forgings Limited,SONACOMS,SONACOMS,small,2021-06-24,False,
INE321M01017,Sonal Mercantile Limited,SONAL,SONAL,small,2026-04-20,True,"listed 140 days ago, below the 365-day minimum"
INE00LM01029,SONAM LIMITED,SONAMLTD,,small,2022-04-07,False,
INE269A01021,Sonata Software Limited,SONATSOFTW,SONATSOFTW,small,1999-07-28,False,
INE035D01020,Savita Oil Technologies Limited,SOTL,SOTL,small,1995-06-28,False,
INE683A01023,The South Indian Bank Limited,SOUTHBANK,SOUTHBANK,small,1998-12-08,True,name matches Financial Services heuristic (unverified)
INE980Y01015,South West Pinnacle Exploration Limited,SOUTHWEST,SOUTHWEST,small,2019-04-18,False,
INE212I01016,S. P. Apparels Limited,SPAL,SPAL,small,2016-08-12,False,
INE572J01011,Spandana Sphoorty Financial Limited,SPANDANA,SPANDANA,small,2019-08-19,True,name matches Financial Services heuristic (unverified)
INE232I01014,Sun Pharma Advanced Research Company Limited,SPARC,SPARC,small,2007-07-18,False,
INE970N01027,Spacenet Enterprises India Limited,SPCENET,,small,2017-01-10,False,
INE247M01014,Speciality Restaurants Limited,SPECIALITY,SPECIALITY,small,2012-05-30,False,
INE01EO01010,Spectrum Electrical Industries Limited,SPECTRUM,SPECTRUM,small,2025-03-28,True,name matches Utilities heuristic (unverified)
INE252A01019,SPEL Semiconductor Limited,SPELS,SPELS,small,2026-08-17,True,"listed 21 days ago, below the 365-day minimum"
INE020801028,Spencer's Retail Limited,SPENCERS,SPENCERS,small,2019-01-25,False,
INE147A01011,Southern Petrochemicals Industries Corporation  Limited,SPIC,SPIC,small,1996-01-10,False,
INE978G01016,SPL Industries Limited,SPLIL,SPLIL,small,2005-07-26,False,
INE663A01033,Supreme Petrochem Limited,SPLPETRO,SPLPETRO,small,2022-05-24,False,
INE937A01023,SPML Infra Limited,SPMLINFRA,SPMLINFRA,small,1996-02-14,False,
INE885H01029,Sportking India Limited,SPORTKING,SPORTKING,small,2022-08-24,False,
INE01NE01012,Shankar Lal Rampal Dye-Chem Limited,SRD,SRD,small,2024-10-09,False,
INE099F01013,Sreeleathers Limited,SREEL,SREEL,small,2014-01-01,False,
INE647A01010,SRF Limited,SRF,SRF,mid,2003-08-18,False,
INE559N01010,SRG Housing Finance Limited,SRGHFL,SRGHFL,small,2023-08-21,True,name matches Financial Services heuristic (unverified)
INE917H01012,Sree Rayalaseema Hi-Strength Hypo Limited,SRHHYPOLTD,SRHHYPOLTD,small,2007-05-08,False,
INE009C01019,Sri KPR Industries Limited,SRIKPRIND,SRIKPRIND,small,2026-08-17,True,"listed 21 days ago, below the 365-day minimum"
INE0R6Z01013,SRM Contractors Limited,SRM,SRM,small,2024-04-03,False,
INE19GK01015,Shree Ram Twistex Limited,SRTL,SRTL,,2026-03-02,True,"listed 189 days ago, below the 365-day minimum"
INE0PQ101010,Saraswati Saree Depot Limited,SSDL,SSDL,small,2024-08-20,False,
INE802C01033,Steel Strips Wheels Limited,SSWL,SSWL,small,2005-06-06,False,
INE0RYC01010,Stallion India Fluorochemicals Limited,STALLION,STALLION,small,2025-01-23,False,
INE01A001028,Stanley Lifestyles Limited,STANLEY,STANLEY,small,2024-06-28,False,
INE939A01011,Strides Pharma Science Limited,STAR,STAR,small,2000-02-02,False,
INE460H01021,Star Cement Limited,STARCEMENT,STARCEMENT,small,2017-06-16,False,
INE575P01011,Star Health and Allied Insurance Company Limited,STARHEALTH,STARHEALTH,small,2021-12-10,True,name matches Financial Services heuristic (unverified)
INE733A01018,Star Paper Mills Limited,STARPAPER,STARPAPER,small,1995-09-13,False,
INE992I01013,Starteck Finance Limited,STARTECK,STARTECK,small,2022-05-04,True,name matches Financial Services heuristic (unverified)
INE655A01013,The State Trading Corporation of India Limited,STCINDIA,STCINDIA,small,2003-04-01,False,
INE124E01038,Steelcast Limited,STEELCAS,STEELCAS,small,2021-11-23,False,
INE395H01011,Steel City Securities Limited,STEELCITY,,small,2019-06-27,False,
INE503B01021,STEEL EXCHANGE INDIA LIMITED,STEELXIND,STEELXIND,small,2017-07-20,False,
INE577L01016,Stel Holdings Limited,STEL,STEL,small,2011-02-09,False,
INE334A01023,Sterling Tools Limited,STERTOOLS,STERTOOLS,small,2006-02-02,False,
INE1VXE01018,STL Networks Limited,STLNETWORK,STLNETWORK,small,2025-09-04,False,
INE205F01016,Steel Strips Infrastructures Limited,STLSTRINF,STLSTRINF,small,2026-08-17,True,"listed 21 days ago, below the 365-day minimum"
INE089C01029,Sterlite Technologies Limited,STLTECH,STLTECH,small,2000-12-08,False,
INE00IN01015,Stove Kraft Limited,STOVEKRAFT,STOVEKRAFT,small,2021-02-05,False,
INE00Q601028,Studds Accessories Limited,STUDDS,STUDDS,small,2025-11-07,True,"listed 304 days ago, below the 365-day minimum"
INE04VU01023,Seshaasai Technologies Limited,STYL,STYL,small,2025-09-30,True,"listed 342 days ago, below the 365-day minimum"
INE239C01020,Stylam Industries Limited,STYLAMIND,STYLAMIND,small,2021-08-02,False,
INE01FR01028,Baazar Style Retail Limited,STYLEBAAZA,STYLEBAAZA,small,2024-09-06,False,
INE189B01011,Styrenix Performance Materials Limited,STYRENIX,STYRENIX,small,1995-03-29,False,
INE754A01055,Subex Limited,SUBEXLTD,SUBEXLTD,small,2020-11-05,False,
INE287B01021,Subros Limited,SUBROS,SUBROS,small,2005-07-13,False,
INE492A01029,Sudarshan Colorants India Limited,SUDARCOLOR,SUDARCOLOR,small,1995-06-14,False,
INE659A01023,Sudarshan Chemical Industries Limited,SUDARSCHEM,SUDARSCHEM,small,1995-05-25,False,
INE0QPI01025,Sudeep Pharma Limited,SUDEEPPHRM,SUDEEPPHRM,small,2025-11-28,True,"listed 283 days ago, below the 365-day minimum"
INE450E01029,Sukhjit Starch & Chemicals Limited,SUKHJITS,SUKHJITS,small,2022-11-07,False,
INE142Q01026,Sula Vineyards Limited,SULA,SULA,small,2022-12-22,False,
INE886B01012,Sumedha Fiscal Services Limited,SUMEDHA,SUMEDHA,small,2026-08-17,True,"listed 21 days ago, below the 365-day minimum"
INE235C01036,Sumeet Industries Limited,SUMEETINDS,SUMEETINDS,small,2010-12-10,False,
INE258G01013,Sumitomo Chemical India Limited,SUMICHEM,SUMICHEM,small,2020-01-27,False,
INE748Z01013,Sumit Woods Limited,SUMIT,,small,2019-07-30,False,
INE519C01017,Summit Securities Limited,SUMMITSEC,SUMMITSEC,small,2011-01-28,False,
INE0Q3R01026,Sundaram Clayton Limited,SUNCLAY,SUNCLAY,small,2023-12-29,False,
INE108E01023,Sundaram Multi Pap Limited,SUNDARAM,SUNDARAM,small,2010-06-02,False,
INE660A01013,Sundaram Finance Limited,SUNDARMFIN,SUNDARMFIN,mid,1998-01-07,True,name matches Financial Services heuristic (unverified)
INE073D01013,Sundaram Brake Linings Limited,SUNDRMBRAK,SUNDRMBRAK,small,1996-07-17,False,
INE387A01021,Sundram Fasteners Limited,SUNDRMFAST,SUNDRMFAST,small,2000-06-07,False,
INE209A01019,Sundrop Brands Limited,SUNDROP,SUNDROP,small,2002-12-06,False,
INE947A01014,Sunflag Iron And Steel Company Limited,SUNFLAG,SUNFLAG,small,2005-09-29,False,
INE671C01016,Sunil Healthcare Limited,SUNLOC,SUNLOC,small,2026-08-17,True,"listed 21 days ago, below the 365-day minimum"
INE044A01036,Sun Pharmaceutical Industries Limited,SUNPHARMA,SUNPHARMA,large,1995-02-08,False,
INE671K01027,Sunrakshakk Industries India Limited,SUNRAKSHAK,SUNRAKSHAK,small,2026-08-17,True,"listed 21 days ago, below the 365-day minimum"
INE199E01014,Sunshield Chemicals Limited,SUNSHIEL,SUNSHIEL,small,2026-08-17,True,"listed 21 days ago, below the 365-day minimum"
INE1B3O01011,Sunshine Pictures Limited,SUNSHINE,SUNSHINE,,2026-08-25,True,"listed 13 days ago, below the 365-day minimum"
INE805D01034,Sunteck Realty Limited,SUNTECK,SUNTECK,small,2009-11-13,False,
INE424H01027,Sun TV Network Limited,SUNTV,SUNTV,small,2006-04-24,False,
INE712B01010,Superhouse Limited,SUPERHOUSE,SUPERHOUSE,small,2014-09-26,False,
INE662A01027,Super Spinning Mills Limited,SUPERSPIN,SUPERSPIN,small,2004-07-08,False,
INE399C01030,Suprajit Engineering Limited,SUPRAJIT,SUPRAJIT,small,2005-02-18,False,
INE822E01011,Supreme Holdings & Hospitality (India) Limited,SUPREME,SUPREME,small,2025-02-03,False,
INE319Z01021,Supreme Engineering Limited,SUPREMEENG,,small,2020-12-04,False,
INE195A01028,Supreme Industries Limited,SUPREMEIND,SUPREMEIND,mid,1995-07-19,False,
INE550H01011,Supreme Infrastructure India Limited,SUPREMEINF,SUPREMEINF,small,2007-10-18,False,
INE07RO01027,Supriya Lifescience Limited,SUPRIYA,SUPRIYA,small,2021-12-28,False,
INE460D01038,Super Tannery Limited,SUPTANERY,SUPTANERY,small,2026-08-17,True,"listed 21 days ago, below the 365-day minimum"
INE843S01025,Suraj Estate Developers Limited,SURAJEST,SURAJEST,small,2023-12-26,False,
INE713C01016,Suraj Limited,SURAJLTD,SURAJLTD,small,2024-08-29,False,
INE877V01027,Suraksha Diagnostic Limited,SURAKSHA,SURAKSHA,small,2024-12-06,False,
INE272L01022,Surana Solar Limited,SURANASOL,SURANASOL,small,2011-01-07,False,
INE130B01031,Surana Telecom and Power Limited,SURANAT&P,SURANAT&P,small,2002-05-22,True,name matches Utilities heuristic (unverified)
INE132C01027,Suryalata Spinning Mills Limited,SURYALA,SURYALA,small,2026-04-20,True,"listed 140 days ago, below the 365-day minimum"
INE713B01026,Suryalakshmi Cotton Mills Limited,SURYALAXMI,SURYALAXMI,small,2005-06-15,False,
INE335A01020,Surya Roshni Limited,SURYAROSNI,SURYAROSNI,small,1995-05-10,False,
INE428Q01011,Suryoday Small Finance Bank Limited,SURYODAY,SURYODAY,small,2021-03-26,True,name matches Financial Services heuristic (unverified)
INE645H01027,Sutlej Textiles and Industries Limited,SUTLEJTEX,SUTLEJTEX,small,2006-12-14,False,
INE495B01038,Suven Life Sciences Limited,SUVEN,SUVEN,small,2003-10-23,False,
INE018401013,Suvidhaa Infoserve Limited,SUVIDHAA,SUVIDHAA,small,2021-03-31,False,
INE442P01014,Suyog Telematics Limited,SUYOG,SUYOG,small,2024-08-20,False,
INE040H01021,Suzlon Energy Limited,SUZLON,SUZLON,mid,2005-10-19,False,
INE159L01013,S V Global Mill Limited,SVGLOBAL,SVGLOBAL,small,2026-08-17,True,"listed 21 days ago, below the 365-day minimum"
INE00CE01017,Shree Vasu Logistics Limited,SVLL,,small,2023-04-21,False,
INE308E01029,SVP GLOBAL TEXTILES LIMITED,SVPGLOB,SVPGLOB,small,2021-07-14,False,
INE665A01038,SWAN CORP LIMITED,SWANCORP,SWANCORP,small,2012-05-29,False,
INE542F01020,Swan Defence and Heavy Industries Limited,SWANDEF,SWANDEF,small,2025-01-20,False,
INE0GMR01016,Swaraj Suiting Limited,SWARAJ,SWARAJ,,2026-08-13,True,"listed 25 days ago, below the 365-day minimum"
INE277A01016,Swaraj Engines Limited,SWARAJENG,SWARAJENG,small,1995-12-06,False,
INE967A01012,Swarnsarita Jewels India Limited,SWARNSAR,SWARNSAR,small,2026-08-17,True,"listed 21 days ago, below the 365-day minimum"
INE409B01013,Swelect Energy Systems Limited,SWELECTES,SWELECTES,small,2006-05-09,False,
INE00H001014,Swiggy Limited,SWIGGY,SWIGGY,mid,2024-11-13,False,
INE010C01025,Swiss Military Consumer Goods Limited,SWISSMLTRY,SWISSMLTRY,small,2026-08-17,True,"listed 21 days ago, below the 365-day minimum"
INE00M201021,Sterling and Wilson Renewable Energy Limited,SWSOLAR,SWSOLAR,small,2019-08-20,False,
INE899I01028,Symbiotec Pharmalab Limited,SYMBIOTEC,SYMBIOTEC,,2026-09-01,True,"listed 6 days ago, below the 365-day minimum"
INE225D01027,Symphony Limited,SYMPHONY,SYMPHONY,small,2011-06-15,False,
INE312C01025,Syncom Formulations (India) Limited,SYNCOMF,SYNCOMF,small,2022-11-18,False,
INE398R01022,Syngene International Limited,SYNGENE,SYNGENE,small,2015-08-11,False,
INE0DYJ01015,Syrma SGS Technology Limited,SYRMA,SYRMA,small,2022-08-26,False,
INE356B01024,Systematix Corporate Services Limited,SYSTMTXC,SYSTMTXC,small,2025-10-06,True,"listed 336 days ago, below the 365-day minimum"
INE524T01011,Taal Tech Limited,TAALTECH,TAALTECH,small,2026-04-20,True,"listed 140 days ago, below the 365-day minimum"
INE123C01018,Tainwala Chemical and Plastic (I) Limited,TAINWALCHM,TAINWALCHM,small,1995-07-27,False,
INE586B01026,Taj GVK Hotels & Resorts Limited,TAJGVK,TAJGVK,small,2000-12-20,False,
INE142I01023,TAKE Limited,TAKE,TAKE,small,2007-08-27,False,
INE187D01029,Talbros Automotive Components Limited,TALBROAUTO,TALBROAUTO,small,2006-09-29,False,
INE864J01012,Tamboli Industries Limited,TAMBOLIIN,TAMBOLIIN,small,2026-04-20,True,"listed 140 days ago, below the 365-day minimum"
INE692C01020,Taneja Aerospace & Aviation Limited,TANAA,TANAA,small,2026-08-17,True,"listed 21 days ago, below the 365-day minimum"
INE483C01032,Tanla Platforms Limited,TANLA,TANLA,small,2007-01-05,False,
INE555Z01020,Tara Chand InfraLogistic Solutions Limited,TARACHAND,,small,2024-04-16,False,
INE747K01017,Tarapur Transformers Limited,TARAPUR,TARAPUR,small,2010-05-18,False,
INE0EK901012,TARC Limited,TARC,TARC,small,2020-12-18,False,
INE763I01026,Transformers And Rectifiers (India) Limited,TARIL,TARIL,small,2007-12-28,False,
INE924H01018,Tarmat Limited,TARMAT,TARMAT,small,2007-07-09,False,
INE144Z01023,Tarsons Products Limited,TARSONS,TARSONS,small,2021-11-26,False,
INE488B01017,Tasty Bite Eatables Limited,TASTYBITE,TASTYBITE,small,2017-03-23,False,
INE976I01016,Tata Capital Limited,TATACAP,TATACAP,large,2025-10-13,True,name matches Financial Services heuristic (unverified)
INE092A01019,Tata Chemicals Limited,TATACHEM,TATACHEM,small,1999-04-01,False,
INE151A01013,Tata Communications Limited,TATACOMM,TATACOMM,mid,1995-04-12,False,
INE192A01025,TATA CONSUMER PRODUCTS LIMITED,TATACONSUM,TATACONSUM,large,1998-11-18,False,
INE670A01012,Tata Elxsi Limited,TATAELXSI,TATAELXSI,small,2003-09-17,False,
INE672A01026,Tata Investment Corporation Limited,TATAINVEST,TATAINVEST,mid,1998-06-24,False,
INE245A01021,Tata Power Company Limited,TATAPOWER,TATAPOWER,large,1996-04-03,True,name matches Utilities heuristic (unverified)
INE081A01020,Tata Steel Limited,TATASTEEL,TATASTEEL,large,1998-11-18,False,
INE142M01025,Tata Technologies Limited,TATATECH,TATATECH,small,2023-11-30,False,
INE0GK401011,Tatva Chintan Pharma Chem Limited,TATVA,TATVA,small,2021-07-29,False,
INE673O01025,TBO Tek Limited,TBOTEK,TBOTEK,small,2024-05-15,False,
INE760L01018,Tribhovandas Bhimji Zaveri Limited,TBZ,TBZ,small,2012-05-09,False,
INE887D01024,TCC Concept Limited,TCC,TCC,,2026-02-25,True,"listed 194 days ago, below the 365-day minimum"
INE688A01022,Transport Corporation of India Limited,TCI,TCI,small,2002-01-21,False,
INE586V01016,TCI Express Limited,TCIEXP,TCIEXP,small,2016-12-15,False,
INE911B01018,TCI Finance Limited,TCIFINANCE,TCIFINANCE,small,1997-05-21,True,name matches Financial Services heuristic (unverified)
INE822C01015,TCPL Packaging Limited,TCPLPACK,TCPLPACK,small,2017-10-17,False,
INE467B01029,Tata Consultancy Services Limited,TCS,TCS,large,2004-08-25,False,
INE419M01035,TD Power Systems Limited,TDPOWERSYS,TDPOWERSYS,,2011-09-08,True,name matches Utilities heuristic (unverified)
INE289C01025,Team India Guaranty Limited,TEAMGTY,TEAMGTY,small,2002-06-11,False,
INE985S01024,Teamlease Services Limited,TEAMLEASE,TEAMLEASE,small,2016-02-12,False,
INE669C01036,Tech Mahindra Limited,TECHM,TECHM,large,2006-08-28,False,
INE1D0W01018,Technocraft Ventures Limited,TECHNOCRAF,TECHNOCRAF,,2026-08-14,True,"listed 24 days ago, below the 365-day minimum"
INE285K01026,Techno Electric & Engineering Company Limited,TECHNOE,TECHNOE,small,2018-12-04,True,name matches Utilities heuristic (unverified)
INE314H01012,TechNVision Ventures Limited,TECHNVISN,TECHNVISN,small,2026-04-20,True,"listed 140 days ago, below the 365-day minimum"
INE014B01011,TECIL Chemicals and Hydro Power Limited,TECILCHEM,TECILCHEM,small,1995-12-06,True,name matches Utilities heuristic (unverified)
INE011K01018,Tega Industries Limited,TEGA,TEGA,small,2021-12-13,False,
INE010J01012,Tejas Networks Limited,TEJASNET,TEJASNET,small,2017-06-27,False,
INE869Y01028,Tembo Global Industries Limited,TEMBO,,,2021-04-23,False,
INE1KZI01025,Tempsens Instruments (India) Limited,TEMPSENS,TEMPSENS,,2026-08-28,True,"listed 10 days ago, below the 365-day minimum"
INE19RI01016,Tenneco Clean Air India Limited,TENNIND,TENNIND,small,2025-11-19,True,"listed 292 days ago, below the 365-day minimum"
INE390D01011,Terai Tea Company Limited,TERAI,TERAI,small,2026-08-17,True,"listed 21 days ago, below the 365-day minimum"
INE482B01010,Tera Software Limited,TERASOFT,TERASOFT,small,2016-12-29,False,
INE435C01024,Texmaco Infrastructure & Holdings Limited,TEXINFRA,TEXINFRA,small,2004-09-09,False,
INE141K01013,Texmo Pipes and Products Limited,TEXMOPIPES,TEXMOPIPES,small,2010-03-10,False,
INE621L01012,Texmaco Rail & Engineering Limited,TEXRAIL,TEXRAIL,small,2011-03-03,False,
INE305A01023,Tourism Finance Corporation of India Limited,TFCILTD,TFCILTD,small,2000-07-26,True,name matches Financial Services heuristic (unverified)
INE804H01012,Transwarranty Finance Limited,TFL,TFL,small,2007-02-26,True,name matches Financial Services heuristic (unverified)
INE797H01018,TGB Banquets And Hotels Limited,TGBHOTELS,TGBHOTELS,small,2007-05-17,False,
INE284B01028,TGV Sraac Limited,TGVSL,TGVSL,small,2026-08-17,True,"listed 21 days ago, below the 365-day minimum"
INE077P01034,Thacker & Company Limited,THACKER,THACKER,small,2026-04-20,True,"listed 140 days ago, below the 365-day minimum"
INE403F01017,Thakkers Developers Limited,THAKDEV,THAKDEV,small,2026-04-20,True,"listed 140 days ago, below the 365-day minimum"
INE085J01014,Thangamayil Jewellery Limited,THANGAMAYL,THANGAMAYL,small,2010-02-19,False,
INE924D01017,The Investment Trust Of India Limited,THEINVEST,THEINVEST,small,2017-08-02,True,"name matches Trust/REIT/InvIT heuristic (unverified) - likely an investment/holding company rather than a literal REIT/InvIT, see decision 0002"
INE121N01019,Thejo Engineering Limited,THEJO,,small,2023-10-10,False,
INE0AQ201015,Leela Palaces Hotels & Resorts Limited,THELEELA,THELEELA,small,2025-06-02,False,
INE083B01024,Themis Medicare Limited,THEMISMED,THEMISMED,small,2007-04-02,False,
INE152A01029,Thermax Limited,THERMAX,THERMAX,mid,1995-08-30,False,
INE332A01027,Thomas Cook  (India)  Limited,THOMASCOOK,THOMASCOOK,small,2000-06-07,False,
INE480M01011,Thomas Scott (India) Limited,THOMASCOTT,THOMASCOTT,small,2012-01-30,False,
INE594H01019,Thyrocare Technologies Limited,THYROCARE,THYROCARE,small,2016-05-09,False,
INE133E01013,Tilaknagar Industries Limited,TI,TI,small,2010-07-16,False,
INE388G01026,Twamev Construction and Infrastructure Limited,TICL,TICL,small,2023-10-16,False,
INE906O01029,Tiger Logistics (India) Limited,TIGERLOGS,TIGERLOGS,small,2025-09-18,True,"listed 354 days ago, below the 365-day minimum"
INE545H01011,Technocraft Industries (India) Limited,TIIL,TIIL,small,2007-02-12,False,
INE974X01010,Tube Investments of India Limited,TIINDIA,TIINDIA,mid,2017-11-02,False,
INE440L01017,Tijaria Polypipes Limited,TIJARIA,TIJARIA,small,2011-10-14,False,
INE806C01018,TIL Limited,TIL,TIL,small,1995-09-27,False,
INE508G01029,Time Technoplast Limited,TIMETECHNO,TIMETECHNO,small,2007-06-13,False,
INE064A01026,Timex Group India Limited,TIMEX,TIMEX,small,2026-04-20,True,"listed 140 days ago, below the 365-day minimum"
INE325A01013,Timken India Limited,TIMKEN,TIMKEN,small,2007-02-06,False,
INE015C01016,Tinna Rubber and Infrastructure Limited,TINNARUBR,TINNARUBR,small,2025-04-17,False,
INE0LQS01015,Tips Films Limited,TIPSFILMS,TIPSFILMS,small,2022-10-06,False,
INE716B01029,Tips Music Limited,TIPSMUSIC,TIPSMUSIC,small,2000-11-10,False,
INE338A01024,Thirumalai Chemicals Limited,TIRUMALCHM,TIRUMALCHM,small,2003-05-14,False,
INE319Y01024,Tirupati Forge Limited,TIRUPATIFL,,small,2020-08-04,False,
INE615H01020,TITAGARH RAIL SYSTEMS LIMITED,TITAGARH,TITAGARH,small,2008-04-21,False,
INE280A01028,Titan Company Limited,TITAN,TITAN,large,2004-09-24,False,
INE668A01016,Tamilnad Mercantile Bank Limited,TMB,TMB,small,2022-09-15,True,name matches Financial Services heuristic (unverified)
INE1TAE01010,Tata Motors Limited,TMCV,TMCV,large,2025-11-12,True,"listed 299 days ago, below the 365-day minimum"
INE155A01022,Tata Motors Passenger Vehicles Limited,TMPV,TMPV,large,1998-07-22,False,
INE148A01019,Tamilnadu PetroProducts Limited,TNPETRO,TNPETRO,small,1999-10-27,False,
INE107A01015,Tamil Nadu Newsprint & Papers Limited,TNPL,TNPL,small,1996-02-14,False,
INE141D01018,Tamilnadu Telecommunication Limited,TNTELE,TNTELE,small,2003-02-04,False,
INE932C01012,Tokyo Plast International Limited,TOKYOPLAST,TOKYOPLAST,small,1995-10-11,False,
INE0RWQ01014,Tolins Tyres Limited,TOLINS,TOLINS,small,2024-09-16,False,
INE685A01028,Torrent Pharmaceuticals Limited,TORNTPHARM,TORNTPHARM,large,2002-11-25,False,
INE813H01021,Torrent Power Limited,TORNTPOWER,TORNTPOWER,mid,2006-11-28,True,name matches Utilities heuristic (unverified)
INE336X01012,Total Transport Systems Limited,TOTAL,,small,2020-08-28,False,
INE486Y01013,Touchwood Entertainment Limited,TOUCHWOOD,,small,2020-01-21,False,
INE457P01020,Toyam Sports Limited,TOYAMSL,TOYAMSL,small,2026-08-17,True,"listed 21 days ago, below the 365-day minimum"
INE065J01024,Teamo Productions HQ Limited,TPHQ,TPHQ,small,2009-01-30,False,
INE413G01022,TPL Plastech Limited,TPLPLASTEH,TPLPLASTEH,small,2015-05-20,False,
INE0HMF01019,Tracxn Technologies Limited,TRACXN,TRACXN,small,2022-10-20,False,
INE330E01023,Transcorp International Limited,TRANSCOR,TRANSCOR,small,2026-08-17,True,"listed 21 days ago, below the 365-day minimum"
INE687A01016,Transpek Industry Limited,TRANSPEK,TRANSPEK,small,2026-04-20,True,"listed 140 days ago, below the 365-day minimum"
INE454P01035,Transrail Lighting Limited,TRANSRAILL,TRANSRAILL,small,2024-12-27,False,
INE757B01015,TRANSWORLD SHIPPING LINES LIMITED,TRANSWORLD,TRANSWORLD,small,1995-03-01,False,
INE103V01028,Travel Food Services Limited,TRAVELFOOD,TRAVELFOOD,small,2025-07-14,False,
INE040M01013,Tree House Education & Accessories Limited,TREEHOUSE,TREEHOUSE,small,2011-08-26,False,
INE00CA01015,TREJHARA SOLUTIONS LIMITED,TREJHARA,TREJHARA,small,2018-12-28,False,
INE0O3901029,Transindia Real Estate Limited,TREL,TREL,small,2023-08-10,False,
INE849A01020,Trent Limited,TRENT,TRENT,large,2004-06-07,False,
INE391D01019,TRF Limited,TRF,TRF,small,2010-03-26,False,
INE064C01022,Trident Limited,TRIDENT,TRIDENT,small,2001-02-21,False,
INE948A01012,Trigyn Technologies Limited,TRIGYN,TRIGYN,small,1998-04-09,False,
INE440G01017,Triton Valves Limited,TRITONV,TRITONV,small,2026-08-17,True,"listed 21 days ago, below the 365-day minimum"
INE152M01016,Triveni Turbine Limited,TRITURBINE,TRITURBINE,small,2011-10-28,False,
INE256C01024,Triveni Engineering & Industries Limited,TRIVENI,TRIVENI,small,2005-12-13,False,
INE615R01029,TruCap Finance Limited,TRU,TRU,small,2023-06-20,True,name matches Financial Services heuristic (unverified)
INE0MWH01014,TruAlt Bioenergy Limited,TRUALT,TRUALT,small,2025-10-03,True,"listed 339 days ago, below the 365-day minimum"
INE202Z01029,TSF INVESTMENTS LIMITED,TSFINV,,small,2018-03-26,False,
INE910C01018,TTK Healthcare Limited,TTKHLTCARE,TTKHLTCARE,small,2015-12-02,False,
INE690A01028,TTK Prestige Limited,TTKPRESTIG,TTKPRESTIG,small,1999-12-22,False,
INE592B01024,T T Limited,TTL,TTL,small,2007-02-22,False,
INE517B01013,Tata Teleservices (Maharashtra) Limited,TTML,TTML,small,2000-10-20,False,
INE0OC301013,Turtlemint Fintech Solutions Limited,TURTLEMINT,TURTLEMINT,,2026-06-29,True,"listed 70 days ago, below the 365-day minimum"
INE400A01014,Tuticorin Alkali Chemicals & Fertilizers Limited,TUTIALKA,TUTIALKA,small,2026-08-17,True,"listed 21 days ago, below the 365-day minimum"
INE236G01019,TVS Electronics Limited,TVSELECT,TVSELECT,small,2003-12-26,False,
INE105A01035,TVS Holdings Limited,TVSHLTD,TVSHLTD,small,2012-10-23,False,
INE494B01023,TVS Motor Company Limited,TVSMOTOR,TVSMOTOR,large,2000-08-02,False,
INE395N01027,TVS Supply Chain Solutions Limited,TVSSCS,TVSSCS,small,2023-08-23,False,
INE421C01016,TVS Srichakra Limited,TVSSRICHAK,TVSSRICHAK,small,2007-02-13,False,
INE038F01029,TV Today Network Limited,TVTODAY,TVTODAY,small,2004-01-16,False,
INE871L01013,TV Vision Limited,TVVISION,TVVISION,small,2016-09-15,False,
INE686F01025,United Breweries Limited,UBL,UBL,mid,2008-07-28,False,
INE139B01016,UCAL LIMITED,UCAL,UCAL,small,1995-09-13,False,
INE691A01018,UCO Bank,UCOBANK,UCOBANK,mid,2003-10-09,True,name matches Financial Services heuristic (unverified)
INE551B01012,Uday Jewellery Industries Limited,UDAYJEW,UDAYJEW,small,2026-08-17,True,"listed 21 days ago, below the 365-day minimum"
INE851I01011,Updater Services Limited,UDS,UDS,small,2023-10-04,False,
INE899L01030,Ujaas Energy Limited,UEL,UEL,small,2024-04-16,False,
INE382M01027,United Foodbrands Limited,UFBL,UFBL,small,2021-04-07,False,
INE516A01017,UFLEX Limited,UFLEX,UFLEX,small,1995-08-23,False,
INE527H01019,UFO Moviez India Limited,UFO,UFO,small,2015-05-14,False,
INE071E01023,The Ugar Sugar Works Limited,UGARSUGAR,UGARSUGAR,small,2010-08-23,False,
INE583D01011,Ugro Capital Limited,UGROCAP,UGROCAP,small,2021-08-11,True,name matches Financial Services heuristic (unverified)
INE551W01018,Ujjivan Small Finance Bank Limited,UJJIVANSFB,UJJIVANSFB,small,2019-12-12,True,name matches Financial Services heuristic (unverified)
INE481G01011,UltraTech Cement Limited,ULTRACEMCO,ULTRACEMCO,large,2004-08-24,False,
INE405A01021,Ultramarine & Pigments Limited,ULTRAMAR,ULTRAMAR,small,2026-04-20,True,"listed 140 days ago, below the 365-day minimum"
INE0GIU01018,Uma Exports Limited,UMAEXPORTS,UMAEXPORTS,small,2022-04-07,False,
INE240C01028,Usha Martin Education & Solutions Limited,UMESLTD,UMESLTD,small,2010-07-12,False,
INE398B01018,UMIYA BUILDCON LIMITED,UMIYA-MRO,UMIYA-MRO,small,2000-11-01,False,
INE351A01035,Unichem Laboratories Limited,UNICHEMLAB,UNICHEMLAB,small,2001-02-07,False,
INE961D01019,United Drilling Tools Limited,UNIDT,UNIDT,small,2020-09-25,False,
INE00U401027,Unicommerce Esolutions Limited,UNIECOM,UNIECOM,small,2024-08-13,False,
INE037A01022,Uniphos Enterprises Limited,UNIENTER,UNIENTER,small,2004-01-23,False,
INE481Z01011,Uniinfo Telecom Services Limited,UNIINFO,,small,2022-01-12,False,
INE0U3I01011,Unimech Aerospace and Manufacturing Limited,UNIMECH,UNIMECH,small,2024-12-31,False,
INE692A01016,Union Bank of India,UNIONBANK,UNIONBANK,large,2002-09-24,True,name matches Financial Services heuristic (unverified)
INE244O01017,Uniparts India Limited,UNIPARTS,UNIPARTS,small,2022-12-12,False,
INE854D01024,United Spirits Limited,UNITDSPR,UNITDSPR,mid,2001-09-27,False,
INE694A01020,Unitech Limited,UNITECH,UNITECH,small,1999-09-08,False,
INE368U01029,United Polyfab Gujarat Limited,UNITEDPOLY,UNITEDPOLY,small,2021-12-31,False,
INE458F01011,The United Nilgiri Tea Estates Company Limited,UNITEDTEA,,small,2015-01-28,False,
INE275F01019,Univa Foods Limited,UNIVAFOODS,UNIVAFOODS,small,1996-04-03,False,
INE562X01013,Univastu India Limited,UNIVASTU,,small,2020-06-22,False,
INE279A01012,Universal Cables Limited,UNIVCABLES,UNIVCABLES,small,1995-05-17,False,
INE03V001013,Universus Photo Imagings Limited,UNIVPHOTO,UNIVPHOTO,small,2020-02-14,False,
INE405E01023,UNO Minda Limited,UNOMINDA,UNOMINDA,mid,2007-02-02,False,
INE726E01014,U P Hotels Limited,UPHOT,UPHOT,small,2026-08-17,True,"listed 21 days ago, below the 365-day minimum"
INE628A01036,UPL Limited,UPL,UPL,mid,2004-01-23,False,
INE568Z01015,Uravi Defence and Technology Limited,URAVIDEF,URAVIDEF,small,2023-07-05,False,
INE0CAZ01013,Urban Company Limited,URBANCO,URBANCO,small,2025-09-17,True,"listed 355 days ago, below the 365-day minimum"
INE550C01020,Urja Global Limited,URJA,URJA,small,2017-03-28,False,
INE228A01035,Usha Martin Limited,USHAMART,USHAMART,small,2000-10-11,False,
INE0N0Y01013,Udayshivakumar Infra Limited,USK,USK,small,2023-04-03,False,
INE094J01016,UTI Asset Management Company Limited,UTIAMC,UTIAMC,small,2020-10-12,True,name matches Financial Services heuristic (unverified)
INE735W01017,Utkarsh Small Finance Bank Limited,UTKARSHBNK,UTKARSHBNK,small,2023-07-21,True,name matches Financial Services heuristic (unverified)
INE12UR01024,Fujiyama Power Systems Limited,UTLSOLAR,UTLSOLAR,small,2025-11-20,True,name matches Utilities heuristic (unverified)
INE786F01031,Uttam Sugar Mills Limited,UTTAMSUGAR,UTTAMSUGAR,small,2006-04-10,False,
INE152C01025,U. Y. Fincorp Limited,UYFINCORP,UYFINCORP,small,2024-10-03,False,
INE945H01021,V2 Retail Limited,V2RETAIL,V2RETAIL,,2007-07-04,False,
INE694D01016,Vadilal Industries Limited,VADILALIND,VADILALIND,small,2011-06-15,False,
INE693D01018,Vadilal Enterprises Limited,VADILENT,VADILENT,small,2026-08-17,True,"listed 21 days ago, below the 365-day minimum"
INE884A01027,Vaibhav Global Limited,VAIBHAVGBL,VAIBHAVGBL,small,2004-04-05,False,
INE972X01022,Vaishali Pharma Limited,VAISHALI,,small,2020-01-15,False,
INE051B01021,Vakrangee Limited,VAKRANGEE,VAKRANGEE,small,2006-04-03,False,
INE0JWS01017,Valiant Laboratories Limited,VALIANTLAB,VALIANTLAB,small,2023-10-06,False,
INE565V01010,Valiant Organics Limited,VALIANTORG,VALIANTORG,small,2021-07-23,False,
INE1CDF01017,Vedanta Aluminium Metal Limited,VAML,VAML,,2026-06-15,True,"listed 84 days ago, below the 365-day minimum"
INE116G01013,Vardhman Acrylics Limited,VARDHACRLC,,small,2003-09-30,False,
INE835A01029,Vardhman Polytex Limited,VARDMNPOLY,VARDMNPOLY,small,2003-05-12,False,
INE665L01035,Varroc Engineering Limited,VARROC,VARROC,small,2018-07-06,False,
INE893I01013,Vascon Engineers Limited,VASCONEQ,VASCONEQ,small,2010-02-15,False,
INE574G01013,Shri Vasuprada Plantations Limited,VASUPRADA,VASUPRADA,small,2026-08-17,True,"listed 21 days ago, below the 365-day minimum"
INE590L01019,Vaswani Industries Limited,VASWANI,VASWANI,small,2011-09-20,False,
INE200M01039,Varun Beverages Limited,VBL,VBL,large,2016-11-08,False,
INE098201036,Vaxtex Cotfab Limited,VCL,,small,2022-04-19,False,
INE359B01010,VEDAVAAG Systems Limited,VEDAVAAG,VEDAVAAG,small,2026-08-17,True,"listed 21 days ago, below the 365-day minimum"
INE205A01025,Vedanta Limited,VEDL,VEDL,large,1998-05-13,False,
INE694L01019,Vedanta Power Limited,VEDPOWER,VEDPOWER,,2026-06-15,True,name matches Utilities heuristic (unverified)
INE484C01030,Veedol Corporation Limited,VEEDOL,VEEDOL,small,2007-01-16,False,
INE232E01013,Veljan Denison Limited,VELJAN,VELJAN,small,2026-04-20,True,"listed 140 days ago, below the 365-day minimum"
INE398A01010,Venky's (India) Limited,VENKEYS,VENKEYS,small,2003-07-28,False,
INE781S01027,Ventive Hospitality Limited,VENTIVE,VENTIVE,small,2024-12-30,False,
INE0JA001018,Venus Pipes & Tubes Limited,VENUSPIPES,VENUSPIPES,small,2022-05-24,False,
INE411B01019,Venus Remedies Limited,VENUSREM,VENUSREM,small,2006-12-20,False,
INE0IQ001011,Veranda Learning Solutions Limited,VERANDA,VERANDA,small,2022-04-11,False,
INE188Y01031,Vertoz Limited,VERTOZ,,small,2020-05-14,False,
INE386A01023,Vesuvius India Limited,VESUVIUS,VESUVIUS,small,2002-10-04,False,
INE918N01018,Veto Switchgears And Cables Limited,VETO,VETO,small,2015-04-29,False,
INE761Q01015,Vibrant Global Capital Limited,VGCL,VGCL,small,2026-08-17,True,name matches Financial Services heuristic (unverified)
INE273D01027,VARVEE GLOBAL LIMITED,VGL,VGL,,2006-11-21,False,
INE951I01027,V-Guard Industries Limited,VGUARD,VGUARD,small,2008-03-13,False,
INE701A01023,Vardhman Holdings Limited,VHL,VHL,small,2005-06-30,False,
INE048C01025,Viceroy Hotels Limited,VHLTD,VHLTD,small,2024-04-03,False,
INE048C20025,Viceroy Hotels Ltd-RE,VHLTD-RE1,VHLTD-RE1,,2026-09-03,True,"listed 4 days ago, below the 365-day minimum"
INE632C01026,Vidhi Specialty Food Ingredients Limited,VIDHIING,VIDHIING,small,2016-03-02,False,
INE14UN01029,Vidya Wires Limited,VIDYAWIRES,VIDYAWIRES,small,2025-12-10,True,"listed 271 days ago, below the 365-day minimum"
INE043W01024,Vijaya Diagnostic Centre Limited,VIJAYA,VIJAYA,small,2021-09-14,False,
INE159N01027,Viji Finance Limited,VIJIFIN,VIJIFIN,small,2016-07-11,True,name matches Financial Services heuristic (unverified)
INE362D01010,Vijay Solvex Limited,VIJSOLX,VIJSOLX,small,2026-08-17,True,"listed 21 days ago, below the 365-day minimum"
INE806A01020,Vikas EcoTech Limited,VIKASECO,VIKASECO,small,2011-12-12,False,
INE161L01027,Vikas Lifecare Limited,VIKASLIFE,VIKASLIFE,small,2019-05-08,False,
INE078V01014,Vikram Solar Limited,VIKRAMSOLR,VIKRAMSOLR,small,2025-08-26,False,
INE01R501028,Vikran Engineering Limited,VIKRAN,VIKRAN,small,2025-09-03,False,
INE579C01029,Vimta Labs Limited,VIMTALABS,VIMTALABS,small,2005-12-15,False,
INE410B01037,Vinati Organics Limited,VINATIORGA,VINATIORGA,small,2009-07-28,False,
INE498Q01014,Vintage Coffee And Beverages Limited,VINCOFE,VINCOFE,small,2024-10-18,False,
INE707A01012,Vindhya Telelinks Limited,VINDHYATEL,VINDHYATEL,small,1995-02-08,False,
INE505Y01010,Vineet Laboratories Limited,VINEETLAB,VINEETLAB,small,2021-06-15,False,
INE01KI01027,Vinny Overseas Limited,VINNY,VINNY,small,2022-11-28,False,
INE250B01029,Vinyl Chemicals (India) Limited,VINYLINDIA,VINYLINDIA,small,2008-07-21,False,
INE450G01024,VIP Clothing Limited,VIPCLOTHNG,VIPCLOTHNG,small,2007-08-06,False,
INE054A01027,VIP Industries Limited,VIPIND,VIPIND,small,2005-03-02,False,
INE946H01037,Vipul Limited,VIPULLTD,VIPULLTD,small,2015-04-23,False,
INE467D01017,Virat Industries Limited,VIRAT,VIRAT,small,2026-08-17,True,"listed 21 days ago, below the 365-day minimum"
INE539B01017,Virinchi Limited,VIRINCHI,VIRINCHI,small,2023-05-03,False,
INE247C01023,Virtual Global Education Limited,VIRTUALG,VIRTUALG,small,2026-08-17,True,"listed 21 days ago, below the 365-day minimum"
INE286H01012,VISA Chrome Limited,VISACHROME,VISACHROME,small,2006-03-17,False,
INE392A01021,Visaka Industries Limited,VISAKAIND,VISAKAIND,small,1996-08-28,False,
INE755Q01025,Vishal Fabrics Limited,VISHAL,VISHAL,small,2026-08-17,True,"listed 21 days ago, below the 365-day minimum"
INE270I01022,Vishnu Chemicals Limited,VISHNU,VISHNU,small,2015-03-05,False,
INE430N01022,Vishwaraj Sugar Industries Limited,VISHWARAJ,VISHWARAJ,small,2019-10-15,False,
INE1CLE01013,Vedanta Iron and Steel Limited,VISL,VISL,,2026-06-15,True,"listed 84 days ago, below the 365-day minimum"
INE0L4K01016,Vital Chemtech Limited,VITAL,,,2026-03-11,True,"listed 180 days ago, below the 365-day minimum"
INE0MEG01014,Viviana Power Tech Limited,VIVIANA,,,2026-06-02,True,name matches Utilities heuristic (unverified)
INE370E01029,Visagar Polytex Limited,VIVIDHA,VIVIDHA,small,2013-05-21,False,
INE526G01021,Vivimed Labs Limited,VIVIMEDLAB,VIVIMEDLAB,small,2005-08-17,False,
INE380K01017,Vivo Bio Tech Limited,VIVOBIOT,VIVOBIOT,small,2026-08-17,True,"listed 21 days ago, below the 365-day minimum"
INE807F01027,Viyash Scientific Limited,VIYASH,VIYASH,small,2016-03-10,False,
INE03HW01020,VL E-Governance & IT Solutions Limited,VLEGOV,VLEGOV,small,2023-08-14,False,
INE709A01018,VLS Finance Limited,VLSFINANCE,VLSFINANCE,small,1995-05-25,True,name matches Financial Services heuristic (unverified)
INE665J01013,V-Mart Retail Limited,VMART,VMART,small,2013-02-20,False,
INE01EA01019,Vishal Mega Mart Limited,VMM,VMM,mid,2024-12-18,False,
INE0SJA01013,VMS TMT Limited,VMSTMT,VMSTMT,small,2025-09-24,True,"listed 348 days ago, below the 365-day minimum"
INE0I0T01010,Virtuoso Optoelectronics Limited,VOEPL,VOEPL,small,2026-07-01,True,"listed 68 days ago, below the 365-day minimum"
INE704J01044,Vedanta Oil and Gas Limited,VOGL,VOGL,,2026-06-15,True,name matches Utilities heuristic (unverified)
INE285C01015,Voith Paper Fabrics India Limited,VOITHPAPR,VOITHPAPR,small,2026-08-17,True,"listed 21 days ago, below the 365-day minimum"
INE540H01012,Voltamp Transformers Limited,VOLTAMP,VOLTAMP,small,2006-09-20,False,
INE226A01021,Voltas Limited,VOLTAS,VOLTAS,mid,1995-04-12,False,
INE0AE001013,Vishnu Prakash R Punglia Limited,VPRPL,VPRPL,small,2023-09-05,False,
INE0S2V01010,Vraj Iron and Steel Limited,VRAJ,VRAJ,small,2024-07-03,False,
INE366I01010,VRL Logistics Limited,VRLLOG,VRLLOG,small,2015-04-30,False,
INE050M01012,Vardhman Special Steels Limited,VSSL,VSSL,small,2012-05-17,False,
INE710A01016,VST Industries Limited,VSTIND,VSTIND,small,2003-09-05,False,
INE0QTF01015,Vibhor Steel Tubes Limited,VSTL,VSTL,small,2024-02-20,False,
INE764D01017,V.S.T Tillers Tractors Limited,VSTTILLERS,VSTTILLERS,small,2011-06-20,False,
INE825A01020,Vardhman Textiles Limited,VTL,VTL,small,2003-01-14,False,
INE222F01029,VTM Limited,VTMLTD,VTMLTD,small,2026-08-17,True,"listed 21 days ago, below the 365-day minimum"
INE377N01017,Waaree Energies Limited,WAAREEENER,WAAREEENER,mid,2024-10-28,False,
INE866K01023,Indosolar Limited,WAAREEINDO,WAAREEINDO,small,2010-09-29,False,
INE299N01021,Waaree Renewable Technologies Limited,WAAREERTL,WAAREERTL,small,2025-04-09,False,
INE956G01038,VA Tech Wabag Limited,WABAG,WABAG,small,2010-10-13,False,
INE0E7301029,Wakefit Innovations Limited,WAKEFIT,WAKEFIT,small,2025-12-15,True,"listed 266 days ago, below the 365-day minimum"
INE711A01022,Walchandnagar Industries Limited,WALCHANNAG,WALCHANNAG,small,1996-09-18,False,
INE107F01022,Wanbury Limited,WANBURY,WANBURY,small,2007-01-29,False,
INE945P01024,Wardwizard Innovations & Mobility Limited,WARDINMOBI,WARDINMOBI,small,2026-08-17,True,"listed 21 days ago, below the 365-day minimum"
INE054C01015,Waterbase Limited,WATERBASE,WATERBASE,small,2026-08-17,True,"listed 21 days ago, below the 365-day minimum"
INE0CJF01024,Western Carriers (India) Limited,WCIL,WCIL,small,2024-09-24,False,
INE658T01017,Wealth First Portfolio Managers Limited,WEALTH,WEALTH,small,2021-01-20,False,
INE855C01023,Websol Energy System Limited,WEBELSOLAR,WEBELSOLAR,small,2007-05-15,False,
INE080A01014,Weizmann Limited,WEIZMANIND,WEIZMANIND,small,1995-05-10,False,
INE02WG01024,Wonder Electricals Limited,WEL,WEL,small,2022-01-17,True,name matches Utilities heuristic (unverified)
INE191B01025,Welspun Corp Limited,WELCORP,WELCORP,small,2005-05-24,False,
INE625G01013,Welspun Enterprises Limited,WELENT,WELENT,small,2004-11-04,False,
INE389K01018,Welspun Investments and Commercials Limited,WELINV,WELINV,small,2010-09-20,False,
INE731F01037,Welspun Specialty Solutions Limited,WELSPLSOL,WELSPLSOL,small,2026-04-20,True,"listed 140 days ago, below the 365-day minimum"
INE192B01031,Welspun Living Limited,WELSPUNLIV,WELSPUNLIV,small,2003-12-04,False,
INE274C01019,Wendt (India) Limited,WENDT,WENDT,small,2006-08-07,False,
INE274F01020,WESTLIFE FOODWORLD LIMITED,WESTLIFE,WESTLIFE,small,2023-06-05,False,
INE082W01014,WE WIN LIMITED,WEWIN,WEWIN,small,2022-06-15,False,
INE085001019,WeWork India Management Limited,WEWORK,WEWORK,small,2025-10-10,True,"listed 332 days ago, below the 365-day minimum"
INE855A01019,WH Brady & Company Limited,WHBRADY,WHBRADY,small,2026-08-17,True,"listed 21 days ago, below the 365-day minimum"
INE715A01015,Wheels India Limited,WHEELS,WHEELS,small,2000-04-07,False,
INE716A01013,Whirlpool of India Limited,WHIRLPOOL,WHIRLPOOL,small,2010-04-06,False,
INE210A01017,Williamson Magor & Company Limited,WILLAMAGOR,WILLAMAGOR,small,1995-02-08,False,
INE0H5O01029,Windlas Biotech Limited,WINDLAS,WINDLAS,small,2021-08-16,False,
INE052A01021,Windsor Machines Limited,WINDMACHIN,WINDMACHIN,small,2011-08-17,False,
INE215F01023,The Western India Plywoods Limited,WIPL,,small,2017-04-17,False,
INE075A01022,Wipro Limited,WIPRO,WIPRO,large,1995-11-08,False,
INE049B01025,Wockhardt Limited,WOCKPHARMA,WOCKPHARMA,small,2000-02-23,False,
INE066O01014,Wonderla Holidays Limited,WONDERLA,WONDERLA,small,2014-05-09,False,
INE196Y01018,Worth Peripherals Limited,WORTHPERI,WORTHPERI,small,2020-08-04,False,
INE765D01022,WPIL Limited,WPIL,WPIL,small,2026-04-20,True,"listed 140 days ago, below the 365-day minimum"
INE100D01014,W S Industries (I) Limited,WSI,WSI,small,2007-08-01,False,
INE976A01021,West Coast Paper Mills Limited,WSTCSTPAPR,WSTCSTPAPR,small,2001-01-17,False,
INE692G01013,Xchanging Solutions Limited,XCHANGING,XCHANGING,small,2005-03-09,False,
INE01P501012,Xelpmoc Design And Tech Limited,XELPMOC,XELPMOC,small,2019-02-04,False,
INE445C01015,Xpro India Limited,XPROINDIA,XPROINDIA,small,2004-04-27,False,
INE547B01028,Xtglobal Infotech Limited,XTGLOBAL,XTGLOBAL,small,2024-09-16,False,
INE0NG701011,Xtranet Technologies Limited,XTRANET,XTRANET,,2026-07-30,True,"listed 39 days ago, below the 365-day minimum"
INE616Z01012,Yasho Industries Limited,YASHO,YASHO,small,2023-08-21,False,
INE0JO301016,Yatharth Hospital & Trauma Care Services Limited,YATHARTH,YATHARTH,small,2023-08-07,False,
INE0JR601024,Yatra Online Limited,YATRA,YATRA,small,2023-09-28,False,
INE528G01035,Yes Bank Limited,YESBANK,YESBANK,mid,2005-07-12,True,name matches Financial Services heuristic (unverified)
INE290E01011,Yogi Limited,YOGI,YOGI,small,2026-08-17,True,"listed 21 days ago, below the 365-day minimum"
INE384C01016,Yuken India Limited,YUKEN,YUKEN,small,2021-09-02,False,
INE07K301024,Zaggle Prepaid Ocean Services Limited,ZAGGLE,ZAGGLE,small,2023-09-22,False,
INE256A01028,Zee Entertainment Enterprises Limited,ZEEL,ZEEL,small,1998-09-09,False,
INE565L01011,Zee Learn Limited,ZEELEARN,ZEELEARN,small,2010-12-20,False,
INE966H01019,Zee Media Corporation Limited,ZEEMEDIA,ZEEMEDIA,small,2007-01-10,False,
INE058B01018,Zenith Exports Limited,ZENITHEXPO,ZENITHEXPO,small,1996-07-10,False,
INE318D01020,Zenith Steel Pipes & Industries Limited,ZENITHSTL,ZENITHSTL,small,2007-04-30,False,
INE520A01027,Zensar Technologies Limited,ZENSARTECH,ZENSARTECH,small,2003-07-09,False,
INE251B01027,Zen Technologies Limited,ZENTEC,ZENTEC,small,2015-03-30,False,
INE342J01019,ZF Commercial Vehicle Control Systems India Limited,ZFCVINDIA,ZFCVINDIA,small,2008-10-01,False,
INE116C01012,ZF Steering Gear (India) Limited,ZFSTEERING,ZFSTEERING,small,2026-04-20,True,"listed 140 days ago, below the 365-day minimum"
INE518E01015,Zim Laboratories Limited,ZIMLAB,ZIMLAB,small,2022-11-25,False,
INE761Y01019,Zodiac Energy Limited,ZODIAC,ZODIAC,small,2021-12-14,False,
INE206B01013,Zodiac Clothing Company Limited,ZODIACLOTH,ZODIACLOTH,small,1995-09-27,False,
INE358U01012,Zota Health Care LImited,ZOTA,,small,2019-08-19,False,
INE967G01019,Saraswati Commercial India Limited,ZSARACOM,ZSARACOM,small,2026-04-20,True,"listed 140 days ago, below the 365-day minimum"
INE840M01016,Zuari Agro Chemicals Limited,ZUARI,ZUARI,small,2012-11-27,False,
INE217A01012,ZUARI INDUSTRIES LIMITED,ZUARIIND,ZUARIIND,small,1995-04-12,False,
INE010B01027,Zydus Lifesciences Limited,ZYDUSLIFE,ZYDUSLIFE,mid,2000-04-18,False,
INE768C01028,Zydus Wellness Limited,ZYDUSWELL,ZYDUSWELL,small,2009-11-13,False,
INE714B01016,Andhra Petrochemicals Ltd,,ANDHRAPET,small,,False,
INE096A01010,Utique Enterprises Ltd,,UTIQUE,small,,False,
INE957C01019,Aruna Hotels Ltd,,ARUNAHTEL,small,,False,
INE447A01015,ATV Projects India Ltd,,ATVPR,small,,False,
INE099C01010,Bhagawati Gas Ltd,,BHAGGAS,small,,True,name matches Utilities heuristic (unverified)
INE819C01011,Bihar Sponge Iron Ltd,,BIHSPONG,small,,False,
INE418C01012,Quest Capital Markets Ltd,,QUESTCAP,small,,True,name matches Financial Services heuristic (unverified)
INE512A01016,FGP Ltd,,FGP,small,,False,
INE160F01013,PH Capital Ltd,,PHCAP,small,,True,name matches Financial Services heuristic (unverified)
INE300A01016,Goodricke Group Ltd,,GOODRICKE,small,,False,
INE537A01013,GTN Industries Ltd,,GTNINDS,small,,False,
INE905C01034,Harig Crankshafts Ltd,,HARCR,small,,False,
INE962B01011,Prag Bosimi Synthetics Ltd,,PRAGBOS,small,,False,
INE333C01013,India Lease Development Ltd,,INDLEASE,small,,False,
INE680B01019,Margo Finance Ltd,,MARGOFIN,small,,True,name matches Financial Services heuristic (unverified)
INE262B01016,International Travel House Ltd,,ITHL,small,,False,
INE711C01028,Jasch Industries Ltd,,JASCH,small,,False,
INE252C01023,Kanel Industries Ltd,,KANELIND,,,False,
INE104A01012,KG Denim Ltd,,KGDENIM,small,,False,
INE266B01017,Kinetic Engineering Ltd,,KINETICENG,small,,False,
INE601C01013,Envair Electrodyne Ltd,,ENVAIREL,small,,False,
INE073A01019,Krishna Filament Industries Ltd,,KRIFILIND,small,,False,
INE461A01024,Baroda Rayon Corporation Ltd,,BARODARY,small,,False,
INE401C01018,Mid India Industries Ltd,,MIDINDIA,small,,False,
INE285B01017,Spicejet Ltd,,SPICEJET,small,,False,
INE585A01020,Naperol Investments Ltd,,NAPEROL,small,,False,
INE557C01017,Indian Sucrose Ltd,,INDSUCR,small,,False,
INE167E01037,Panyam Cements & Mineral Industries Ltd,,PANCM,small,,False,
INE609A01010,Punjab Communications Ltd,,PUNJCOMMU,small,,False,
INE425E01013,Rama Paper Mills Ltd,,RAMAPPR-B,small,,False,
INE783A01013,Rama Petrochemicals Ltd,,RAMAPETRO,small,,False,
INE350D01015,Rapicut Carbides Ltd,,RAPICUT,small,,False,
INE924A01013,Salora International Ltd,,SALORAINTL,small,,False,
INE538C01017,Samtel India Ltd,,SAMTELIN,small,,False,
INE970C01012,Shree Krishna Paper Mills & Industries Ltd,,SKPMIL,small,,False,
INE629B01032,Steelco Gujarat Ltd,,STEELCO,small,,False,
INE578C01021,TPI India Ltd,,TPINDIA,small,,False,
INE019B01010,Transchem Ltd,,TRANSCHEM,small,,False,
INE184E01024,UTL Industries Ltd,,UTLINDS,small,,False,
INE048A01011,Hindustan Organic Chemicals Ltd,,HOCL,small,,False,
INE844C01027,MPIL Corporation Ltd,,MPILCORPL,small,,False,
INE601A01017,Team24 Consumer Products Ltd,,TEAM24,small,,False,
INE253A01025,Hindustan Motors Ltd,,HINDMOTORS,small,,False,
INE371U01015,Sunrise Industrial Traders Ltd,,SUNRINV,small,,False,
INE598F01014,Gold Rock Investments Ltd,,ZGOLDINV,small,,False,
INE644U01015,Peoples Investments Ltd,,PEOPLIN,small,,False,
INE422D01012,Dalal Street Investments Ltd,,DSINVEST,small,,False,
INE524U01019,Kartik Investments Trust Ltd,,KARTKIN,small,,True,"name matches Trust/REIT/InvIT heuristic (unverified) - likely an investment/holding company rather than a literal REIT/InvIT, see decision 0002"
INE567L01025,Lords Mark Industries Ltd,,LORDSMARK,,,False,
INE825M01017,Antariksh Industries Ltd,,ANTARIKSH,small,,False,
INE998D01011,Jayabharat Credit Ltd,,JAYBHCR,small,,True,name matches Financial Services heuristic (unverified)
INE154M01012,Rapid Investments Ltd,,RAPIDIN,small,,False,
INE695D01021,Walchand Peoplefirst Ltd,,WALCHPF,small,,False,
INE094R01019,E & E Enterprises Ltd,,EENTER,small,,False,
INE691K01017,Bombay Cycle & Motor Agency Ltd,,BOMBCYC,small,,False,
INE003F01015,Muller & Phipps India Ltd,,MULLER,small,,False,
INE02ZA01012,Springform Technology Ltd,,SFTL,small,,False,
INE492N01022,Amalgamated Electricity Company Ltd,,AMALGAM,small,,True,name matches Utilities heuristic (unverified)
INE134R01013,Anand Projects Ltd,,ANANDPROJ,small,,False,
INE131H01028,IndiaNivesh Ltd,,INDIANVSH,small,,False,
INE490A01015,Chowgule Steamships Ltd,,CHOWGULSTM,small,,False,
INE446C01013,Garware Offshore Services Ltd,,GARWAOFFS,small,,False,
INE758D01027,Dhenu Buildcon Infra Ltd,,DHENUBUILD,small,,False,
INE443A01030,ASI Industries Ltd,,ASIIL,small,,False,
INE347D01011,Lerthai Finance Ltd,,LERTHAI,small,,True,name matches Financial Services heuristic (unverified)
INE858D01017,Raasi Refractories Ltd,,RASSIREF,small,,False,
INE094C01011,Triveni Glass Ltd,,TRIVENIGQ,small,,False,
INE416N01013,Nilachal Refractories Ltd,,NILACHAL,small,,False,
INE906D01014,Citadel Realty and Developers Ltd,,CITADEL,small,,False,
INE777A01023,Nath Industries Ltd,,NATHIND,small,,False,
INE464D01014,Vapi Enterprise Ltd,,VAPIENTER,small,,False,
INE837X01027,Gaekwar Mills Ltd,,ZGAEKWAR,small,,False,
INE518A01013,Forbes & Company Ltd,,FORBESCO,small,,False,
INE950C01014,HP Cotton Textile Mills Ltd,,HPCOTTON,small,,False,
INE706D01018,United Interactive Ltd,,UNITEDINT,small,,False,
INE462D01034,Jamshri Realty Ltd,,JAMSHRI,small,,False,
INE498G01015,Katare Spinning Mills Ltd,,KATRSPG,small,,False,
INE909B01020,Pasupati Spinning & Weaving Mills Ltd,,PASUSPG,small,,False,
INE491N01016,Raja Bahadur International Ltd,,RAJABAH,small,,False,
INE203D01016,Victoria Mills Ltd,,VICTMILL,small,,False,
INE404N01019,SV Trading & Agencies Ltd,,ZSVTRADI,small,,False,
INE406N01014,Svaraj Trading & Agencies Ltd,,ZSVARAJT,small,,False,
INE733N01011,Manglam Global Corporations Ltd,,MANGLAM,small,,False,
INE315N01017,Shree Salasar Investments Ltd,,SALSAIN,small,,False,
INE314N01028,Apollo Ingredients Ltd,,APOLLOIN,small,,False,
INE945J01027,Zodiac Ventures Ltd,,ZODIACVEN,small,,False,
INE255E01030,Veer Energy & Infrastructure Ltd,,VEERENRGY,small,,False,
INE948K01011,SW Investments Ltd,,SW1,small,,False,
INE026L01022,Tilak Ventures Ltd,,TILAK,small,,False,
INE130N01010,Unijolly Investments Company Ltd,,UNIJOLL,small,,False,
INE786K01023,Wagend Infra Venture Ltd,,WAGEND,small,,False,
INE828I01019,Mediaone Global Entertainment Ltd,,MEDIAONE,small,,False,
INE160N01017,Healthy Investments Ltd,,HEALINV,small,,False,
INE475V01012,Shreenath Investment Company Ltd,,SHRENTI,small,,False,
INE380D01012,Modella Woollens Ltd,,MODWOOL,small,,False,
INE170C01019,Modipon Ltd,,MODIPON,small,,False,
INE204C01024,Shri Dinesh Mills Ltd,,SHRIDINE,small,,False,
INE243N01029,Swadeshi Polytex Ltd,,SWADPOL,small,,False,
INE796C01011,Shree Rajasthan Syntex Ltd,,SHRAJSYNQ,small,,False,
INE632A01012,Shree Manufacturing Company Ltd,,SHRMFGC,small,,False,
INE07MC01015,Satyam Silk Mills Ltd,,ZSATYASL,small,,False,
INE064H01021,GEE Ltd,,GEE,small,,False,
INE511D01012,Jyoti Ltd,,JYOTI,small,,False,
INE581L01018,JSL Industries Ltd,,JSLINDL,small,,False,
INE813G01023,Kaycee Industries Ltd,,KAYCEEI,small,,False,
INE795A01017,Panasonic Energy India Company Ltd,,PANAENERG,small,,False,
INE783E01023,High Energy Batteries India Ltd,,HIGHENE,small,,False,
INE502C01039,Standard Batteries Ltd,,STDBAT,small,,False,
INE872E01016,Delton Cables Ltd,,DLTNCBL,small,,False,
INE284C01018,Lakshmi Electrical Control Systems Ltd,,LAKSELEC,small,,True,name matches Utilities heuristic (unverified)
INE064R01012,Modulex Construction Technologies Ltd,,MODULEX,small,,False,
INE180M01033,Longspur International Ventures Ltd,,LONGSPUR,small,,False,
INE713N01013,RRP Semiconductor Ltd,,RRP,small,,False,
INE017P01014,Multipurpose Trading & Agencies Ltd,,ZMULTIPU,small,,False,
INE07LK01010,Ridhi Synthetics Ltd,,RIDHISYN,small,,False,
INE927M01029,Grandma Trading & Agencies Ltd,,GRANDMA,small,,False,
INE0LKP01014,Ardi Alliances Ltd,,ARDIALL,small,,False,
INE459E01012,IDream Film Infrastructure Company Ltd,,IDREAM,small,,False,
INE812K01027,Nyssa Corporation Ltd,,NYSSACORP,small,,False,
INE952M01019,Flomic Global Logistics Ltd,,FLOMIC,small,,False,
INE537L01010,Krishna Ventures Ltd,,KRISHNA,small,,False,
INE932M01011,Ganesh Holdings Ltd,,GANHOLD,small,,False,
INE312B01027,SJ Corporation Ltd,,SJCORP,small,,False,
INE361D01012,Uni Abex Alloy Products Ltd,,UNIABEXAL,small,,False,
INE106G01014,Bhagwati Autocast Ltd,,BGWTATO,small,,False,
INE089T01023,Bombay Wire Ropes Ltd,,BOMBWIR,small,,False,
NA,Chase Bright Steel Ltd,,CHASBRT,,,False,
INE255C01026,Galada Power & Telecommunication Ltd,,GALADA,small,,True,name matches Utilities heuristic (unverified)
INE359D01024,Indian Link Chain Manufacturers Ltd,,INLCM,small,,False,
INE123E01014,Informed Technologies India Ltd,,INFORTEC,small,,False,
INE375D01012,Kaira Can Company Ltd,,KAIRA,small,,False,
INE336C01016,Rathi Steel & Power Ltd,,RATHIST,small,,True,name matches Utilities heuristic (unverified)
INE340F01011,Duncan Engineering Ltd,,DUNCANENG,small,,False,
INE755D01015,Stovec Industries Ltd,,STOVACQ,small,,False,
INE380G01015,Welcast Steels Ltd,,ZWELCAST,small,,False,
INE187U01015,Western Ministil Ltd,,WMINIMT,small,,False,
INE0NY101012,Automobile Products of India Ltd,,AUTOPRD,small,,False,
INE280F01019,Jainex Aamcol Ltd,,JAINEX,small,,False,
INE631D01026,G. G. Dandekar Properties Ltd,,GGDPROP,small,,False,
INE731D01024,KPT Industries Ltd,,KPT,small,,False,
INE718M01022,Lakshmi Engineering And Warehousing Ltd,,LAKSHMIEW,small,,False,
INE732D01014,Lynx Machinery & Commercials Ltd,,LYNMC,small,,False,
INE098E01026,Harshil Agrotech Ltd,,HARSHILAGR,small,,False,
INE811D01024,Monotype India Ltd,,MONOT,small,,False,
INE984B01023,Integra Engineering India Ltd,,INTEGRAEN,small,,False,
INE953M01033,PS IT Infrastructure & Services Ltd,,PSITINFRA,small,,False,
INE809Q01020,GHV Infra Projects Ltd,,GHVINFRA,small,,False,
INE203N01015,Shyamkamal Investments Ltd,,SHYMINV,small,,False,
INE721U01011,Hem Holdings & Trading Ltd,,ZHEMHOLD,small,,False,
INE272E01027,Maharashtra Corporation Ltd,,MAHACORP,small,,False,
INE735U01011,Kovalam Investment & Trading Company Ltd,,ZKOVALIN,small,,False,
INE886E01016,Multiplus Holdings Ltd,,MULTIIN,small,,False,
INE178E01026,Skyline Millars Ltd,,SKYLMILAR,small,,False,
INE614R01014,Taparia Tools Ltd,,TAPARIA,small,,False,
INE856A01017,Brady & Morris Engineering Company Ltd,,BRADYM,small,,False,
INE501N01020,La Tim Metal & Industries Ltd,,LATIMMETAL,small,,False,
INE498D01012,Satani Bearings Ltd,,SATANIBRG,small,,False,
INE705G01021,Him Teknoforge Ltd,,HIMTEK,small,,False,
INE688E01024,Hercules Investments Ltd,,HERCULES,small,,False,
INE403C01014,International Combustion India Ltd,,INTLCOMBQ,small,,False,
INE636D01041,Josts Engineering Company Ltd,,JOSTS,small,,False,
INE860N01012,Mipco Seamless Rings Gujarat Ltd,,MPCOSEMB,small,,False,
INE775R01013,Rolcon Engineering Company Ltd,,ROLCOEN,small,,False,
INE568F01017,SNL Bearings Ltd,,SNL,small,,False,
INE058D01030,Jaipan Industries Ltd,,JAIPAN,small,,False,
INE724D01011,Hindustan Hardy Ltd,,HINDHARD,small,,False,
INE618D01015,Sudal Industries Ltd,,SUDAI,small,,False,
INE219D01012,Hariyana Ventures Ltd,,HVL,small,,False,
INE821R01015,Prabhu Steel Industries Ltd,,ZPRBHSTE,small,,False,
INE441L01015,Stanrose Mafatlal Investments & Finance Ltd,,STANROS,small,,True,name matches Financial Services heuristic (unverified)
INE07I701011,Alna Trading & Exports Ltd,,ALNATRD,small,,False,
INE820M01018,Kairosoft AI Solutions Ltd,,VOLKAI,small,,False,
INE512D01028,Gourmet Gateway India Ltd,,GOURMET,small,,False,
INE073I01012,Ishwarshakti Holdings & Traders Ltd,,ISHWATR,small,,False,
INE122V01010,Terraform Magnum Ltd,,TERRAFORM,small,,False,
INE070K01014,Apis India Ltd,,APIS,small,,False,
INE092P01017,Velox Shipping and Logistics Ltd,,VELOX,small,,False,
INE668L01013,Emergent Industrial Solutions Ltd,,EMERGENT,small,,False,
INE403B01016,Galaxy Supermarket Ltd,,GSLTD,small,,False,
INE978L01016,Sarvamangal Mercantile Company Ltd,,ZSARVAMA,small,,False,
INE965V01020,Viksit Engineering Ltd,,VIKSHEN,,,False,
INE789D01014,Sashwat Technocrats Ltd,,SASHWAT,small,,False,
INE320M01019,Star Source Multi Trade Ltd,,STARSOURCE,small,,False,
INE795B01031,Citurgia Biochemicals Ltd,,CITURGIA,small,,False,
INE693E01016,Jayshree Chemicals Ltd,,JAYCH,small,,False,
INE881E01017,KELTECH Energies Ltd,,KELENRG,small,,False,
INE060E01018,Kemp & Company Ltd,,KEMP,small,,False,
INE468C01017,MP Agro Industries Ltd,,MPAGI,small,,False,
INE321D01016,AG Ventures Ltd,,AGVENTURES,small,,False,
INE615W01011,PB Global Ltd,,PBGLOBAL,small,,False,
INE752B01024,Polychem Ltd,,POLYCHEM,small,,False,
INE218N01021,ZR2 Bioenergy Ltd,,ZR2,small,,False,
INE639B01023,TANFAC Industries Ltd,,TANFACIND,,,False,
INE636P01011,Gujarat Petrosynthese Ltd,,GUJPETR,small,,False,
INE716M01034,Swadeshi Industries & Leasing Ltd,,SWADEIN,small,,True,name matches Financial Services heuristic (unverified)
INE467X01023,Saptak Chem And Business Ltd,,SCBL,small,,False,
INE423K01015,Continental Chemicals Ltd,,CONTCHM,small,,False,
INE684U01011,Indo Gulf Industries Ltd,,IGLFXPL-B,small,,False,
INE334N01018,Advance Petrochemicals Ltd,,ADVPETR-B,small,,False,
INE374C01017,Rajasthan Petro Synthetics Ltd,,RAJSPTR,small,,False,
INE046E01025,Apt Packaging Ltd,,APTPACK,small,,False,
INE472D01017,Bluechip Tex Industries Ltd,,BLUECHIPT,small,,False,
INE574A01016,Jagatjit Industries Ltd,,JAGAJITIND,small,,False,
INE133B01027,Kesar Enterprises Ltd,,KESARENT,small,,False,
INE044N01021,Emerald Leisures Ltd,,EMERALL,small,,False,
INE615A01025,The Ravalgaon Sugar Farm Ltd,,RAVALSUGAR,small,,False,
INE991B01010,Kothari Fermentation & Biochem Ltd,,KFBL,small,,False,
INE470N01010,Caprolactam Chemicals Ltd,,CAPRO,small,,False,
INE544C01023,Piccadily Sugar & Allied Industries Ltd,,PICCASUG,small,,False,
INE557D01015,CJ Gelatine Products Ltd,,CJGEL,small,,False,
INE04VT01017,Thakkers Group Ltd,,THAKKERS,small,,False,
INE495D01018,Coromandel Agro Products & Oils Ltd,,CORAGRO,small,,False,
INE014E01015,Kovilpatti Lakshmi Roller Flour Mills Ltd,,KLRFM,small,,False,
INE286E01019,Olympic Oil Industries Ltd,,OLYOI,small,,False,
INE339F01021,Polson Ltd,,POLSON,small,,False,
INE131O01024,Signature Green Corporation Ltd,,SIGNGCL,small,,False,
INE247F01018,Orient Beverages Ltd,,ORIBEVER,small,,False,
INE891G01011,Lime Chemicals Ltd,,LIMECHM,small,,False,
INE357P01014,United Leasing & Industries Ltd,,UNTTEMI,small,,True,name matches Financial Services heuristic (unverified)
INE296D01010,National Oxygen Ltd,,NOL,small,,False,
INE469D01013,Wires & Fabriks SA Ltd,,WIREFABR,small,,False,
INE880B01015,Ansal Housing Ltd,,ANSALHSG,small,,False,
INE607B01012,Computer Point Ltd,,COMPUPN,small,,False,
INE372I01018,Ashnoor Textile Mills Ltd,,ASHNOOR,small,,False,
INE706N01017,East Buildtech Ltd,,EASTBUILD,small,,False,
INE798E01013,Manipal Finance Corporation Ltd,,MNPLFIN,small,,True,name matches Financial Services heuristic (unverified)
INE845A01028,Kiduja India Ltd,,KIDUJA,small,,False,
INE130F01016,Key Corporation Ltd,,KEYCORP,small,,False,
INE02BV01019,Shikhar Leasing & Trading Ltd,,SHIKHARLETR,small,,True,name matches Financial Services heuristic (unverified)
INE621C01011,Gujarat Hotels Ltd,,GUJHOTE,small,,False,
INE455H01021,Fynx Capital Ltd,,FYNX,,,True,name matches Financial Services heuristic (unverified)
INE651D01016,Ras Resorts & Apart Hotels Ltd,,RASRESOR,small,,False,
INE289M01016,Jolly Plastic Industries Ltd,,JOLYPLS,small,,False,
INE143I01013,Paramount Cosmetics India Ltd,,PARMCOS-B,small,,False,
INE726D01016,Jindal Hotels Ltd,,JINDHOT,small,,False,
INE358F01013,Desi Farms India Ltd,,DESIFARMS,small,,False,
INE990E01016,Jupiter Industries & Leasing Ltd,,JPTRLES,small,,True,name matches Financial Services heuristic (unverified)
INE657D01021,Simmonds Marshall Ltd,,SIMMOND,small,,False,
INE712A01012,Warren Tea Ltd,,WARRENTEA,small,,False,
INE788M01017,Cochin Malabar Estates & Industries Ltd,,COCHMAL,small,,False,
INE553F01035,Best Eastern Hotels Ltd,,BESTEAST,small,,False,
INE206I01026,Diamant Infrastructure Ltd,,DIAMANT,small,,False,
INE800K01014,New Markets Avenue Ltd,,NEWMKTAVE,small,,False,
INE861H01020,Nitin Castings Ltd,,NITINCAST,small,,False,
INE641A01013,Nexome Capital Markets Ltd,,NEXOME,small,,True,name matches Financial Services heuristic (unverified)
INE791H01011,Ironwood Education Ltd,,IRONWOOD,small,,False,
INE331L01026,MSR India Ltd,,MSRINDIA,small,,False,
INE433O01024,Avishkar Infra Realty Ltd,,AIRLTD,small,,False,
INE013E01017,Panasonic Carbon India Company Ltd,,PANCARBON,small,,False,
INE549B01016,HB Leasing & Finance Company Ltd,,HBLEAS,small,,True,name matches Financial Services heuristic (unverified)
INE753D01010,Shricon Industries Ltd,,SHRICON,small,,False,
INE668Y01024,Trustwave Securities Ltd,,TRUSTWAVE,,,False,
INE673M01029,Sulabh Engineers & Services Ltd,,SULABEN,small,,False,
INE977E01013,Frontier Capital Ltd,,FRONTCAP,small,,True,name matches Financial Services heuristic (unverified)
INE074J01018,Transoceanic Properties Ltd,,TRANOCE,small,,False,
INE190F01028,Thakral Services India Ltd,,THAKRAL,small,,False,
INE088E01019,Golden Legand Leasing & finance Ltd,,GOLDLEG,small,,True,name matches Financial Services heuristic (unverified)
INE117F01013,VJTF Eduservices Ltd,,VJTFEDU,small,,False,
INE763D01019,Voltaire Leasing & Finance Ltd,,VOLLF,small,,True,name matches Financial Services heuristic (unverified)
INE040F01033,Netlink Solutions India Ltd,,NETLINK,small,,False,
INE778N01016,Triliance Polymers Ltd,,TRILIANCE,small,,False,
INE300B01022,Indian Infotech & Software Ltd,,INDINFO,small,,False,
INE521L01030,Banas Finance Ltd,,BANASFN,small,,True,name matches Financial Services heuristic (unverified)
INE525B01016,Hathway Bhawani Cabletel & Datacom Ltd,,HATHWAYB,small,,False,
INE107J01016,Photon Capital Advisors Ltd,,PHOTON,small,,True,name matches Financial Services heuristic (unverified)
INE811Q01018,Oswal Leasing Ltd,,OSWALEA,small,,True,name matches Financial Services heuristic (unverified)
INE802D01023,Indag Rubber Ltd,,INDAG,small,,False,
INE159E01026,MM Rubber Company Ltd,,MMRUBBR-B,small,,False,
INE367E01033,Sanathnagar Enterprises Ltd,,SEL,small,,False,
INE026I01010,Bhagawati Oxygen Ltd,,BHAGWOX,small,,False,
INE01TL01014,Bombay Oxygen Investments Ltd,,BOMOXY-B1,small,,False,
INE479A01018,Caprihans India Ltd,,CAPRIHANS,small,,False,
INE925D01014,Garware Marine Industries Ltd,,GARWAMAR,small,,False,
INE722D01015,Hardcastle & Waud Manufacturing Company Ltd,,HARDCAS,small,,False,
INE083O01019,Hindustan Housing Company Ltd,,ZHINDHSG,small,,False,
INE370A01019,Modern Shares & Stockbrokers Ltd,,MODRNSH,small,,False,
INE848M01019,Mapro Industries Ltd,,MAPROIN,small,,False,
INE880P01015,Oseaspre Consultants Ltd,,OSEASPR,small,,False,
INE940N01012,Premier Synthetics Ltd,,PREMSYN,small,,False,
INE712Z01019,RJ Shah & Company Ltd,,RJSHAH,small,,False,
INE02C301011,Shah Construction Company Ltd,,SHAHCON,small,,False,
INE896E01023,Sinnar Bidi Udyog Ltd,,SINNAR,small,,False,
INE832D01020,Hindoostan Mills Ltd,,HINDMILL,small,,False,
INE532U01012,Southern Gas Ltd,,ZSOUTGAS,small,,True,name matches Utilities heuristic (unverified)
INE881P01013,Technojet Consultants Ltd,,TECHCON,small,,False,
INE961E01017,Trade Wings Ltd,,TRADWIN,small,,False,
INE804A01025,Swasti Vinayaka Synthetics Ltd,,SWASTIVI,small,,False,
INE856D01011,Msl Global Ltd,,MSLGLOBAL,small,,False,
INE457N01025,Yamini Investments Company Ltd,,YAMNINV,small,,False,
INE946K01023,Premier Capital Services Ltd,,PREMCAP,small,,True,name matches Financial Services heuristic (unverified)
INE679T01013,Milgrey Finance & Investments Ltd,,ZMILGFIN,small,,True,name matches Financial Services heuristic (unverified)
INE955S01019,Arco Leasing Ltd,,ZARCOLEA,small,,True,name matches Financial Services heuristic (unverified)
INE175Q01018,Kusam Electrical Industries Ltd,,KUSUMEL,small,,True,name matches Utilities heuristic (unverified)
INE122N01017,Jumbo Finance Ltd,,JUMBFNL,small,,True,name matches Financial Services heuristic (unverified)
INE302E01014,Sakthi Finance Ltd,,SAKTHIFIN,small,,True,name matches Financial Services heuristic (unverified)
INE407F01018,Easy Fincorp Ltd,,EASYFIN,small,,False,
INE047E01031,JMD Ventures Ltd,,JMDVL,small,,False,
INE747V01014,Tivoli Construction Ltd,,TVOLCON,small,,False,
INE848D01018,V B Desai Financial Services Ltd,,VBDESAI,small,,True,name matches Financial Services heuristic (unverified)
INE527B01020,Quadrant Televentures Ltd,,QUADRANT,small,,False,
INE609B01018,First Custodian Fund India Ltd,,1STCUS,small,,False,
INE520G01024,Axis Solutions Ltd,,AXISOL,small,,False,
INE549D01012,WSFx Global Pay Ltd,,WSFX,small,,False,
INE096I01021,Anjani Foods Ltd,,ANJANIFOODS,small,,False,
INE552N01023,RKD Agri & Retail Ltd,,RKDAGRRTL,small,,False,
INE635I01018,Parshwanath Corporation Ltd,,PARSHWANA,small,,False,
INE381N01019,Rajvi Logitrade Ltd,,RAJVI,small,,False,
INE570N01025,Millennium Online Solutions ( India ) Ltd,,MILLENNIUM,small,,False,
INE910G01027,Munoth Capital Markets Ltd,,MUNCAPM,small,,True,name matches Financial Services heuristic (unverified)
INE910D01024,Bombay Talkies Ltd,,BOMTALKIES,small,,False,
INE771Z01015,Sagar Systech Ltd,,SAGARSYST,small,,False,
INE088P01015,Iconik Sports And Events Ltd,,ICONIKSPEV,small,,False,
INE429D01017,India Cements Capital Ltd,,INDCEMCAP,small,,True,name matches Financial Services heuristic (unverified)
INE556D01017,Ad-Manum Finance Ltd,,ADMANUM,small,,True,name matches Financial Services heuristic (unverified)
INE240B01012,Mehta Integrated Finance Ltd,,MEHIF,small,,True,name matches Financial Services heuristic (unverified)
INE661M01016,Inter Globe Finance Ltd,,INTRGLB,small,,True,name matches Financial Services heuristic (unverified)
INE410E01015,Munoth Communication Ltd,,MCLTD,small,,False,
INE472C01027,Shristi Infrastructure Development Corporation Ltd,,SHRISTI,small,,False,
INE034B01019,Gujarat Credit Corporation Ltd,,GUJCRED,small,,True,name matches Financial Services heuristic (unverified)
INE706F01021,Sylph Industries Ltd,,SYLPH,small,,False,
INE899D01011,Dharani Finance Ltd,,DHARFIN,small,,True,name matches Financial Services heuristic (unverified)
INE191N01012,Alexander Stamps And Coin Ltd,,ALEXANDER,small,,False,
INE488C01015,Shrydus Industries Ltd,,SHRYDUS,small,,False,
INE900A01013,Bharat Bhushan Finance & Commodity Brokers Ltd,,BHARAT,small,,True,name matches Financial Services heuristic (unverified)
INE697C01011,Ushakiran Finance Ltd,,USHAKIRA,small,,True,name matches Financial Services heuristic (unverified)
INE882C01035,Veerhealth Care Ltd,,VEERHEALTH,small,,False,
INE376A01032,Pan India Corporation Ltd,,PANINDIAC,small,,False,
INE135C01012,Sahara Housingfina Corporation Ltd,,SAHARAHOUS,small,,False,
INE026C01013,NDA Securities Ltd,,NDASEC,small,,False,
INE533B01028,Supra Trends Ltd,,SUPRATRE,small,,False,
INE777C01011,GSB Finance Ltd,,GSBFIN,small,,True,name matches Financial Services heuristic (unverified)
INE367A01015,Morarka Finance Ltd,,MORARKFI,small,,True,name matches Financial Services heuristic (unverified)
INE732K01027,Pro Fin Capital Services Ltd,,PROFINC,small,,True,name matches Financial Services heuristic (unverified)
INE654D01010,Sanchay Finvest Ltd,,SANCF,small,,False,
INE754C01010,Crescentis Capital Ltd,,CRESCENTIS,small,,True,name matches Financial Services heuristic (unverified)
INE304E01010,Mantra Capital Ltd,,MANTRA,small,,True,name matches Financial Services heuristic (unverified)
INE425F01028,Befound Movement Ltd,,BEFOUNDMOL,small,,False,
INE212B01011,Libord Finance Ltd,,LIBORDFIN,small,,True,name matches Financial Services heuristic (unverified)
INE216B01012,Yash Management & Satellite Ltd,,YASHMGM,small,,False,
INE569B01022,ISL Consulting Ltd,,ISLCONSUL,small,,False,
INE229D01011,RR Financial Consultants Ltd,,RRFIN,small,,True,name matches Financial Services heuristic (unverified)
INE091N01014,Olympic Management & Financial Services Ltd,,OLYMTFI,small,,True,name matches Financial Services heuristic (unverified)
INE919M01026,Axentra Corp Ltd,,AXENTRA,small,,False,
INE234E01027,DJS Stock & Shares Ltd,,DJSSS,small,,False,
INE113B01037,Omega Interactive Technologies Ltd,,OMEGAIN,,,False,
INE309D01011,Sugal & Damani Share Brokers Ltd,,SUGALDAM,small,,False,
INE027D01019,Nettlinx Ltd,,NETTLINX,small,,False,
INE555D01019,Premium Capital Market & Investments Ltd,,PREMCAPM,small,,True,name matches Financial Services heuristic (unverified)
INE443D01018,BGIL Films & Technologies Ltd,,BGIL,small,,False,
INE963B01019,Mathew Easow Research Securities Ltd,,MATHEWE,small,,False,
INE759C01027,Ajcon Global Services Ltd,,AJCON,small,,False,
INE953B01010,Chartered Capital & Investment Ltd,,CHRTEDCA,small,,True,name matches Financial Services heuristic (unverified)
INE625D01028,Standard Capital Markets Ltd,,STANCAP,small,,True,name matches Financial Services heuristic (unverified)
INE717D01023,Cubical Financial Services Ltd,,CUBIFIN,small,,True,name matches Financial Services heuristic (unverified)
INE452B01013,Relic Technologies Ltd,,RELICTEC,small,,False,
INE359A01012,Invigorated Business Consulting Ltd,,INVIGO,small,,False,
INE006C01015,KZ Leasing & Finance Ltd,,KZLFIN,small,,True,name matches Financial Services heuristic (unverified)
INE759D01017,BYLD Capital Finance Ltd,,BYLD,small,,True,name matches Financial Services heuristic (unverified)
INE527C01010,Pasupati Fincap Ltd,,PASUFIN,small,,False,
INE241B01010,Mehta Securities Ltd,,MEHSECU,small,,False,
INE239B01014,Ruparel Food Products Ltd,,RFL,small,,False,
INE195I01013,Abirami Financial Services India Ltd,,ABIRAFN,small,,True,name matches Financial Services heuristic (unverified)
INE094E01017,Mansi Finance (Chennai) Ltd,,MANSIFIN,small,,True,name matches Financial Services heuristic (unverified)
INE819K01014,Aastamangalam Finance Ltd,,AASTAFIN,small,,True,name matches Financial Services heuristic (unverified)
INE582V01015,Nilkanth Engineering Ltd,,ZNILKENG,small,,False,
INE754D01018,Sobhagya Mercantile Ltd,,SOBME,small,,False,
INE135H01029,Tomorrow Technologies Global Innovations Ltd,,TTGIL,small,,False,
INE837E01019,Winro Commercial India Ltd,,WINROC,small,,False,
INE643D01013,ND Metal Industries Ltd,,NDMETAL,small,,False,
INE767M01029,Asgard Alcobev Ltd,,ASGARD,small,,False,
INE603D01017,Vega Jewellers Ltd,,VEGA,small,,False,
INE393H01016,Skybiotech Healthcare Ltd,,SKYBIOTECH,small,,False,
INE510H01015,Royal India Corporation Ltd,,ROYALIND,small,,False,
INE195E01020,Dhansafal Finserve Ltd,,DHANSAFAL,small,,False,
INE139J01019,Ventura Guaranty Ltd,,SHYAM,small,,False,
INE896J01014,Tandhan Industries Ltd,,TANDHANIN,small,,False,
INE048E01013,Wardwizard Healthcare Ltd,,WARDHEALTH,small,,False,
INE762D01011,Vishvprabha Ventures Ltd,,VISVEN,small,,False,
INE738D01029,Mrugesh Trading Ltd,,MRUTR,small,,False,
INE425H01016,Global Defence Industries Ltd,,GDIL,small,,False,
INE234B01023,Cranes Software International Ltd,,CRANESSOFT,small,,False,
INE092G01024,Saianand Commercial Ltd,,SAICOM,small,,False,
INE750G01019,Eyantra Ventures Ltd,,EY,small,,False,
INE331E01013,Triochem Products Ltd,,TRIPR,small,,False,
INE276H01013,Nidhi Granites Ltd,,NIDHGRN,small,,False,
INE461H01011,Aviva Industries Ltd,,AVIVA,small,,False,
INE649C01012,Rose Merc Ltd,,ROSEMER,small,,False,
INE436U01016,Twin Roses Trades & Agencies Ltd,,TWIROST,small,,False,
INE956V01011,Kajal Synthetics & Silk Mills Ltd,,KAJALSY,small,,False,
INE808W01012,M Lakhamsi Industries Ltd,,MLINDLTD,small,,False,
INE123V01018,Terraform Realstate Ltd,,TERRAREAL,small,,False,
INE968E01012,Capricorn Systems Global Solutions Ltd,,CAPRICORN,small,,False,
INE685D01022,Vama Industries Ltd,,VAMA,small,,False,
INE496M01017,Bentley Commercial Enterprises Ltd,,BENTCOM,small,,False,
INE798C01017,Silveroak Commercials Ltd,,SILVERO,small,,False,
INE02BR01017,Classic Electricals Ltd,,CLASELE,small,,True,name matches Utilities heuristic (unverified)
INE730E01016,Prism Medico and Pharmacy Ltd,,PRISMMEDI,small,,False,
INE177E01010,SPV Global Trading Ltd,,SPVGLOBAL,small,,False,
INE379J01029,Veritas (India) Ltd,,VERITAS,small,,False,
INE091E01039,Jaybharat Textiles and Real Estate Ltd,,JAYTEX,small,,False,
INE552F01011,Nivi Trading Ltd,,ZNIVITRD,small,,False,
INE894A01026,Ashirwad Capital Ltd,,ASHCAP,small,,True,name matches Financial Services heuristic (unverified)
INE895A01023,Swasti Vinayaka Art And Heritage Corporation Ltd,,SVARTCORP,small,,False,
INE553H01015,Bajaj Global Ltd,,BAJGLOB,small,,False,
INE471D01019,Avon Mercantile Ltd,,AVONMERC,small,,False,
INE552H01017,Tashi India Ltd,,TASHIND,small,,False,
INE340U01010,Autoriders International Ltd,,AUTOINT,small,,False,
INE043F01011,N2N Technologies Ltd,,NNTL,small,,False,
INE497M01015,Speedage Commercials Ltd,,ZSPEEDCO,small,,False,
INE408F01024,Shantai Industries Ltd,,SHANTAI,small,,False,
INE417N01011,Chambal Breweries & Distilleries Ltd,,CHMBBRW,small,,False,
INE776V01013,Mansoon Trading Company Ltd,,ZMANSOON,small,,False,
INE2L3M01012,Typhoon Holdings Ltd,,TYPHOON,,,False,
INE068C01015,Aravali Securities & Finance Ltd,,ARAVALIS,small,,True,name matches Financial Services heuristic (unverified)
INE745A01012,Lexora Global Ltd,,LEXGLOBAL,small,,False,
INE093G01022,Sword-Edge Commercials Ltd,,SWORDEDGE,small,,False,
INE108G01010,Cupid Breweries And Distilleries Ltd,,CUPIDALBV,small,,False,
INE495M01019,Sheraton Properties & Finance Ltd,,ZSHERAPR,small,,True,name matches Financial Services heuristic (unverified)
INE664N01018,Magnanimous Trade & finance Ltd,,MAGANTR,small,,True,name matches Financial Services heuristic (unverified)
INE017I01027,Sera Investments & Finance India Ltd,,SERA,small,,True,name matches Financial Services heuristic (unverified)
INE523W01017,Bengal Steel Industries Ltd,,BENGALS,small,,False,
INE468F01010,I-Power Solutions India Ltd,,IPOWER,small,,True,name matches Utilities heuristic (unverified)
INE728J01019,Uniworth Securities Ltd,,UNIWSEC,small,,False,
INE319T01016,Mercury Trade Links Ltd,,MERCTRD,small,,False,
INE242B01018,Nirav Commercials Ltd,,NIRAVCOM,small,,False,
INE416X01012,White Hall Commercial Company Ltd,,WHITHAL,small,,False,
INE508W01018,Asutosh Enterprise Ltd,,ASUTENT,small,,False,
INE412D01013,Apollo Finvest India Ltd,,APOLLOFI,small,,False,
INE0HMN01013,Esquire Money Guarantees Ltd,,ESQRMON,small,,False,
INE993I01029,Enbee Trade & Finance Ltd,,ENBETRD,small,,True,name matches Financial Services heuristic (unverified)
INE162L01017,Ganon Products Ltd,,GANONPRO,small,,False,
INE07LH01016,Devinsu Trading Ltd,,DEVITRD,small,,False,
INE07NX01019,Punctual Trading Ltd,,PUNCTRD,small,,False,
INE765L01017,Betex India Ltd,,BETXIND,small,,False,
INE661K01010,Virya Resources Ltd,,VIRYA,small,,False,
INE012F01016,Polytex India Ltd,,POLYTEX,small,,False,
INE977F01010,Dhanlaxmi Cotex Ltd,,DHANCOT,small,,False,
INE876A01023,Oasis Securities Ltd,,OASISEC,small,,False,
INE590B01010,Garnet International Ltd,,GARNETINT,small,,False,
INE435E01020,Shalimar Productions Ltd,,SHALPRO,small,,False,
INE721V01019,Meenakshi Steel Industries Ltd,,MEENST,small,,False,
INE442U01014,Varun Mercantile Ltd,,VARUNME,small,,False,
INE132V01019,Vinayak Vanijya Ltd,,VINVANI,small,,False,
INE091C01017,Super Sales India Ltd,,SUPER,small,,False,
INE581D01015,Neelkanth Ltd,,NEELKANTH,small,,False,
INE077B01018,Zodiac-JRD-MKJ Ltd,,ZODJRDMKJ,small,,False,
INE579D01019,Sita Enterprises Ltd,,SITAENT,small,,False,
INE183U01022,Pulsar International Ltd,,PULSRIN,small,,False,
INE307N01014,Astal Laboratories Ltd,,ASTALLTD,small,,False,
INE772B01014,Haria Exports Ltd,,HARIAEXPO,small,,False,
INE629C01014,RLF Ltd,,RLF,small,,False,
INE769D01016,Regent Enterprises Ltd,,REGENTRP,small,,False,
INE104E01014,Savera Industries Ltd,,SAVERA,small,,False,
INE114E01013,Chrome Silicon Ltd,,CHROME,small,,False,
INE987E01012,Jeet Machine Tools Ltd,,ZJEETMAC,small,,False,
INE582K01018,Hindusthan Udyog Ltd,,ZHINUDYP,small,,False,
INE158G01015,Remi Edelstahl Tubulars Ltd,,REMIEDEL,small,,False,
INE736H01024,GS Auto International Ltd,,GSAUTO,small,,False,
INE360D01014,Trans Freight Containers Ltd,,TRANSFRE,small,,False,
INE991A01020,Amforge Industries Ltd,,AMFORG,small,,False,
INE950D01012,Acrow India Ltd,,ACROW,small,,False,
INE289D01015,Jay Ushin Ltd,,JAYUSH,small,,False,
INE611C01020,Imec Services Ltd,,IMEC,small,,False,
INE001F01019,Modern Steels Ltd,,MDRNSTL,small,,False,
INE363L01045,Belding India Ltd,,BELDING,small,,False,
INE145J01032,Gujarat Toolroom Ltd,,GUJTLRM,small,,False,
INE105D01013,Cochin Minerals & Rutiles Ltd,,COCHINM,small,,False,
INE072A01029,India Homes Ltd,,INDIAHOMES,small,,False,
INE013J01016,Krishanveer Forge Ltd,,KVFORGE,small,,False,
INE457E01016,Vallabh Steels Ltd,,VALLABHSQ,small,,False,
INE092C01015,P.M. Telelinnks Ltd,,PMTELELIN,small,,False,
INE728B01032,Smiths & Founders (India) Ltd,,SMFIL,small,,False,
INE373E01015,Bloom Industries Ltd,,BLOIN,small,,False,
INE501L01024,Maitri Enterprises Ltd,,MAITRI,small,,False,
INE594D01018,Elango Industries Ltd,,ELANGO,small,,False,
INE791E01018,Kanishk Steel Industries Ltd,,KANSHST,small,,False,
INE257F01017,Mahalaxmi Seamless Ltd,,MAHALXSE,small,,False,
INE658D01029,Simplex Castings Ltd,,SIMPLEXCAS,,,False,
INE387D01025,Shree Steel Wire Ropes Ltd,,SSWRL,small,,False,
INE235U01012,Sizemasters Technology Ltd,,SIZEMASTER,small,,False,
INE308N01012,Southern Magnesium & Chemicals Ltd,,SOUTHMG,small,,False,
INE927K01023,Baroda Extrusion Ltd,,BAROEXT,small,,False,
INE276I01011,Gujarat Containers Ltd,,GUJCONT,small,,False,
INE570B01012,Aditya Ispat Ltd,,ADITYA,small,,False,
INE741B01027,Glittek Granites Ltd,,GLITTEKG,small,,False,
INE176E01012,Tamilnadu Steel Tubes Ltd,,TNSTLTU,small,,False,
INE277E01026,Mardia Samyoung Capillary Tubes Company Ltd,,MSCTC,small,,False,
INE385M01012,Sharda Ispat Ltd,,SHRDAIS,small,,False,
INE608C01026,Nova Iron & Steel Ltd,,NOVIS,small,,False,
INE067E01013,Sterling Powergensys Ltd,,STERPOW,small,,True,name matches Utilities heuristic (unverified)
INE617C01027,Foundry Fuel Products Ltd,,FFPL,small,,False,
INE463D01016,Tulsyan NEC Ltd,,TULSYAN,small,,False,
INE197C01012,Axel Polymers Ltd,,AXELPOLY,small,,False,
INE848B01012,Spectra Industries Ltd,,SPECTRA,small,,False,
INE434C01027,KIC Metaliks Ltd,,KAJARIR,small,,False,
INE584G01012,Solid Stone Company Ltd,,SOLIDSTON,small,,False,
INE146C01019,White Organic Agro Ltd,,WHITEORG,small,,False,
INE614F01019,MFS Intercorp Ltd,,MFSINTRCRP,small,,False,
INE723D01021,Rudra Ecovation Ltd,,RUDRAECO,small,,False,
INE376L01013,Rajkamal Synthetics Ltd,,RAJKSYN,small,,False,
INE272C01013,Deepak Spinners Ltd,,DEEPAKSP,small,,False,
INE229N01010,Newtrac Foods & Beverages Ltd,,NEWTRAC,small,,False,
INE207C01019,Adinath Textiles Ltd,,ADINATH,small,,False,
INE517D01019,Konark Synthetic Ltd,,KONARKSY,small,,False,
INE431C01023,Suryavanshi Spinning Mills Ltd,,SURYVANSP,small,,False,
INE862B01013,Indian Acrylics Ltd,,INDIANACRY,small,,False,
INE760J01012,Ceeta Industries Ltd,,CEETAIN,small,,False,
INE351D01013,Impera Worldwide Ltd,,IMPERA,small,,False,
INE110Q01023,S & T Corporation Ltd,,STCORP,small,,False,
INE218A01028,K-Lifestyle & Industries Ltd,,KLIFESTYL,small,,False,
INE410D01017,Ramgopal Polytex Ltd,,RAMGOPOLY,small,,False,
INE664X01025,TTL Enterprises Ltd,,TTLEL,small,,False,
INE874A01010,Mkventures Capital Ltd,,MKVENTURES,small,,True,name matches Financial Services heuristic (unverified)
INE979D01011,Kush Industries Ltd,,KUSHIND,small,,False,
INE377C01010,Sreechem Resins Ltd,,SRECR,small,,False,
INE899E01019,Surbhi Industries Ltd,,SURBHIN,small,,False,
INE707B01010,Seasons Textiles Ltd,,SEASONST,small,,False,
INE106C01013,Zenith Fibres Ltd,,ZENIFIB,small,,False,
INE436C01014,Bhilwara Spinners Ltd,,BHILSPIN,small,,False,
INE589J01015,Sanrhea Technical Textiles Ltd,,SANTETX,small,,False,
INE660D01017,Vippy Spinpro Ltd,,VIPPYSP,small,,False,
INE156E01014,Jaihind Industries Ltd,,JAIHIND,small,,False,
INE969C01022,Raghuvir Synthetics Ltd,,RAGHUSYN,small,,False,
INE722N01014,Jattashankar Industries Ltd,,JATTAINDUS,small,,False,
INE535C01013,Kamadgiri Fashion Ltd,,KAMADGIRI,small,,False,
INE814D01010,Omnitex Industries India Ltd,,OMNITEX,small,,False,
INE790C01014,Patspin India Ltd,,PATSPINLTD,small,,False,
INE216I01017,Neo Infracon Ltd,,NEOINFRA,small,,False,
INE194N01016,CCME Global Ltd,,CCME,small,,False,
INE339D01034,Everlon Financials Ltd,,EVERFIN,small,,True,name matches Financial Services heuristic (unverified)
INE078T01026,K&R Rail Engineering Ltd,,KRRAIL,small,,False,
INE564C01013,Yarn Syndicate Ltd,,YARNSYN,small,,False,
INE004C01028,Gujarat Cotex Ltd,,GUJCOTEX,small,,False,
INE340D01016,Garware Synthetics Ltd,,GARWSYN,small,,False,
INE638N01012,Eco Hotels And Resorts Ltd,,ECOHOTELS,small,,False,
INE305D01019,Sarup Industries Ltd,,SARUPINDUS,small,,False,
INE114D01015,Oxford Industries Ltd,,OXFORDIN,small,,False,
INE439N01031,Blue Pearl Agriventures Ltd,,BPAGRI,small,,False,
INE410M01018,Southern Latex Ltd,,SOUTLAT,small,,False,
INE670H01017,Oswal Yarns Ltd,,OSWAYRN,small,,False,
INE837B01031,Winsome Textile Industries Ltd,,WINSOMTX,small,,False,
INE219W01012,Modern Insulators Ltd,,MODINSU,small,,False,
INE469C01023,Madhusudan Industries Ltd,,MADHUDIN,small,,False,
INE298E01022,Restile Ceramics Ltd,,RESTILE,small,,False,
INE932D01010,Duroply Industries Ltd,,DUROPLY,small,,False,
INE112C01011,Agio Paper & Industries Ltd,,AGIOPAPER,small,,False,
INE385D01029,Tahmar Enterprises Ltd,,TAHMARENT,small,,False,
INE737E01011,KS Smart Technologies Ltd,,KSSMART,small,,False,
INE497C01016,National Plywood Industries Ltd,,NATPLY,small,,False,
INE699D01015,Jumbo Bag Ltd,,JUMBO,small,,False,
INE384D01022,Sangal Papers Ltd,,SANPA,small,,False,
INE810C01044,Ventura Textiles Ltd,,VENTURA,small,,False,
INE538D01015,Shree Karthik Papers Ltd,,SHKARTP,small,,False,
INE088G01014,South India Paper Mills Ltd,,STHINPA,small,,False,
INE146N01016,Family Care Hospitals Ltd,,FAMILYCARE,small,,False,
INE649R01010,International Data Management Ltd,,IDM,small,,False,
INE919C01019,Jetking Infotrain Ltd,,JETKINGQ,small,,False,
INE115E01010,Ind Agiv Commerce Ltd,,INDAGIV,small,,False,
INE273A01015,Aplab Ltd,,APLAB,small,,False,
INE834B01012,PCS Technology Ltd,,PCS,small,,False,
INE125G01014,Edvenswa Enterprises Ltd,,EDVENSWA,small,,False,
INE443P01038,Pervasive Commodities Ltd,,PERVASIVE,small,,False,
INE311D01017,Switching Technologies Gunther Ltd,,SWITCHTE,small,,False,
INE766A01026,Aurique Ltd,,AURIQUE,,,False,
INE216C01010,Calcom Vision Ltd,,CALCOM,small,,False,
INE083E01010,Dynavision Ltd,,DYNAVSN,small,,False,
INE788D01016,BCC Fuba India Ltd,,BCCFUBA,small,,False,
INE143C01024,Precision Electronics Ltd,,PRECISIO,small,,False,
INE087E01011,Fine Line Circuits Ltd,,FINELINE,small,,False,
INE335Q01026,Rnit Ai Solutions Ltd,,RNITAI,small,,False,
INE541F01022,Gujarat Poly Electronics Ltd,,GUJARATPOLY,small,,False,
INE898E01011,Magnus Steel and Infra Ltd,,MAGNUS,small,,False,
INE834C01028,Modern Malleables Ltd,,MODMA,small,,False,
INE167B01025,ACI Infocom Ltd,,ACIIN,small,,False,
INE689V01018,SBEC Systems India Ltd,,SBECSYS,small,,False,
INE437C01012,Incap Ltd,,INCAP,small,,False,
INE877E01015,Gujarat Intrux Ltd,,GUJINTRX,small,,False,
INE043B01028,Reganto Enterprises Ltd,,REGANTO,small,,False,
INE648E01010,Pan Electronics India Ltd,,PANELEC,small,,False,
INE756A01019,VXL Instruments Ltd,,VXLINSTR,small,,False,
INE082C01024,Patels Airtemp India Ltd,,PATELSAI,small,,False,
INE0IPL01018,Integra Switchgear Ltd,,INTEGSW,small,,False,
INE576B01019,Athena Global Technologies Ltd,,ATHENAGLO,small,,False,
INE060D01028,Narmada Macplast Drip Irrigation Systems Ltd,,NARMP,small,,False,
INE940C01015,Dutron Polymers Ltd,,DUTRON,small,,False,
INE437D01010,Magna Electro Castings Ltd,,MAGNAELQ,small,,False,
INE033C01019,Elnet Technologies Ltd,,ELNET,small,,False,
INE258C01038,Accel Ltd,,ACCEL,small,,False,
INE589D01018,D & H India Ltd,,DHINDIA,small,,False,
INE209C01015,Alfa Transformers Ltd,,ALFATRAN,small,,False,
INE141C01036,NHC Foods Ltd,,NHCFOODS,small,,False,
INE769B01028,Clenon Enterprises Ltd,,CLENON,small,,False,
INE145L01012,Keerthi Industries Ltd,,KEERTHI,small,,False,
INE827D01020,Sri Chakra Cement Ltd,,SRICC,small,,False,
INE069E01019,Suraj Products Ltd,,SURAJ,small,,False,
INE100E01012,Prashant India Ltd,,PRSNTIN,small,,False,
INE455D01012,Shah Foods Ltd,,SHAHFOOD,small,,False,
INE687W01010,Khandelwal Extractions Ltd,,ZKHANDEN,small,,False,
INE534D01014,Ritesh International Ltd,,RITESHIN,small,,False,
INE709D01012,Ashiana Agro Industries Ltd,,ASHAI,small,,False,
INE601N01010,Retro Green Revolution Ltd,,RGRL,small,,False,
INE188E01017,Williamson Financial Services Ltd,,WILLIMFI,small,,True,name matches Financial Services heuristic (unverified)
INE601B01023,Ajanta Soya Ltd,,AJANTSOY,small,,False,
INE102C01020,Kisaan Parivar Industries Ltd,,KISAAN,small,,False,
INE233P01017,Saptarishi Agro Industries Ltd,,SPTRSHI,small,,False,
INE995U01011,Sarda Proteins Ltd,,SRDAPRT,small,,False,
INE297D01018,Prima Agro Ltd,,PRIMAGR,small,,False,
INE110C01015,Madhur Industries Ltd,,MADHURIND,small,,False,
INE906C01016,Tarai Foods Ltd,,TARAI,small,,False,
INE617B01011,Modern Dairies Ltd,,MODAIRY,small,,False,
INE921D01013,Bambino Agro Industries Ltd,,BAMBINO,small,,False,
INE543F01028,Prime Industries Ltd,,PRIMIND,small,,False,
INE706A01022,Vikas WSP Ltd,,VIKASWSP,small,,False,
INE923K01014,VSF Projects Ltd,,VSFPROJ,small,,False,
INE856E01019,Novyra Pharmachem Ltd,,NOVYRA,small,,False,
INE809E01018,Poona Dal & Oil Industries Ltd,,POONADAL,small,,False,
INE213P01027,Transglobe Foods Ltd,,TRANSFD,small,,False,
INE673U01014,Datiware Maritime Infra Ltd,,DATIWARE,small,,False,
INE873N01015,KMG Milk Food Ltd,,KMGMILK,small,,False,
INE062E01014,Pioneer Agro Extracts Ltd,,PIONAGR,small,,False,
INE295C01014,Virat Crane Industries Ltd,,VIRATCRA,small,,False,
INE678B01039,IB Infotech Enterprises Ltd,,IBINFO,,,False,
INE072V01017,Ambar Protein Industries Ltd,,AMBARPIL,small,,False,
INE975C01011,Chordia Food Products Ltd,,CHORDIA,small,,False,
INE052V01019,CIAN Agro Industries & Infrastructure Ltd,,CIANAGRO,small,,False,
INE112B01013,Omega Ag-Seeds Punjab Ltd,,OMEAG,small,,False,
INE358D01018,TAI Industries Ltd,,TAIIND,small,,False,
INE356C01022,BKV Industries Ltd,,BKV,small,,False,
INE630N01019,NCC Bluewater Products Ltd,,NCCBLUE,small,,False,
INE354D01017,Simran Farms Ltd,,SIMRAN,small,,False,
INE092301014,Hindustan Agrigenetics Ltd,,HINDUST,small,,False,
INE565E01016,Suryo Foods & Industries Ltd,,SURFI,small,,False,
INE177M01021,Integrated Proteins Ltd,,INTEGFD,,,False,
INE734D01010,Lake Shore Realty Ltd,,LAKESHORE,small,,False,
INE706B01012,Samkrg Pistons & Rings Ltd,,SAMKRG,small,,False,
INE315F01013,Eastcoast Steel Ltd,,ECSTSTL,small,,False,
INE276D01012,Arcee Industries Ltd,,ARCEEIN,small,,False,
INE125D01011,ABC India Ltd,,ABCINDQ,small,,False,
INE654B01014,Balurghat Technologies Ltd,,BALTE,small,,False,
INE229E01019,Coastal Roadways Ltd,,COARO,small,,False,
INE441C01014,Sibar Auto Parts Ltd,,SIBARAUT,small,,False,
INE580C01019,Starlog Enterprises Ltd,,STARLOG,small,,False,
INE02Z901011,Shiva Suitings Ltd,,SHVSUIT,small,,False,
INE807M01031,Titan Intech Ltd,,TITANIN,small,,False,
INE695C01015,Source Industries (India) Ltd,,SOURCEIND,small,,False,
INE900E01015,Advance Lifestyles Ltd,,ADVLIFE,small,,False,
INE092E01011,Kakatiya Textiles Ltd,,KAKTEX,small,,False,
INE814L01013,Perfect-Octave Media Projects Ltd,,OCTAVE,small,,False,
INE689E01014,Hisar Spinning Mills Ltd,,HISARSP,small,,False,
INE604F01010,Pasari Spinning Mills Ltd,,PASARI,small,,False,
INE482O01021,Olympia Industries Ltd,,OLYMPTX,small,,False,
INE691D01012,Suditi Industries Ltd,,SUDTIND-B,small,,False,
INE363D01018,Shree Bhavya Fabrics Ltd,,SBFL,small,,False,
INE165F01020,Gem Spinners India Ltd,,GEMSPIN,small,,False,
INE958A01011,Eureka Industries Ltd,,EUREKAI,small,,False,
INE122D01026,Aditya Spinners Ltd,,ADITYASP,small,,False,
INE419E01024,Prime Urban Development India Ltd,,PRIMEURB,small,,False,
INE953D01016,Dhanlaxmi Fabrics Ltd,,DHANFAB,small,,False,
INE456D01010,Sri Lakshmi Saraswathi Textiles Arni Ltd,,SLSTLQ,small,,False,
INE485D01043,Maxgrow India Ltd,,MAXGROW,small,,False,
INE306D01017,Sri Ramakrishna Mills Coimbatore Ltd,,SRMCL,small,,False,
INE727E01012,United Textiles Ltd,,UNITEDTE,small,,False,
INE931D01020,Samtex Fashions Ltd,,SAMTEX,small,,False,
INE117C01010,Cityman Ltd,,CITYMAN,small,,False,
INE220C01012,Dhanalaxmi Roto Spinners Ltd,,DHANROTO,small,,False,
INE602D01027,Sanblue Corporation Ltd,,SANBLUE,small,,False,
INE980D01019,Uniroyal Industries Ltd,,UNIROYAL,small,,False,
INE083G01031,Tatia Global Vennture Ltd,,TATIAGLOB,small,,False,
INE124M01015,Sunil Industries Ltd,,SUNILTX,small,,False,
INE443E01016,Sri Nachammai Cotton Mills Ltd,,SRINACHA,small,,False,
INE893C01032,Bharat Global Developers Ltd,,BGDL,small,,False,
INE292D01019,Kandagiri Spinning Mills Ltd,,KANDAGIRI,small,,False,
INE676G01024,MKP Mobility Ltd,,MKPMOB,small,,False,
INE608B01010,Cranex Ltd,,CRANEX,small,,False,
INE459C01016,Fluidomat Ltd,,FLUIDOM,small,,False,
INE279D01016,EMA India Ltd,,EMAINDIA,small,,False,
INE338P01014,Miven Machine Tools Ltd,,MIVENMACH,small,,False,
INE890G01047,United Van Der Horst Ltd,,UVDRHOR,,,False,
INE133D01023,Artson Ltd,,ARTSON,small,,False,
INE410A01013,Solitaire Machine Tools Ltd,,SOLIMAC,small,,False,
INE867D01018,Indsil Hydro Power and Manganese Ltd,,INDSILHYD,small,,True,name matches Utilities heuristic (unverified)
INE182E01010,TMT India Ltd,,TMTIND-B1,small,,False,
INE682D01011,Rasandik Engineering Industries India Ltd,,RASANDIK,small,,False,
INE429B01011,Yogi Sungwon (India) Ltd,,YOGISUNG,small,,False,
INE714D01020,Conart Engineers Ltd,,CONART,small,,False,
INE092H01014,Shivagrico Implements Ltd,,SHIVAGR,small,,False,
INE079L01013,Iykot Hitech Toolroom Ltd,,IYKOTHITE,small,,False,
INE627F01011,Cenlub Industries Ltd,,CENLUB,small,,False,
INE466D01019,Veejay Lakshmi Engineering Works Ltd,,VJLAXMIE,small,,False,
INE868C01018,Ahmedabad Steelcraft Ltd,,AHMDSTE,small,,False,
INE169F01014,NMS Global Ltd,,NMSGLOBAL,small,,False,
INE713D01055,Candour Techtex Ltd,,CANDOUR,small,,False,
INE811B01010,T & I Global Ltd,,TIGLOB,small,,False,
INE142E01022,Bemco Hydraulics Ltd,,BEMHY,small,,False,
INE710D01028,BN Rathi Securities Ltd,,BNRSEC,small,,False,
INE989D01010,Rishi Techtex Ltd,,RISHITECH,small,,False,
,A D S Diagnostics Ltd,,ADSDIAG,,,False,
INE626H01019,Binayak Tex Processors Ltd,,ZBINTXPP,small,,False,
INE584C01011,JJ Finance Corporation Ltd,,JJFINCOR,small,,True,name matches Financial Services heuristic (unverified)
INE124B01018,Cosmo Ferrites Ltd,,COSMOFE,small,,False,
INE293E01031,Cropster Agro Ltd,,CROPSTER,small,,False,
INE425D01015,Futuristic Securities Ltd,,FUTURSEC,small,,False,
INE391G01012,Sanco Trans Ltd,,SANCTRN,small,,False,
INE628D01014,Thrive Future Habitats Ltd,,THRIVE,small,,False,
INE910B01028,OTCO International Ltd,,OTCO,small,,False,
INE599F01020,Foseco Crucible (India) Ltd,,FOSECOC,small,,False,
INE00FM01013,B&A Packaging India Ltd,,BAPACK,small,,False,
INE173J01018,SRM Energy Ltd,,SRMENERGY,small,,False,
INE369D01023,Continental Petroleums Ltd,,CONTPTR,small,,False,
INE006F01018,NB Footwear Ltd,,NBFOOT,small,,False,
INE082B01018,Machino Plastics Ltd,,MACPLASQ,small,,False,
INE395B01048,GV Films Ltd,,GVFILM,small,,False,
INE763B01013,Rama Vision Ltd,,RAMAVISION,small,,False,
INE241V01018,Shri Gang Industries & Allied Products Ltd,,SHRIGANG,small,,False,
INE898O01010,Purity Flexpack Ltd,,PURITY,small,,False,
INE809F01015,Microse India Ltd,,MICROSE,small,,False,
INE888N01013,Standard Shoe Sole and Mould (India) Ltd,,STDSHOE,small,,False,
INE281E01028,Mini Diamonds India Ltd,,MINID,small,,False,
INE982C01033,HOMRE Ltd,,HOM,small,,False,
INE833A01016,ADC India Communications Ltd,,ADCINDIA,small,,False,
INE459D01014,Sunraj Diamond Exports Ltd,,SUNRAJDI,small,,False,
INE207B01011,Sharp India Ltd,,SHARP,small,,False,
INE969D01012,Ind Bank Housing Ltd,,INDBNK,small,,True,name matches Financial Services heuristic (unverified)
INE250C01027,Jai Mata Glass Ltd,,JAIMATAG,small,,False,
INE889F01017,Chennai Meenakshi Multispeciality Hospital Ltd,,CMMHOSP,small,,False,
INE951C01012,Universal Office Automation Ltd,,UNIOFFICE,small,,False,
INE170D01025,APM Industries Ltd,,APMIN,small,,False,
INE951B01014,Krypton Industries Ltd,,KRYPTONQ,small,,False,
INE199D01016,Martin Burn Ltd,,MARBU,small,,False,
INE826B01026,Indian Toners & Developers Ltd,,INDTONER,,,False,
INE638D01021,Kunststoffe Industries Ltd,,KUNSTOFF,small,,False,
INE486I01016,Phaarmasia Ltd,,PHRMASI,small,,False,
INE823D01011,Yash Innoventures Ltd,,YASHINNO,small,,False,
INE465K01016,Kkalpana Plastick Ltd,,KKPLASTICK,small,,False,
INE954B01018,Flex Foods Ltd,,FLEXFO,small,,False,
INE798D01015,Golkunda Diamonds & Jewellery Ltd,,GOLKUNDIA,small,,False,
INE842B01015,Fortis Malar Hospitals Ltd,,FORTISMLR,small,,False,
INE745F01011,JMG Corporation Ltd,,JMGCORP,small,,False,
INE119B01018,Svam Software Ltd,,SVAMSOF,small,,False,
INE866A01016,Ecoboard Industries Ltd,,ECOBOAR,small,,False,
INE502D01011,Trans India House Impex Ltd,,TIHIL,small,,False,
INE844D01017,Mitshi India Ltd,,MITSHI,small,,False,
INE344E01016,Shukra Jewellery Ltd,,SHUKJEW,small,,False,
INE959D01013,Sovereign Diamonds Ltd,,SOVERDIA,small,,False,
INE862C01029,Mukat Pipes Ltd,,MUKATPIP,small,,False,
INE965C01038,Innovative Tech Pack Ltd,,INNOVTEC,small,,False,
INE537B01011,Constronics Infra Ltd,,CONSTRONIC,small,,False,
INE191C01023,East India Drums and Barrels Manufacturing Ltd,,EASTINDIA,small,,False,
INE317D01014,Megamont Ltd,,MEGAMONT,small,,False,
INE316O01021,Avi Products India Ltd,,APIL,small,,False,
INE637N01014,Patidar Buildcon Ltd,,PATIDAR,small,,False,
INE204D01022,Venlon Enterprises Ltd,,VENLONENT,small,,False,
INE704F01018,Pet Plastics Ltd,,PETPLST,small,,False,
INE181D01014,Panther Industrial Products Ltd,,PANIDPR,small,,False,
INE681F01018,Haryana Leather Chemicals Ltd,,HARLETH,small,,False,
INE417E01010,Pee Cee Cosma Sope Ltd,,PCCOSMA,small,,False,
INE034F01010,TCM Ltd,,TCMLMTD,small,,False,
INE133C01033,Kesar Petroproducts Ltd,,KESARPE,small,,False,
INE058I01013,Lactose India Ltd,,LACTOSE,small,,False,
INE757D01011,Teesta Agro Industries Ltd,,TEEAI,small,,False,
INE702E01015,Pentokey Organy India Ltd,,PNTKYOR,small,,False,
INE486D01017,Resonance Specialties Ltd,,RESONANCE,small,,False,
INE659F01022,Gujarat Inject Kerala Ltd,,GUJINJEC,,,False,
INE008B01013,Aimco Pesticides Ltd,,AIMCOPEST,small,,False,
INE499G01013,Gujarat Terce Laboratories Ltd,,GUJTERC,small,,False,
INE323K01017,Kabra Drugs Ltd,,KABRADG,small,,False,
INE065E01017,Shree Hari Chemicals Export Ltd,,SHHARICH,small,,False,
INE806D01016,Ishita Drugs & Industries Ltd,,ISHITADR,small,,False,
INE113E01015,Universal Starch Chem Allied Ltd,,UNIVSTAR,small,,False,
INE744C01029,Norris Medicines Ltd,,NORRIS,small,,False,
INE810M01019,Asian Petroproducts & Exports Ltd,,ASINPET,small,,False,
INE198C01010,Camex Ltd,,CAMEXLTD,small,,False,
INE313M01030,Evexia Lifecare Ltd,,EVEXIA,small,,False,
INE319N01019,Indo Euro Indchem Ltd,,INDOEURO,small,,False,
INE249D01019,Riddhi Siddhi Gluco Biols Ltd,,RIDDHI,small,,False,
INE038B01010,SVC INDUSTRIES Ltd,,SVCIND,small,,False,
INE548H01015,Raaj Medisafe India Ltd,,RAAJMEDI,small,,False,
INE270D01015,Revati Media Ltd,,REVAMEDIA,small,,False,
INE683E01017,Coral Laboratories Ltd,,CORALAB,small,,False,
INE276N01011,Tulasee Bio Ethanol Ltd,,TULASEEBIOE,small,,False,
INE711D01018,Bacil Pharma Ltd,,BACPHAR,small,,False,
INE919B01011,Laffans Petrochemicals Ltd,,LAFFANSQ,small,,False,
INE972C01018,Bhaskar Agrochemicals Ltd,,BHASKAGR,small,,False,
INE465H01012,Sharma East India Hospitals & Medical Research Ltd,,SHARMEH,small,,False,
INE052E01015,Gayatri BioOrganics Ltd,,GAYATRIBI,small,,False,
INE117D01018,Pharmaids Pharmaceuticals Ltd,,PHARMAID,small,,False,
INE737C01023,Vivid Global Industries Ltd,,VIVIDIND,small,,False,
INE686C01014,Priya Ltd,,PRIYALT,small,,False,
INE314D01011,Tirupati Starch & Chemicals Ltd,,TIRUSTA,small,,False,
INE422G01015,Hemo Organic Ltd,,HEMORGANIC,small,,False,
INE263B01022,Jaysynth Orgochem Ltd,,JAYSYNTH,small,,False,
INE994D01010,Aeonx Digital Technology Ltd,,AEONXDIGI,small,,False,
INE875N01036,Bandaram Pharma Packtech Ltd,,BANDARAM,small,,False,
INE276T01018,Adline Chem Lab Ltd,,ADLINE,small,,False,
INE415H01017,Beryl Drugs Ltd,,BERLDRG,small,,False,
INE056E01024,IEL Ltd,,INDXTRA,small,,False,
INE532B01020,iStreet Network Ltd,,ISTRNETWK,small,,False,
INE076D01016,Gagan Gases Ltd,,GAGAN,small,,True,name matches Utilities heuristic (unverified)
INE750B01010,Parker Agrochem Exports Ltd,,PARKERAC,small,,False,
INE102E01018,Oxygenta Pharmaceutical Ltd,,OXYGENTAPH,small,,False,
INE078I01011,Archit Organosys Ltd,,ARCHITORG,small,,False,
INE331C01025,Welcure Drugs & Pharmaceuticals Ltd,,WELCURE,small,,False,
INE994B01014,Bharat Immunologicals & Biologicals Corporation Ltd,,BIBCL,small,,False,
INE645C01010,Kabsons Industries Ltd,,KABSON,small,,False,
INE473E01021,Basant Agro Tech India Ltd,,BASANTGL,small,,False,
INE751D01014,Sandu Pharmaceuticals Ltd,,SANDUPHQ,small,,False,
INE427C01021,Vista Pharmaceuticals Ltd,,VISTAPH,small,,False,
INE150C01029,Titan Biotech Ltd,,TITANBIO,,,False,
INE491D01017,Arvaya Healthcare Ltd,,ARVAYA,small,,False,
INE004E01016,Span Divergent Ltd,,SDL,small,,False,
INE302F01011,Link Pharma Chem Ltd,,LINKPH,small,,False,
INE643N01012,Decipher Labs Ltd,,DECIPHER,small,,False,
INE634B01016,Emmessar Biotech & Nutrition Ltd,,EMMESSA,small,,False,
INE334C01029,Everest Organics Ltd,,EVERESTO,small,,False,
INE037C01010,Phyto Chem India Ltd,,PHYTO,small,,False,
INE457C01010,Dynamic Industries Ltd,,DYNAMIND,small,,False,
INE278D01018,BDH Industries Ltd,,BDH,small,,False,
INE593O01017,Jauss Polymers Ltd,,JAUSPOL,small,,False,
INE064L01015,Globus Constructors & Developers Ltd,,GLOBUSCON,small,,False,
INE809B01014,Polymechplast Machines Ltd,,POLYCHMP,small,,False,
INE395F01023,Stellant Securities (India) Ltd,,STELLANT,small,,False,
INE020S01012,Galaxy Bearings Ltd,,GALXBRG,small,,False,
INE092O01028,Rekvina Laboratories Ltd,,VINRKLB,small,,False,
INE895E01017,SC Agrotech Ltd,,SCAGRO,small,,False,
INE427E01027,Ravileela Granites Ltd,,RALEGRA,small,,False,
INE602H01010,Uniroyal Marine Exports Ltd,,UNRYLMA,small,,False,
INE327D01013,Karan Woo Sin Ltd,,KARANWO,small,,False,
INE881B01054,Supertex Industries Ltd,,SUPERTEX,small,,False,
INE278C01010,Shetron Ltd,,SHETR,small,,False,
INE773D01018,Transgene Biotek Ltd,,TRABI,small,,False,
INE343A01016,Mpl Plastics Ltd,,MPL,small,,False,
INE926C01022,Nikhil Adhesives Ltd,,NIKHILAD,small,,False,
INE175C01018,Spenta International Ltd,,SPENTA,small,,False,
INE678F01014,Multibase India Ltd,,MULTIBASE,small,,False,
INE983C01015,Ludlow Jute & Specialities Ltd,,LUDLOWJUT,small,,False,
INE293C01019,Ashram Online.Com Ltd,,ASHRAM,small,,False,
INE618A01011,Royal Cushion Vinyl Products Ltd,,ROYALCU,small,,False,
INE170U01011,Suraj Industries Ltd,,SURJIND,small,,False,
INE307D01015,Standard Surfactants Ltd,,STDSFAC,small,,False,
INE902C01015,Morgan Ventures Ltd,,MORGAN,small,,False,
INE762C01021,Amrapali Industries Ltd,,AMRAPLIN,small,,False,
INE033E01015,Mid East Portfolio Management Ltd,,MIDEASTP,small,,False,
INE293N01016,Crestchem Ltd,,CRSTCHM,small,,False,
INE410G01010,Divyashakti Ltd,,DIVSHKT,small,,False,
INE875S01019,Advance Multitech Ltd,,ADVMULT,small,,False,
INE115F01017,Shreyas Intermediates Ltd,,SHREYASI,small,,False,
INE744D01019,Panjon Ltd,,PANJON,small,,False,
INE218T01010,Craftroot Retail Ltd,,CRAFTROOT,small,,False,
INE138B01018,Duro Pack Ltd,,DUROPACK,small,,False,
INE908C01012,Cindrella Hotels Ltd,,CINDHO,small,,False,
INE301C01028,Kkalpana Industries (India) Ltd,,KKALPANAIND,small,,False,
INE870B01024,OK Play India Ltd,,OKPLA,small,,False,
INE662D01013,Welterman International Ltd,,WELTI,small,,False,
INE867C01010,ASM Technologies Ltd,,ASMTEC,small,,False,
INE759I01024,Perfectpac Ltd,,PERFEPA,small,,False,
INE267C01013,Ambitious Plastomac Company Ltd,,AMBIT,small,,False,
INE515B01025,Vision Cinemas Ltd,,VISIONCINE,small,,False,
INE072B01027,Artificial Electronics Intelligent Material Ltd,,AEIM,small,,False,
INE007C01021,Indrayani Biotech Ltd,,INDRANIB,small,,False,
INE940E01011,Euro Leder Fashion Ltd,,EUROLED,small,,False,
INE391C01011,Winsome Breweries Ltd,,WINSOMBR,small,,False,
INE152E01013,Elegant Floriculture & Agrotech India Ltd,,ELEFLOR,small,,False,
INE118B01010,South Asian Enterprises Ltd,,SAENTER,small,,False,
INE765B01018,Sky Industries Ltd,,SKYIND,small,,False,
INE432N01010,Bhudevi Infra Projects Ltd,,BHUDEVI,small,,False,
INE206C01029,Pratik Panels Ltd,,PRATIK,small,,False,
INE582D01013,Rishiroop Ltd,,RISHIROOP,small,,False,
INE818D01011,Promact Plastics Ltd,,PROMACT,small,,False,
INE398F01019,Sterling Green Woods Ltd,,STRGRENWO,small,,False,
INE796B01013,Dolphin Medical Services Ltd,,DOLPHMED,small,,False,
INE825D01016,Shahi Shipping Ltd,,SHAHISHIP,small,,False,
INE840D01015,Alpine Housing Development Corporation Ltd,,ALPINEHOU,small,,False,
INE550D01010,Worldwide Aluminium Ltd,,WWALUM,small,,False,
INE670C01026,IIRM Holdings India Ltd,,IIRM,small,,False,
INE716K01020,Square Four Projects India Ltd,,SFPIL,small,,False,
INE493D01013,Choksi Laboratories Ltd,,CHOKSILA,small,,False,
INE159C01012,Salguti Industries Ltd,,SALGUTI,small,,False,
INE519N01014,Midwest Energy Ltd,,REMAGNET,small,,False,
INE439G01019,Enterprise International Ltd,,ENTRINT,small,,False,
INE813B01016,Photoquip India Ltd,,PHOTOQUP,small,,False,
INE845B01018,Lippi Systems Ltd,,LIPPISYS,small,,False,
INE561D01025,Expo Engineering And Projects Ltd,,EXPOEAPL,small,,False,
INE233D01013,National Plastic Industries Ltd,,NATPLAS,small,,False,
INE244C01020,MFL India Ltd,,MFLINDIA,small,,False,
INE863E01015,Ajwa Fun World & Resort Ltd,,AJWAFUN,small,,False,
INE594V01028,Texel Industries Ltd,,TEXELIN,small,,False,
INE008C01011,Royale Manor Hotels & Industries Ltd,,RAYALEMA,small,,False,
INE008N01018,Tirth Plastic Ltd,,TIRTPLS,small,,False,
INE423D01010,Ecoplast Ltd,,ECOPLAST,small,,False,
INE095B01010,Elegant Marbles & Grani Industries Ltd,,ELEMARB,small,,False,
INE839A01021,Bits Ltd,,BITS,small,,False,
INE627D01016,Adarsh Plant Protect Ltd,,ADARSHPL,small,,False,
INE136C01044,HCP Plastene Bulkpack Ltd,,HPBL,small,,False,
INE797D01017,Garnet Construction Ltd,,GARNET,small,,False,
INE869A01010,Narmada Gelatines Ltd,,SHAWGELTIN,small,,False,
INE078D01012,PG Foils Ltd,,PGFOILQ,small,,False,
INE915E01013,Gratex Industries Ltd,,GRATEXI,small,,False,
INE548D01014,Velan Hotels Ltd,,VELHO,small,,False,
INE931B01016,Howard Hotels Ltd,,HOWARHO,small,,False,
INE760B01019,Valiant Communications Ltd,,VALIANT,small,,False,
INE007G01014,Mahasagar Travels Ltd,,MHSGRMS,small,,False,
INE338N01019,Union Quality Plastics Ltd,,UNQTYMI,small,,False,
INE753B01014,Raghunath International Ltd,,RAGHUNAT,small,,False,
INE016C01014,Rajeswari Infrastructure Ltd,,RAJINFRA,small,,False,
INE882D01025,Spice Islands Industries Ltd,,SPICEISLIN,,,False,
INE413C01013,Shelter Infra Projects Ltd,,SIPL,small,,False,
INE794C01016,Shakti Press Ltd,,SHAKTIPR,small,,False,
INE338C01012,Ashirwad Steels & Industries Ltd,,ASHSI,small,,False,
INE480H01011,Arex Industries Ltd,,AREXMIS,small,,False,
INE973B01026,ISF Ltd,,ISFL,small,,False,
INE988D01012,Rishi Laser Ltd,,RISHILASE,small,,False,
INE966C01010,Jainco Projects India Ltd,,JAINCO,small,,False,
INE795E01019,Kumbhat Financial Services Ltd,,KUMPFIN,small,,True,name matches Financial Services heuristic (unverified)
INE017E01018,Intec Capital Ltd,,INTECCAP,small,,True,name matches Financial Services heuristic (unverified)
INE184D01026,Rajasthan Securities Ltd,,RAJSEC,small,,False,
INE797C01019,Siddheswari Garments Ltd,,SIDDHEGA,small,,False,
INE641B01011,Shikhar Consultants Ltd,,SHIKHAR,small,,False,
INE147D01015,Indo Credit Capital Ltd,,INDOCRED,small,,True,name matches Financial Services heuristic (unverified)
INE944C01017,Market Creators Ltd,,MKTCREAT,small,,False,
INE552B01010,Himalaya Food International Ltd,,HFIL,small,,False,
INE344I01017,Sonal Adhesives Ltd,,SONALAD,small,,False,
INE743D01011,Padmanabh Industries Ltd,,PADMAIND,small,,False,
INE377D01026,Kalind Ltd,,KALIND,,,False,
INE116E01018,Vaishno Cement Company Ltd,,VAICC,small,,False,
INE945B01016,Tyroon Tea Company Ltd,,TYROON,small,,False,
INE374J01020,Woodsvilla Ltd,,WOODSVILA,small,,False,
INE404B01022,Last Mile Enterprises Ltd,,LASTMILE,small,,False,
INE372D01019,Gujarat Craft Industries Ltd,,GUJCRAFT,small,,False,
INE025D01013,Heera Ispat Ltd,,HEERAISP,small,,False,
INE313G01016,Dhoot Industrial Finance Ltd,,DHOOTIN,small,,True,name matches Financial Services heuristic (unverified)
INE318P01016,Crimson Metal Engineering Company Ltd,,CRIMSON,small,,False,
INE760M01016,Ashoka Refineries Ltd,,ASHOKRE,small,,False,
INE847D01010,Shree Pacetronix Ltd,,SHREEPAC,small,,False,
INE607G01011,Samyak International Ltd,,SAMYAKINT,small,,False,
INE563D01013,Aadi Industries Ltd,,AADIIND,small,,False,
INE612D01018,Santosh Fine Fab Ltd,,SANTOSHF,small,,False,
INE618F01010,Sparkle Gold Rock Ltd,,SPARKLEGR,small,,False,
INE326C01017,Acknit Industries Ltd,,ACKNIT,small,,False,
INE090D01017,Titan Securities Ltd,,TITANSEC,small,,False,
INE055E01034,Real Eco-Energy Ltd,,REALECO,small,,False,
INE264N01017,Harmony Capital Service Ltd,,HRMNYCP,small,,True,name matches Financial Services heuristic (unverified)
INE984E01035,Vivanza Biosciences Ltd,,VIVANZA,small,,False,
INE095C01018,Yashraj Containeurs Ltd,,YASHRAJC,small,,False,
INE689J01013,Lords Ishwar Hotels Ltd,,LORDSHOTL,small,,False,
INE795D01011,Puretrop Fruits  Ltd,,PURETROP,small,,False,
INE715F01014,ACE Edutrend Ltd,,ACEEDU,small,,False,
INE069B01023,Anupam Finserv Ltd,,ANUPAM,small,,False,
INE639C01013,Raj Packaging Industries Ltd,,RAJPACK,small,,False,
INE444D01016,Natraj Proteins Ltd,,NATRAJPR,small,,False,
INE103E01016,Samrat Pharmachem Ltd,,SAMRATPH,small,,False,
INE446D01011,NPR Finance Ltd,,NPRFIN,small,,True,name matches Financial Services heuristic (unverified)
INE924B01011,Amco India Ltd,,AMCOIND,small,,False,
INE302C01018,Kreon Finnancial Services Ltd,,KREONFIN,small,,False,
INE487G01018,Gyan Developers & Builders Ltd,,GYANDEV,small,,False,
INE017C01012,Kisan Mouldings Ltd,,KISAN,small,,False,
INE256G01033,Vijay Textiles Ltd,,VIJAYTX,small,,False,
INE817B01025,Kerala Ayurveda Ltd,,KERALAYUR,small,,False,
INE153K01018,Moongipa Capital Finance Ltd,,MONGIPA,small,,True,name matches Financial Services heuristic (unverified)
INE388C01017,Mohit Paper Mills Ltd,,MOHITPPR,small,,False,
INE108C01019,Daulat Securities Ltd,,DAULAT,small,,False,
INE473F01010,Oscar Global Ltd,,OSCARGLO,small,,False,
INE213B01019,Odyssey Technologies Ltd,,ODYSSEY,small,,False,
INE758B01013,VK Global Industries Ltd,,VKGLOBAL,small,,False,
INE015F01019,RSC International Ltd,,RSCINT,small,,False,
INE936A01025,Surat Trade and Mercantile Ltd,,SURATRAML,small,,False,
INE354E01031,Atharv Enterprises Ltd,,ATHARVENT,small,,False,
INE365H01014,Fundviser Capital (India) Ltd,,FUNDVISER,small,,True,name matches Financial Services heuristic (unverified)
INE629F01025,Kallam Textiles Ltd,,KALLAM,small,,False,
INE899B01015,Brawn Biotech Ltd,,BRAWN,small,,False,
INE501D01013,Fortune International Ltd,,FORINTL,small,,False,
INE050N01010,Kings Infra Ventures Ltd,,KINGSINFR,small,,False,
INE295B01016,Swojas Foods Ltd,,SWOJAS,small,,False,
INE536C01029,Nutricircle Ltd,,NUTRICIRCLE,small,,False,
INE690D01014,Subhash Silk Mills Ltd,,SUBSM,small,,False,
INE292C01011,Auro Laboratories Ltd,,AUROLAB,small,,False,
INE958C01025,Bridge Securities Ltd,,BRIDGESE,small,,False,
INE001O01029,Risa International Ltd,,RISAINTL,small,,False,
INE497E01020,Rajasthan Tube Manufacturing Company Ltd,,RAJTUBE,small,,False,
INE961B01013,Kay Power and Paper Ltd,,KAYPOWR,small,,True,name matches Utilities heuristic (unverified)
INE003B01014,Inter State Oil Carrier Ltd,,INTSTOIL,small,,False,
INE062C01042,Global Capital Markets Ltd,,GLOBALCA,small,,True,name matches Financial Services heuristic (unverified)
INE584B01013,Sainik Finance & Industries Ltd,,SAINIK,small,,True,name matches Financial Services heuristic (unverified)
INE021N01011,Arigato Universe Ltd,,ARIGATO,small,,False,
INE652D01014,Rich Universe Network Ltd,,RICHUNV,small,,False,
INE373C01019,Quantum Digital Vision India Ltd,,QUANTDIA,small,,False,
INE102F01015,SP Capital Financing Ltd,,SPCAPIT,small,,True,name matches Financial Services heuristic (unverified)
INE791C01012,Paos Industries Ltd,,PAOS,small,,False,
INE418K01015,Shree Rajiv Lochan Oil Extraction Ltd,,SHRAJOI,small,,False,
INE368D01025,Chandra Prabhu International Ltd,,CHANDRAP,small,,False,
INE285U01025,Kimia Biosciences Ltd,,KIMIABL,small,,False,
INE428D01019,Hindustan Tin Works Ltd,,HINDTIN,small,,False,
INE362C01012,Godavari Drugs Ltd,,GODAVARI,small,,False,
INE883D01023,KBS India Ltd,,KBSINDIA,small,,False,
INE428P01013,Prabhhans Industries Ltd,,PRABHHANS,small,,False,
INE380C01014,Vamshi Rubber Ltd,,VAMSHIRU,small,,False,
INE526H01011,Vinyoflex Ltd,,VINYOFL,small,,False,
INE356F01017,Jindal Capital Ltd,,JINDCAP,small,,True,name matches Financial Services heuristic (unverified)
INE932F01015,EPIC Energy Ltd,,EPIC,small,,False,
INE430F01010,Kuwer Industries Ltd,,KUWERIN,small,,False,
INE865B01016,Choksi Asia Ltd,,CHOKSI,small,,False,
INE831C01016,Ashish Polyplast Ltd,,ASHISHPO,small,,False,
INE140C01012,Siddha Ventures Ltd,,SIDDHA,small,,False,
INE293D01017,Kiran Syntex Ltd,,KIRANSY-B,small,,False,
INE764B01029,Sumeru Industries Ltd,,SUMERUIND,small,,False,
INE347C01013,Rungta Irrigation Ltd,,RUNGTAIR,small,,False,
INE959B01017,GTT Data Solutions Ltd,,GTTDATA,small,,False,
INE808A01018,Valson Industries Ltd,,VALSONQ,small,,False,
INE440C01016,Saboo Sodium Chloro Ltd,,SABOOSOD,small,,False,
INE721D01017,GSL Securities Ltd,,GSLSEC,small,,False,
INE337E01010,Vikram Thermo India Ltd,,VIKRAMTH,small,,False,
INE473C01025,Stratmont Industries Ltd,,STRATMONT,small,,False,
INE786J01033,Rajnish Retail Ltd,,RRETAIL,small,,False,
INE948I01015,Manraj Housing Finance Ltd,,MANRAJH,small,,True,name matches Financial Services heuristic (unverified)
INE949B01018,Cosco India Ltd,,COSCO,small,,False,
INE395E01018,Ken Financial Services Ltd,,KENFIN,small,,True,name matches Financial Services heuristic (unverified)
INE132F01038,NCL Research & Financial Services Ltd,,NCLRESE,small,,True,name matches Financial Services heuristic (unverified)
INE149B01015,Koiya International Ltd,,KOIYAIN,small,,False,
INE335G01019,Explicit Finance Ltd,,EXPLICITFIN,small,,True,name matches Financial Services heuristic (unverified)
INE906L01025,Ekam Leasing & Finance Company Ltd,,EKAMLEA,small,,True,name matches Financial Services heuristic (unverified)
INE691C01022,Swastika Investmart Ltd,,SWASTIKA,small,,False,
INE573B01016,Prima Plastics Ltd,,PRIMAPLA,small,,False,
INE381G01013,TeleCanor Global Ltd,,TELECANOR,small,,False,
INE582C01015,Jagsonpal Services Ltd,,JAGSONSER,small,,False,
INE081B01028,Carnation Industries Ltd,,CARNATIN,small,,False,
INE134F01026,Sturdy Industries Ltd,,STURDY,small,,False,
INE194E01015,Garg Furnace Ltd,,GARGFUR,small,,False,
INE375C01022,Sampre Nutritions Ltd,,SAMPRE,small,,False,
INE864E01021,Akar Auto Industries Ltd,,AAIL,small,,False,
INE834D01018,Vipul Organics Ltd,,VIPULORG,small,,False,
INE912B01032,Goyal Associates Ltd,,GOYALASS,small,,False,
INE812B01026,Zenith Healthcare Ltd,,ZENITHHE,small,,False,
INE035401020,Ace Engitech Ltd,,ACEENGITEC,small,,False,
INE057Q01018,York Exports Ltd,,YORKEXP,small,,False,
INE747D01012,Pithampur Poly Products Ltd,,PITHP,small,,False,
INE624M01014,Lykis Ltd,,LYKISLTD,small,,False,
INE233C01023,Prime Property Development Corporation Ltd,,PRIMEPRO,small,,False,
INE546F01013,Zenlabs Ethica Ltd,,ZENLABS,small,,False,
INE161F01011,Anirit Ventures Ltd,,ANIRIT,small,,False,
INE225G01012,Gowra Leasing & Finance Ltd,,GOWRALE,small,,True,name matches Financial Services heuristic (unverified)
INE144C01014,Jagan Lamps Ltd,,JAGANLAM,small,,False,
INE041B01014,Asit C Mehta Financial Services Ltd,,ASITCFIN,small,,True,name matches Financial Services heuristic (unverified)
INE900O01014,Encode Packaging India Ltd,,ENCODE,small,,False,
INE897A01011,Super Bakers India Ltd,,SUPERBAK,small,,False,
INE812S01012,Ovobel Foods Ltd,,OVOBELE,small,,False,
INE807A01010,Challani Capital Ltd,,CHALLANI,small,,True,name matches Financial Services heuristic (unverified)
INE715D01019,Coral Newsprints Ltd,,CORNE,small,,False,
INE0OUS01011,Shentracon Chemicals Ltd,,SHENTRA,small,,False,
INE510B01018,Agarwal Fortune India Ltd,,AGARWAL,small,,False,
INE929C01018,KLG Capital Services Ltd,,KLGCAP,small,,True,name matches Financial Services heuristic (unverified)
INE118C01018,Dynamic Portfolio Management & Services Ltd,,DYNAMICP,small,,False,
INE055O01033,Inland Printers Ltd,,INLANPR,small,,False,
INE358C01010,Ceejay Finance Ltd,,CEEJAY,small,,True,name matches Financial Services heuristic (unverified)
INE584D01019,Suncity Synthetics Ltd,,SUNCITYSY,small,,False,
INE400N01017,Shree Ganesh Elastoplast Ltd,,SHGANEL,small,,False,
INE336D01014,Anna Infrastructures Ltd,,ANNAINFRA,small,,False,
INE125F01032,Onesource Industries And Ventures Ltd,,OIVL,small,,False,
INE355C01016,BNR Udyog Ltd,,BNRUDY,small,,False,
INE838C01011,SSPDL Ltd,,SSPDL,small,,False,
INE789B01018,Daikaffil Chemicals India Ltd,,DAIKAFFI,small,,False,
INE830A01012,Cil Securities Ltd,,CILSEC,small,,False,
INE011B01017,Clio Infotech Ltd,,CLIOINFO,small,,False,
INE963A01011,Hipolin Ltd,,HIPOLIN,small,,False,
INE545E01018,GDL Leasing & Finance Ltd,,GDLLEAS,small,,True,name matches Financial Services heuristic (unverified)
INE485K01022,Arunjyoti Bio Ventures Ltd,,ABVL,small,,False,
INE366G01022,Super Crop Safe Ltd,,SUCROSA,small,,False,
INE061B01038,Audroc Ltd,,AUDROC,,,False,
INE825C01018,NG Industries Ltd,,NGIND,small,,False,
INE784M01016,Asia Pack Ltd,,ASIAPAK,small,,False,
INE417F01017,SI Capital & Financial Services Ltd,,SICAPIT,small,,True,name matches Financial Services heuristic (unverified)
INE308B01017,ERP Soft Systems Ltd,,ERPSOFT,small,,False,
INE474H01014,RR Securities Ltd,,RRSECUR,small,,False,
INE038N01015,Integrated Thermoplastics Ltd,,INTETHR,small,,False,
INE609D01014,Ramsons Projects Ltd,,RAMSONS,small,,False,
INE737G01016,Haryana Financial Corporation Ltd,,HARAFIN,small,,True,name matches Financial Services heuristic (unverified)
INE535P01015,RRP Defense Ltd,,RRPDEFENSE,small,,False,
INE457D01018,Stanpacks India Ltd,,STANPACK,small,,False,
INE357B01022,Raminfo Ltd,,RAMINFO,small,,False,
INE224D01012,Sunil Agro Foods Ltd,,SUNILAGR,small,,False,
INE012E01035,Diana Tea Company Ltd,,DIANATEA,small,,False,
INE042C01010,Alfa Ica India Ltd,,ALFAICA,small,,False,
INE260E01014,Shri Keshav Cements And Infra Ltd,,SKCIL,small,,False,
INE274E01015,India Home Loan Ltd,,INDIAHOME,small,,False,
INE630C01012,JPT Securities Ltd,,JPTSEC,small,,False,
INE443C01010,Roopa Industries Ltd,,ROOPAIND,small,,False,
INE075H01019,Sarthak Global Ltd,,SARTHAKGL,small,,False,
INE333E01019,Unique Organics Ltd,,UNIQUEO,small,,False,
INE595G01018,Swarna Securities Ltd,,SWRNASE,small,,False,
INE154G01022,Venmax Drugs and Pharmaceuticals Ltd,,VENMAX,small,,False,
INE190D01015,Arihants Securities Ltd,,ARISE,small,,False,
INE309H01038,Visagar Financial Services Ltd,,VISAGAR,small,,True,name matches Financial Services heuristic (unverified)
INE267E01019,Libord Securities Ltd,,LIBORD,small,,False,
INE201N01019,Bharat Textiles & Proofing Industries Ltd,,BHATEXT,small,,False,
INE101E01010,Regal Entertainment & Consultants Ltd,,REGAL,small,,False,
INE0P4R01017,Swadha Nature Ltd,,SWADHATURE,small,,False,
INE239F01015,Dhanvantri Jeevan Rekha Ltd,,ZDHJERK,small,,False,
INE741D01015,Neelkanth Rockminerals Ltd,,NEELKAN,small,,False,
INE153C01015,Vintage Securities Ltd,,VINTAGES,small,,False,
INE906K01027,Oswal Overseas Ltd,,OSWALOR,small,,False,
INE080G01029,Contil India Ltd,,CONTILI,small,,False,
INE876E01033,Nihar Info Global Ltd,,NIHARINF,small,,False,
INE858C01027,United Credit Ltd,,UNITDCR,small,,True,name matches Financial Services heuristic (unverified)
INE396H01019,Centuple Global Ltd,,CENTUPLE,small,,False,
INE538G01018,Gothi Plascon India Ltd,,GOTHIPL,small,,False,
INE418D01010,Ceenik Exports India Ltd,,CEENIK,small,,False,
INE237C01016,Kati Patang Lifestyle Ltd,,KATIPATANG,small,,False,
INE148B01033,Mena Mani Industries Ltd,,MENAMANI,small,,False,
INE635D01027,Inani Marbles & Industries Ltd,,INANI,small,,False,
INE503D01027,Gemstone Investments Ltd,,GEMSI,small,,False,
INE158F01017,El Forge Ltd,,ELFORGE,small,,False,
INE650C01036,Diligent Industries Ltd,,DILIGENT,small,,False,
INE601F01016,Epsom Properties Ltd,,EPSOMPRO,small,,False,
INE883B01027,Alfavision Overseas India Ltd,,ALFAVIO,small,,False,
INE412E01011,Organic Coatings Ltd,,ORGCOAT,small,,False,
INE660B01011,Catvision Ltd,,CATVISION,small,,False,
INE971L01029,Kemistar Corporation Ltd,,KEMISTAR,small,,False,
INE995E01015,Laser Diamonds Ltd,,LADIAMO,small,,False,
INE771E01010,Associated Ceramics Ltd,,ASSOCER,small,,False,
INE709B01016,SKP Securities Ltd,,SKPSEC,small,,False,
INE121D01036,Syschem India Ltd,,SYSCHEM,small,,False,
INE186C01023,Mefcom Capital Markets Ltd,,MEFCOMCAP,small,,True,name matches Financial Services heuristic (unverified)
INE930A01010,Hemang Resources Ltd,,HEMANG,small,,False,
INE355H01015,Eforu Entertainment Ltd,,EFORU,small,,False,
INE589N01017,Filtron Engineers Ltd,,FILTRON,small,,False,
INE580D01017,Glance Finance Ltd,,GLANCE,small,,True,name matches Financial Services heuristic (unverified)
INE819G01012,Tradewell Holdings Ltd,,TRADEWELL,small,,False,
INE179O01031,Spright Agro Ltd,,SPRIGHT,small,,False,
INE741C01017,Cresanto Global Ltd,,CRESANTO,small,,False,
INE923C01011,Colinz Laboratories Ltd,,COLINZ,small,,False,
INE606C01012,Nalin Lease Finance Ltd,,NLFL,small,,True,name matches Financial Services heuristic (unverified)
INE861E01019,Shyama Computronics and Services Ltd,,SHYAMACOMP,small,,False,
INE262W01012,Mayur Floorings Ltd,,MAYURFL,small,,False,
INE364D01032,Anjani Synthetics Ltd,,ANJANI,small,,False,
INE907E01010,Deco Mica Ltd,,DECOMIC,small,,False,
INE821D01031,Rander Corporation Ltd,,RANDER,small,,False,
INE822D01021,Rasi Electrodes Ltd,,RASIELEC,small,,False,
INE962E01015,Scoobee Day Garments (India) Ltd,,SCOOBEEDAY,small,,False,
INE494D01011,Citi Port Financial Services Ltd,,CITIPOR,small,,True,name matches Financial Services heuristic (unverified)
INE972E01014,Dhruva Capital Services Ltd,,DHRUVCA,small,,True,name matches Financial Services heuristic (unverified)
INE022F01015,Shamrock Industrial Company Ltd,,SHAMROIN,small,,False,
INE723N01012,Prima Industries Ltd,,PRIMAIN,small,,False,
INE342D01012,India Gelatine & Chemicals Ltd,,INDGELA,small,,False,
INE015E01012,Paragon Finance Ltd,,PARAGONF,small,,True,name matches Financial Services heuristic (unverified)
INE530D01012,Vellora Impact Ltd,,VELLORA,small,,False,
INE328F01016,Esha Media Research Ltd,,ESHAMEDIA,small,,False,
INE332F01018,Refex Renewables & Infrastructure Ltd,,REFEXRENEW,small,,False,
INE060N01019,Equilateral Enterprises Ltd,,EQUILATERA,small,,False,
INE421E01012,Progrex Ventures Ltd,,PROGREXV,small,,False,
INE151B01011,B2B Software Technologies Ltd,,B2BSOFT,small,,False,
INE526C01012,Nikki Global Finance Ltd,,NIKKIGL,small,,True,name matches Financial Services heuristic (unverified)
INE986B01044,Radhe Developers India Ltd,,RADHEDE,small,,False,
INE674M01019,Kinetic Trust Ltd,,KINETRU,small,,True,"name matches Trust/REIT/InvIT heuristic (unverified) - likely an investment/holding company rather than a literal REIT/InvIT, see decision 0002"
INE785D01012,Elixir Capital Ltd,,ELIXIR,small,,True,name matches Financial Services heuristic (unverified)
INE238C01022,Trishakti Industries Ltd,,TRISHAKT,small,,False,
INE698B01011,Pankaj Polymers Ltd,,PANKAJPO,small,,False,
INE807H01023,Marble City India Ltd,,MARBLE,small,,False,
INE897D01015,Cindrella Financial Services Ltd,,CINDRELL,small,,True,name matches Financial Services heuristic (unverified)
INE586D01014,Adhata Global Ltd,,ADHHATA,small,,False,
INE896D01017,National Plastic Technologies Ltd,,NATPLASTI,small,,False,
INE531D01010,Lead Financial Services Ltd,,LEADFIN,small,,True,name matches Financial Services heuristic (unverified)
INE643C01015,National Fittings Ltd,,NATFIT,small,,False,
INE885B01014,Artefact Projects Ltd,,ARTEFACT,small,,False,
INE053D01015,Amit International Ltd,,AMITINT,small,,False,
INE319M01011,Tusaldah Ltd,,TUSALDAH,small,,False,
INE960H01012,Nutech Global Ltd,,NUTECGLOB,small,,False,
INE590D01016,DHP India Ltd,,DHPIND,small,,False,
INE325G01010,Available Finance Ltd,,AVAILFC,small,,True,name matches Financial Services heuristic (unverified)
INE366H01012,Integra Capital  Ltd,,INTCAPL,small,,True,name matches Financial Services heuristic (unverified)
INE368C01019,Maruti Global Industries Ltd,,MGIL,small,,False,
INE250D01017,Jayatma Industries Ltd,,JAYIND,small,,False,
INE475C01012,Roselabs Finance Ltd,,ROSELABS,small,,True,name matches Financial Services heuristic (unverified)
INE128R01023,Kretto Syscon Ltd,,KRETTOSYS,small,,False,
INE186E01011,Vikalp Securities Ltd,,VIKALPS,small,,False,
INE151H01018,Milestone Global Ltd,,MILESTONE,small,,False,
INE348I01018,Bervin Investment & Leasing Ltd,,BERVINL,small,,True,name matches Financial Services heuristic (unverified)
INE373D01017,Gujarat Investa Ltd,,GUJINV,small,,False,
INE500D01015,Eastern Treads Ltd,,EASTRED,small,,False,
INE328D01011,Peeti Securities Ltd,,PEETISEC,small,,False,
INE777G01012,Shriram Asset Management Company Ltd,,SRAMSET,small,,True,name matches Financial Services heuristic (unverified)
INE427D01011,Golechha Global Finance Ltd,,GOLECHA,small,,True,name matches Financial Services heuristic (unverified)
INE005E01013,Ekansh Concepts Ltd,,EKANSH,small,,False,
INE960B01015,Sparc Electrex Ltd,,SPAR,small,,False,
INE405H01018,Centenial Surgical Suture Ltd,,CSURGSU,small,,False,
INE671D01014,Hasti Finance Ltd,,HASTIFIN,small,,True,name matches Financial Services heuristic (unverified)
INE890B01014,Upsurge Investment & Finance Ltd,,UPSURGE,small,,True,name matches Financial Services heuristic (unverified)
INE448D01025,Padam Cotton Yarns Ltd,,PADAMCO,small,,False,
INE905B01010,Women Networks Ltd,,WOMENNET,small,,False,
INE262C01014,Polycon International Ltd,,POLYCON,small,,False,
INE679C01027,Source Natural Foods and Herbal Supplements Ltd,,SOURCENTRL,small,,False,
INE493B01017,GG Automotive Gears Ltd,,GGAUTO,small,,False,
INE281M01013,LWS Knitwear Ltd,,LWSKNIT,small,,False,
INE234J01018,ANS Industries Ltd,,ANSINDUS,small,,False,
INE057D01016,Alchemist Corporation Ltd,,ALCHCORP,small,,False,
INE560D01027,Tuni Textile Mills Ltd,,TUNITEX,small,,False,
INE576N01014,Radix Industries (India) Ltd,,RADIXIND,small,,False,
INE516D01011,Kiran Print Pack Ltd,,KIRANPR,small,,False,
INE603F01012,Narendra Properties Ltd,,NARPROP,small,,False,
INE804B01023,Mega Corporation Ltd,,MEGACOR,small,,False,
INE644K01016,BMB Music & Magnetics Ltd,,BMBMUMG,small,,False,
INE07P301011,Systematix Securities Ltd,,SYTIXSE,small,,False,
INE271D01013,Sungold Capital Ltd,,SUNGOLD,small,,True,name matches Financial Services heuristic (unverified)
INE474D01013,Saffron Industries Ltd,,SAFFRON,small,,False,
INE523I01016,Prakash Woollen & Synthetic Mills Ltd,,PWASML,small,,False,
INE100F01019,Lyons Corporate Market Ltd,,LYONSCO,small,,False,
INE323D01020,Polylink Polymers India Ltd,,POLYLINK,small,,False,
INE952C01028,Minaxi Textiles Ltd,,MINAXI,small,,False,
INE109B01019,Boston Commerce Ltd,,BOSTON,small,,False,
INE545B01022,Continental Controls Ltd,,CONTICON,small,,False,
INE377M01043,Global Infratech & Finance Ltd,,GBLINFRA,,,True,name matches Financial Services heuristic (unverified)
INE317B01042,Nouveau Global Ventures Ltd,,NOUVEAU,small,,False,
INE397G01019,Duke Offshore Ltd,,DUKEOFS,small,,False,
INE183D01010,Cybele Industries Ltd,,CYBELEIND,small,,False,
INE600B01033,Filmcity Media Ltd,,FILME,small,,False,
INE680D01015,Omkar Overseas Ltd,,OMKAR,small,,False,
INE080D01042,Sybly Industries Ltd,,SYBLY,small,,False,
INE404L01039,Esaar India Ltd,,ESARIND,small,,False,
INE866D01010,Maris Spinners Ltd,,MARIS,small,,False,
INE628F01019,Indergiri Finance Ltd,,INDERGR,small,,True,name matches Financial Services heuristic (unverified)
INE561E01015,Shukra Bullions Ltd,,SKRABUL,small,,False,
INE623D01015,Step Two Corporation Ltd,,STEP2COR,small,,False,
INE681D01039,Orient Tradelink Ltd,,ORIENTTR,small,,False,
INE735D01041,Mahan Industries Ltd,,MAHANIN,small,,False,
INE767B01022,Vikas Proppant & Granite Ltd,,VIKASPROP,small,,False,
INE971E01016,Desh Rakshak Aushdhalaya Ltd,,DESHRAK,small,,False,
INE849B01010,ACE Software Exports Ltd,,ACESOFT,small,,False,
INE562E01021,Softrak Venture Investment Ltd,,SOFTRAKV,small,,False,
INE658E01027,Betala Global Securities Ltd,,BETALA,,,False,
INE578B01015,Accedere Ltd,,ACCEDERE,small,,False,
INE681K01026,Mizzen Ventures Ltd,,MIZVEN,small,,False,
INE864D01015,Rishabh Digha Steel & Allied Products Ltd,,RISHDIGA,small,,False,
INE392G01028,Maruti Infrastructure Ltd,,MAINFRA,small,,False,
INE881A01015,Kobo Biotech Ltd,,KOBO,small,,False,
INE865D01012,Jhaveri Credits & Capital Ltd,,JHACC,small,,True,name matches Financial Services heuristic (unverified)
INE754B01012,Raghunath Tobacco Company Ltd,,RAGHUTOB,small,,False,
INE193D01019,Disha Resources Ltd,,DRL,small,,False,
INE137E01014,Amit Securities Ltd,,AMITSEC,small,,False,
INE860D01013,Sanjivani Paranteral Ltd,,SANJIVIN,small,,False,
INE863D01017,Ranjit Securities Ltd,,RANJITSE,small,,False,
INE192C01013,Vas Infrastructure Ltd,,VASINFRA,small,,False,
INE580H01026,KMF Builders & Developers Ltd,,KMFBLDR,small,,False,
INE508J01015,Beryl Securities Ltd,,BERYLSE,small,,False,
INE483D01014,Rap Corp Ltd,,RAP,small,,False,
INE455C01014,Devine Impex Ltd,,DEVINE,small,,False,
INE802A01037,Bampsl Securities Ltd,,BAMPSL,small,,False,
INE861N01036,Genpharmasec Ltd,,GENPHARMA,small,,False,
INE507D01010,Incon Engineers Ltd,,INCON,small,,False,
INE046M01036,Midland Polymers Ltd,,MIDPOLY,small,,False,
INE832C01014,Gogia Capital Growth Ltd,,GOGIACAPGL,small,,True,name matches Financial Services heuristic (unverified)
INE792J01015,Gorani Industries Ltd,,GORANIN,small,,False,
INE902G01016,KG Petrochem Ltd,,KGPETRO,small,,False,
INE832E01010,UFM Industries Ltd,,UFMINDL,small,,False,
INE100C01024,Meyer Apparel Ltd,,MAL,small,,False,
INE347I01010,Starcom Information Technology Ltd,,STARCOM,small,,False,
INE628B01034,Orosil Smiths India Ltd,,OROSMITHS,small,,False,
INE173E01019,Tejassvi Aaharam Ltd,,TEJASSVI,small,,False,
INE870J01019,Silver Oak India Ltd,,SILVOAK,small,,False,
INE936N01010,Suvidha Infraestate Corporation Ltd,,SICL,small,,False,
INE546D01018,Tokyo Finance Ltd,,TOKYOFIN,small,,True,name matches Financial Services heuristic (unverified)
INE265C01025,Prabhatam Infra Venture Ltd,,PRABHATAM,small,,False,
INE654H01011,National General Industries Ltd,,NATGENI,small,,False,
INE528C01018,UVS Hospitality And Services Ltd,,UVS,small,,False,
INE454E01013,Abate As Industries Ltd,,ABATEAS,small,,False,
INE863C01019,Hittco Tools Ltd,,HITTCO,small,,False,
INE139D01020,Yuvraaj Hygiene Products Ltd,,YUVRAAJHPL,small,,False,
INE117K01013,RR MetalMakers India Ltd,,RRMETAL,small,,False,
INE661D01015,Vision Corporation Ltd,,VISIONCO,small,,False,
INE214D01021,Karnawati Innovation Ltd,,KARNAWATI,small,,False,
INE224C01014,Inani Securities Ltd,,INANISEC,small,,False,
INE067C01025,Anka India Ltd,,ANKIN,small,,False,
INE554H01021,Emrock Corporation Ltd,,EMROCK,small,,False,
INE588E01026,Aris International Ltd,,ARISINT,small,,False,
INE799E01011,Mayur Leather Products Ltd,,MAYUR,small,,False,
INE673C01020,Amerise Biosciences Ltd,,AMERISE,small,,False,
INE776R01011,Frontline Financial Services Ltd,,FRONTFN,small,,True,name matches Financial Services heuristic (unverified)
INE537C01019,Advik Laboratories Ltd,,ADVIKLA,small,,False,
INE621B01021,Prithvi Exchange (India) Ltd,,PRITHVIEXCH,small,,False,
INE593B01030,Khyati Multimedia Entertainment Ltd,,KHYATI,small,,False,
INE230F01014,Rainbow Foundations Ltd,,RAINBOWF,small,,False,
INE489F01016,VSD Confin Ltd,,VSDCONF,small,,False,
INE843F01014,Tricom Fruit Products Ltd,,TRICOMFRU,small,,False,
INE316G01019,Panchsheel Organics Ltd,,PANCHSHEEL,small,,False,
INE429Q01019,Prism Finance Ltd,,PRISMFN,small,,True,name matches Financial Services heuristic (unverified)
INE414C01045,Greencrest Financial Services Ltd,,GREENCREST,small,,True,name matches Financial Services heuristic (unverified)
INE913A01024,Silicon Valley Infotech Ltd,,SILICON,small,,False,
INE509C01026,Gennex Laboratories Ltd,,GENNEX,small,,False,
INE258Z01013,Hira Automobiles Ltd,,HIRAUTO,small,,False,
INE548B01018,Gini Silk Mills Ltd,,GINISILK,small,,False,
INE703D01023,Biogen Pharmachem Industries Ltd,,BIOGEN,small,,False,
INE131D01019,GK Consultants Ltd,,GKCONS,small,,False,
INE576D01015,Unjha Formulations Ltd,,UNJHAFOR,small,,False,
INE600F01018,PFL Infotech Ltd,,PFLINFOTC,small,,False,
INE059E01010,Kachchh Minerals Ltd,,KACHCHH,small,,False,
INE630U01014,Padmanabh Alloys & Polymers Ltd,,PADALPO,small,,False,
INE229G01022,Kaiser Corporation Ltd,,KACL,small,,False,
INE469F01026,KCL Infra Projects Ltd,,KCLINFRA,small,,False,
INE331F01028,Seshachal Technologies Ltd,,SESHACHAL,small,,False,
INE393D01015,Scan Projects Ltd,,SCANPRO,small,,False,
INE426H01014,Prerna Infrabuild Ltd,,PRERINFRA,small,,False,
INE161E01014,Metal Coatings India Ltd,,METALCO,small,,False,
INE266C01023,SGN Telecoms Ltd,,SGNTE,small,,False,
INE278O01015,Ganga Papers India Ltd,,GANGAPA,small,,False,
INE297J01023,Tirupati Sarjan Ltd,,TIRSARJ,small,,False,
INE348D01019,Munoth Financial Services Ltd,,MUNOTHFI,small,,True,name matches Financial Services heuristic (unverified)
INE513E01024,Rodium Realty Ltd,,RODIUM,small,,False,
INE335N01015,RCC Cements Ltd,,RCCEMEN,small,,False,
INE793H01017,Nagarjuna Agri Tech Ltd,,NAGTECH,small,,False,
INE487B01019,Natura Hue Chem Ltd,,NATHUEC,small,,False,
INE172B01017,IEC Education Ltd,,IECEDU,small,,False,
INE935D01013,Indus Finance Ltd,,INDUSFINL,small,,True,name matches Financial Services heuristic (unverified)
INE884X01011,Trinity League India Ltd,,TRINITYLEA,small,,False,
INE024B01010,Joindre Capital Services Ltd,,JOINDRE,small,,True,name matches Financial Services heuristic (unverified)
INE842D01029,Bharat Agri Fert & Realty Ltd,,BHARATAGRI,small,,False,
INE929K01011,Unitech International Ltd,,UNITINT,small,,False,
INE433G01020,Sacheta Metals Ltd,,SACHEMT,small,,False,
INE370C01015,Popular Estate Management Ltd,,POPULARES,small,,False,
INE283D01018,Anjani Finance Ltd,,ANJANIFIN,small,,True,name matches Financial Services heuristic (unverified)
INE763K01014,SVA India Ltd,,SVAINDIA,small,,False,
INE149D01011,Tacent Projects Ltd,,TACENT,small,,False,
INE687C01012,Rexnord Electronics & Controls Ltd,,REXNORD,small,,False,
INE882B01037,Nurture Well Industries Ltd,,NWIL,small,,False,
INE248B01023,Sawaca Enterprises Ltd,,SAWACA,small,,False,
INE778E01031,CCL International Ltd,,CCLINTER,small,,False,
INE755J01012,Gallops Enterprise Ltd,,GALLOPENT,small,,False,
INE587J01027,Croissance Ltd,,CROISSANCE,small,,False,
INE312M01024,JOJO Ltd,,JOJO,,,False,
INE803L01016,Galaxy Agrico Exports Ltd,,GALAGEX,small,,False,
INE641H01018,Castora Agri Commodities Ltd,,CASTORA,small,,False,
INE02XD01011,Hindustan Appliances Ltd,,HINDAPL,small,,False,
INE956B01013,Dhampure Specialty Sugars Ltd,,DHAMPURE,small,,False,
INE545N01019,Shantanu Sheorey Aquakult Ltd,,SHAQUAK,small,,False,
INE595D01015,Golden Carpets Ltd,,GOLCA,small,,False,
INE214B01017,Innocorp Ltd,,INNOCORP,small,,False,
INE074H01012,Sarthak Industries Ltd,,SARTHAKIND,small,,False,
INE185D01015,Lexoraa Industries Ltd,,LEXORAA,small,,False,
INE669W01018,Chadha Papers Ltd,,CHADPAP,small,,False,
INE316D01024,Vertex Securities Ltd,,VERTEX,small,,False,
INE811H01017,Riba Textiles Ltd,,RIBATEX,small,,False,
INE997D01021,Newtime Infrastructure Ltd,,NEWINFRA,small,,False,
INE108B01029,June Industries Ltd,,JUNE,small,,False,
INE914B01012,Shree Metalloys Ltd,,SHREMETAL,small,,False,
INE786E01018,IITL Projects Ltd,,IITLPROJ,small,,False,
INE167F01018,Popees Baby Care India Ltd,,POPEES,small,,False,
INE558F01026,Chartered Logistics Ltd,,CHLOGIST,small,,False,
INE564B01015,Senthil Infotek Ltd,,SENINFO,small,,False,
INE547C01018,Spectrum Foods Ltd,,SPECFOOD,small,,False,
INE132E01015,Deccan Polypacks Ltd,,DECPO,small,,False,
INE735C01027,Amraworld Agrico Ltd,,AMRAAGRI,small,,False,
INE706C01028,Auto Pins (India) Ltd,,AUTOPINS,small,,False,
INE164D01010,Ikoma Technologies Ltd,,IKOMA,small,,False,
INE146H01018,Inducto Steel Ltd,,INDCTST,small,,False,
INE653D01012,Sam Industries Ltd,,SAMINDUS,small,,False,
INE981C01019,Shree Vatsaa Finance & leasing Ltd,,SHVFL,small,,True,name matches Financial Services heuristic (unverified)
INE147C01017,Vashu Bhagnani Industries Ltd,,POOJAENT,small,,False,
INE995A01013,Gravity India Ltd,,GRAVITY,small,,False,
INE176O01011,Espire Hospitality Limited,,ESPIRE,small,,False,
INE056J01015,Aarcon Facilities Ltd,,AARCON,small,,False,
INE486F01012,Zenotech Laboratories Ltd,,ZENOTECH,small,,False,
INE597C01021,Hindustan Bio Sciences Ltd,,HINDBIO,small,,False,
INE092D01013,Frontline Corporation Ltd,,FRONTCORP,small,,False,
INE121B01014,Wallfort Financial Services Ltd,,WALLFORT,small,,True,name matches Financial Services heuristic (unverified)
INE398H01015,Trustedge Capital Ltd,,TRUSTEDGE,small,,True,name matches Financial Services heuristic (unverified)
INE516F01016,Abhinav Capital Services Ltd,,ABHICAP,small,,True,name matches Financial Services heuristic (unverified)
INE311N01016,Gujjubhai Industries Ltd,,GUJJUBHAI,small,,False,
INE177D01020,Interworld Digital Ltd,,INTERDIGI,small,,False,
INE407E01029,Monind Ltd,,MONIND,small,,False,
INE079N01019,Shri Kalyan Holdings Ltd,,SHKALYN,small,,False,
INE219M01021,Atvo Enterprises Ltd,,ATVOENT,small,,False,
INE807D01030,Epuja Spiritech Ltd,,EPUJA,small,,False,
INE456B01014,Indo City Infotech Ltd,,INDOCITY,small,,False,
INE948G01019,SBEC Sugar Ltd,,SBECSUG,small,,False,
INE524D01015,Mega Fin India Ltd,,MEGFI,small,,False,
INE957E01031,Brijlaxmi Leasing & Finance Ltd,,BRIJLEAS,small,,True,name matches Financial Services heuristic (unverified)
INE395A01016,BSEL Algo Ltd,,BSELALGO,small,,False,
INE419H01019,Reliable Ventures India Ltd,,RELIABVEN,small,,False,
INE382B01012,Triumph International Finance India Ltd,,TRIUMPIN,small,,True,name matches Financial Services heuristic (unverified)
INE440E01012,SMC Credits Ltd,,SMCREDT,small,,True,name matches Financial Services heuristic (unverified)
INE634D01038,G-Tech Info-Training Ltd,,GTEIT,small,,False,
INE731B01010,H S India Ltd,,HOTLSILV,small,,False,
INE560F01022,Johnson Pharmacare Ltd,,JOHNPHARMA,small,,False,
INE088D01011,Trescon Ltd,,TRESCON,small,,False,
INE944A01011,Gujarat State Financial Corporation,,GUJSTATFIN,small,,True,name matches Financial Services heuristic (unverified)
INE514C01026,Minolta Finance Ltd,,MINOLTAF,small,,True,name matches Financial Services heuristic (unverified)
INE501C01015,Omkar Pharmachem Ltd,,OMKARPH,small,,False,
INE622E01023,Gayatri Sugars Ltd,,GAYATRI,small,,False,
INE027F01014,CMX Holdings Ltd,,CMXLTD,small,,False,
INE665D01016,Bengal Tea & Fabrics Ltd,,BENGALT,small,,False,
INE920B01019,TCI Industries Ltd,,TCIIND,small,,False,
INE394C01023,Landmarc Leisure Corporation Ltd,,LANDMARC,small,,False,
INE389D01013,TCFC Finance Ltd,,TCFCFINQ,small,,True,name matches Financial Services heuristic (unverified)
INE934A01012,Integrated Hitech Ltd,,INTEGHIT,small,,False,
INE602C01011,KJMC Corporate Advisors (India) Ltd,,KJMCCORP,small,,False,
INE042B01012,Groarc Industries India Ltd,,GROARC,small,,False,
INE418B01048,Vaarad Ventures Ltd,,VAARAD,small,,False,
INE310B01013,Danlaw Technologies India Ltd,,DANLAW,small,,False,
INE228B01017,Baron Infotech Ltd,,BARONINF,small,,False,
INE369B01019,Omni AXs Software Ltd,,OMNIAX,small,,False,
INE002B01016,Madala Holdings Ltd,,MADALA,small,,False,
INE243B01016,Padmalaya Telefilms Ltd,,PADMALAYAT,small,,False,
INE400B01020,Virgo Global Ltd,,VIRGOGLOB,small,,False,
INE448B01029,Picturehouse Media Ltd,,PICTUREHS,small,,False,
INE309B01023,Hit Kit Global Solutions Ltd,,HITKITGLO,small,,False,
INE099E01016,Nagpur Power & Industries Ltd,,NAGPI,small,,True,name matches Utilities heuristic (unverified)
INE434B01029,WEP Solutions Ltd,,WEPSOLN,small,,False,
INE464B01018,Universal Arts Ltd,,UNIVARTS,small,,False,
INE683B01047,First Fintec Ltd,,FIRSTFIN,small,,False,
INE893A01036,Baba Arts Ltd,,BABA,small,,False,
INE443B01012,Tyche Industries Ltd,,TYCHE,small,,False,
INE971A01014,Konndor Industries Ltd,,KONNDOR,small,,False,
INE718B01017,USG Tech Solutions Ltd,,USGTECH,small,,False,
INE739B01039,Fourth Generation Information Systems Ltd,,4THGEN,small,,False,
INE856B01023,Saven Technologies Ltd,,7TEC,small,,False,
INE256D01014,Genus Prime Infra Ltd,,GENUSPRIME,small,,False,
INE799C01049,Sanmit Infra Ltd,,SANINFRA,,,False,
INE541C01037,T Spiritual World Ltd,,TSPIRITUAL,small,,False,
INE655D01025,Shalimar Wires Industries Ltd,,SHALIWIR,small,,False,
INE095E01022,MPF Systems Ltd,,MPFSL,small,,False,
INE052B01011,Beeyu Overseas Ltd,,BEEYU,small,,False,
INE828G01013,Facor Alloys Ltd,,FACORALL,small,,False,
INE160H01019,PBA Infrastructure Ltd,,PBAINFRA,small,,False,
INE266H01014,Cella Space Ltd,,CELLA,small,,False,
INE302H01017,GTN Textiles Ltd,,GTNTEX,small,,False,
INE347H01012,Inditrade Capital Ltd,,INDICAP,small,,True,name matches Financial Services heuristic (unverified)
INE768E01024,AI Champdany Industries Ltd,,AICHAMP,small,,False,
INE311H01018,E-Land Apparel Ltd,,ELAND,small,,False,
INE702H01018,Jagjanani Textiles Ltd,,JAGJANANI,small,,False,
INE976H01018,Lehar Footwears Ltd,,LEHAR,small,,False,
INE928H01019,Haryana Capfin Ltd,,HARYNACAP,small,,False,
INE272G01014,Parle Industries Ltd,,PARLEIND,small,,False,
INE575I01016,Rathi Bars Ltd,,RATHIBAR,small,,False,
INE386I01018,Porwal Auto Components Ltd,,PORWAL,small,,False,
INE642I01014,Gokak Textiles Ltd,,GOKAKTEX,small,,False,
INE778I01024,Telogica Ltd,,TELOGICA,small,,False,
INF174KA1JD7,Kotak S&P BSE Sensex ETF,,SENSEX1,,,False,
INE790D01020,CHL Ltd,,CHLLTD,small,,False,
INE655I01032,Birla Cotsyn (India) Ltd,,BIRLACOT,,,False,
INE201J01017,LGB Forge Ltd,,LGBFORGE,small,,False,
INE457H01027,Simplex Mills Company Ltd,,SIMPLXMIL,small,,False,
INE456H01029,Simplex Papers Ltd,,SIMPLXPAP,small,,False,
INE429K01012,Premier Energy and Infrastructure Ltd,,PEIL,small,,False,
INE360J01011,Suryaamba Spinning Mills Ltd,,SURYAAMBA,small,,False,
INE318K01025,Shree Precoated Steels Ltd,,SPSL,small,,False,
INE143K01019,Yunik Managing Advisors Ltd,,YUNIKM,small,,False,
INE312J01012,Coromandel Engineering Company Ltd,,COROENGG,small,,False,
INE639K01016,Satchmo Holdings Ltd,,SATCH,small,,False,
INE351L01016,Sea TV Network Ltd,,SEATV,small,,False,
INE245L01028,RDB Infrastructure And Power Ltd,,RDBIPL,small,,True,name matches Utilities heuristic (unverified)
INE096L01025,Kesar Terminals & Infrastructure Ltd,,KTIL,small,,False,
INE690J01011,Innovassynth Technologies (India) Ltd,,INOVSYNTH,small,,False,
INF247L01AP3,Motilal Oswal NASDAQ 100 ETF,,MON100,,,False,
INE672K01025,True Green Bio Energy Ltd,,TRUEGREEN,small,,False,
INE932K01015,VMS Industries Ltd,,VMS,small,,False,
INE050L01048,Lesha Industries Ltd,,LESHAIND,small,,False,
INE123M01017,RDB Rasayans Ltd,,RDBRL,small,,False,
INE258M01011,Fervent Synergies Ltd,,FERVENTSYN,small,,False,
INE793G01035,PMC Fincorp Ltd,,PMCFIN,small,,False,
INE241F01011,Futuristic Solutions Ltd,,FUTSOL,small,,False,
INE123D01024,Alliance Integrated Metaliks Ltd,,AIML,small,,False,
INE883L01018,Pyxis Finvest Ltd,,PYXISFIN,small,,False,
INE550L01013,Olympic Cards Ltd,,OLPCL,small,,False,
INE393F01010,Max heights Infrastucture Ltd,,MAXHEIGHTS,small,,False,
INE204N01013,Looks Health Services Ltd,,LOOKS,small,,False,
INE958L01034,String Metaverse Ltd,,META,,,False,
INE436N01029,Advance Metering Technology Ltd,,AMTL,small,,False,
INE524N01014,Jupiter Infomedia Ltd,,JUPITERIN,small,,False,
INE581M01016,Vinayak Polycon International Ltd,,VINAYAKPOL,small,,False,
INE131N01018,Jointeca Education Solutions Ltd,,JOINTECAED,small,,False,
INE456N01019,Comfort Commotrade Ltd,,COMCL,small,,False,
INE892L01019,Shanti Guru Industries Ltd,,SHANTIGURU,small,,False,
INE176N01039,Caspian Corporate Services Ltd,,CASPIAN,,,False,
INE175N01023,Aerpace Industries Ltd,,AERPACE,small,,False,
INE234G01022,Trio Mercantile & Trading Ltd,,TRIOMERC,small,,False,
INE198N01017,Jujhar Logistics Ltd,,JUJHARLOGI,small,,False,
INE899M01020,iSERA Lifesciences Ltd,,ISERA,small,,False,
INE160O01031,Mukta Agriculture Ltd,,MUKTA,small,,False,
INE159O01033,Mystic Electronics Ltd,,MYSTICELE,small,,False,
INE274M01026,Comfort Fincap Ltd,,COMFINCAP,small,,False,
INF200K01VT2,SBI Mutual Fund - SBI Sensex ETF,,SBISENSEX,,,True,name matches Financial Services heuristic (unverified)
INE583M01012,Bothra Metals & Alloys Ltd,,BMAL,small,,False,
INE191O01010,Lakhotia Polyesters (India) Ltd,,LAKHOTIA,small,,False,
INE168O01026,GCM Securities Ltd,,GCMSECU,small,,False,
INE748D01010,Prime Capital Market Ltd,,PRIMECAPM,small,,True,name matches Financial Services heuristic (unverified)
INE902D01013,KIFS Financial Services Ltd,,KIFS,small,,True,name matches Financial Services heuristic (unverified)
INE160L01011,Binny Mills Ltd,,BINNYMILLS,small,,False,
INE807O01011,SDC Techmedia Ltd,,SDC,small,,False,
INE860E01011,ObjectOne Information Systems Ltd,,OONE,small,,False,
INE474O01010,India Finsec Ltd,,IFINSEC,small,,False,
INE989J01017,Ampvolts Ltd,,AMPVOLTS,small,,False,
INE731G01027,Khoobsurat Ltd,,KHOOBSURAT,small,,False,
INE340O01021,Money Masters Leasing & Finance Ltd,,MMLF,small,,True,name matches Financial Services heuristic (unverified)
INE030P01017,Alacrity Securities Ltd,,ALSL,small,,False,
INE200P01016,GCM Commodity & Derivatives Ltd,,GCMCOMM,small,,False,
INE890N01027,Julien Agro Infratech Ltd,,JULIEN,small,,False,
INE690O01011,JK Agri Genetics Ltd,,JKAGRI,small,,False,
INE314I01036,Novelix Pharmaceuticals Ltd,,NOVELIX,small,,False,
INE428B01021,PVV Infra Ltd,,PVVINFRA,small,,False,
INE962O01014,VCU Data Management Ltd,,VCU,small,,False,
INE138O01029,IND Renewable Energy Ltd,,INDRENEW,small,,False,
INE326P01019,SRG Fingrow Finance Ltd,,SRGFFL,small,,True,name matches Financial Services heuristic (unverified)
INE218P01018,Amrapali Capital and Finance Services Ltd,,ACFSL,small,,True,name matches Financial Services heuristic (unverified)
INE325P01011,Stellar Capital Services Ltd,,STELLAR,small,,True,name matches Financial Services heuristic (unverified)
INE156M01017,Yuranus Infrastructure Ltd,,YURANUS,small,,False,
INF247L01023,Motilal Oswal Nifty Midcap 100 ETF,,MOM100,,,False,
INE947C01010,B. P. Capital Ltd,,BPCAP,small,,True,name matches Financial Services heuristic (unverified)
INF109K012R6,ICICI Prudential Nifty 50 ETF,,NIFTYIETF,,,False,
INF109KC16V9,ICICI Prudential Nifty 100 ETF,,NIF100IETF,,,False,
INE185K01036,Arnold Holdings Ltd,,ARNOLD,small,,False,
INE140B01048,JTL Defence Ltd,,JTLDEFENCE,,,False,
INE212P01011,Chemtech Industrial Valves Ltd,,CHEMTECH,small,,False,
INE392H01026,Keto Motors Ltd,,KETOMOTORS,,,False,
INF204K014N5,NIPPON INDIA ETF NIFTY 100,,NIF100BEES,,,False,
INE051G01012,Denis Chem Lab Ltd,,DENISCHEM,small,,False,
INE826P01018,Polymac Thermoformers Ltd,,POLYMAC,small,,False,
INE210P01015,Unishire Urban Infra Ltd,,UNISHIRE,small,,False,
INE920P01019,Laxmipati Engineering Works Ltd,,LAXMIPATI,small,,False,
INE546I01025,Laddu Gopal Online Services Ltd,,LADDU,small,,False,
INF174K014P6,Kotak Nifty 50 ETF,,NIFTY1,,,False,
INE101H01013,Shree Hanuman Sugar & Industries Ltd,,HANSUGAR,small,,False,
INE905P01028,B.C. Power Controls Ltd,,BCP,small,,True,name matches Utilities heuristic (unverified)
INE576P01019,Karnimata Cold Storage Ltd,,KCSL,small,,False,
INE717C01025,Mangalam Industrial Finance Ltd,,MANGIND,small,,True,name matches Financial Services heuristic (unverified)
INE977M01024,HBG Hotels Ltd,,HBGHOTELS,small,,False,
INE523K01012,Raunaq International Ltd,,RAUNAQ,small,,False,
INE463B01036,Infronics Systems Ltd,,INFRONICS,small,,False,
INF457M01133,CPSE ETF,,CPSEETF,,,False,
INE493N01012,Haria Apparels Ltd,,HARIAAPL,small,,False,
INE909D01026,Sharp Investments Ltd,,SHARPINV,small,,False,
INE401B01010,Response Informatics Ltd,,RESPONSINF,small,,False,
INE191P01017,GCM Capital Advisors Ltd,,GCMCAPI,small,,True,name matches Financial Services heuristic (unverified)
INE663P01015,A.F. Enterprises Ltd,,AFEL,small,,False,
INE266P01017,West Leisure Resorts Ltd,,WESTLEIRES,small,,False,
INE792G01011,Nam Securities Ltd,,NAM,small,,False,
INE318N01011,Maestros Electronics & Telecommunications Systems Ltd,,METSL,small,,False,
INE508N01025,Jackson Investments Ltd,,JACKSON,small,,False,
INE114O01020,Worth Investment & Trading Co Ltd,,WORTH,small,,False,
INE901C01017,Thirani Projects Ltd,,TPROJECT,small,,False,
INE745P01010,Amarnath Securities Ltd,,AMARSEC,small,,False,
INE172D01021,Capital Trade Links Ltd,,CTL,small,,True,name matches Financial Services heuristic (unverified)
INE849M01017,Tarini International Ltd,,TARINI,small,,False,
INE857P01021,Shivamshree Businesses Ltd,,SBL,small,,False,
INE969E01010,Yaan Enterprises Ltd,,YAANENT,small,,False,
INE378P01036,Pipan Oils Ltd,,PIPAN,small,,False,
INE075K01013,Annvrridhhi  Ventures Ltd,,ANVRDHI,small,,False,
INE516P01015,Raama Finance Ltd,,RAAMA,small,,True,name matches Financial Services heuristic (unverified)
INE634J01027,Gold Coin Health Foods Ltd,,GOLDCOINHF,,,False,
INE319Q01012,Bansal Roofing Products Ltd,,BRPL,small,,False,
INE510P01018,Arman Holdings Ltd,,ARMAN,small,,False,
INE673E01018,SMT Engineering Ltd,,SMTEL,small,,False,
INE718P01017,James Warren Tea Ltd,,JAMESWARREN,small,,False,
INE878P01019,Vistar Amar Ltd,,VISTARAMAR,small,,False,
INE836C01015,Fruition Venture Ltd,,FRUTION,small,,False,
INE916P01025,Triveni Enterprises Ltd,,TRIVENIENT,small,,False,
INE336Q01016,Bhanderi Infracon Ltd,,BHANDERI,small,,False,
INE641Q01019,Zinema Media And Entertainment Ltd,,ZINEMA,small,,False,
INE222B01028,Cemantic Infra-Tech Ltd,,CEMAINFRA,small,,False,
INE404F01031,TTI Enterprise Ltd,,TTIENT,small,,False,
INE868G01019,Gajanan Securities Services Ltd,,GAJANANSEC,small,,False,
INE099D01026,Unison Metals Ltd,,UNISON,small,,False,
INE840I01014,Real Touch Finance Ltd,,RTFL,small,,True,name matches Financial Services heuristic (unverified)
INE406F01010,Vasundhara Rasayans Ltd,,VRL,small,,False,
INE837C01013,QGO Finance Ltd,,QGO,small,,True,name matches Financial Services heuristic (unverified)
INE729C01020,Purshottam Investofin Ltd,,PURSHOTTAM,small,,False,
INE691J01019,Hind Commerce Ltd,,HCLTD,small,,False,
INE785O01019,Sirohia & Sons Ltd,,SIROHIA,small,,False,
INE158C01014,City Online Services Ltd,,CITYONLINE,small,,False,
INF204KA1UN7,Nippon India ETF S&P BSE Sensex,,SENSEXBEES,,,False,
INE552Q01018,Encash Entertainment Ltd,,ENCASH,small,,False,
INE010R01023,Ultracab (India) Ltd,,ULTRACAB,small,,False,
INE929D01016,Rajasthan Cylinders & Containers Ltd,,RCCL,small,,False,
INE937K01014,Econo Trade (India) Ltd,,ETIL,small,,False,
INE011R01013,Atishay Ltd,,ATISHAY,small,,False,
INE475D01010,Sangam Finserv Ltd,,SANGAMFIN,small,,False,
INE229R01011,Aryaman Capital Markets Ltd,,ARYACAPM,small,,True,name matches Financial Services heuristic (unverified)
INE982Q01017,Hanman Fit Ltd,,HANMAN,small,,False,
INE516E01019,Panabyte Technologies Ltd,,PANABYTE,small,,False,
INE491C01027,Mudunuru Ltd,,MUDUNURU,small,,False,
INE401Q01018,JLA Infraville Shoppers Ltd,,JSHL,small,,False,
INE176L01017,Crane Infrastructure Ltd,,CRANEINFRA,small,,False,
INE480D01010,Niyogin Fintech Ltd,,NIYOGIN,small,,False,
INE131Q01011,Asia Capital Ltd,,ASIACAP,small,,True,name matches Financial Services heuristic (unverified)
INE149Q01021,Kalyan Capitals Ltd,,KALYANCAP,small,,True,name matches Financial Services heuristic (unverified)
INE473L01018,Citizen Solar Ltd,,CITIZEN,small,,False,
INE997C01015,Goenka Business & Finance Ltd,,GBFL,small,,True,name matches Financial Services heuristic (unverified)
INE918C01029,Gilada Finance & Investments Ltd,,GILADAFINS,small,,True,name matches Financial Services heuristic (unverified)
INE155R01018,Jet Solar Ltd,,JETSOLAR,small,,False,
INE322R01022,Aanchal Ispat Ltd,,AANCHALISP,small,,False,
INE513R01026,Captain Pipes Ltd,,CAPPIPES,small,,False,
INE891N01017,Kaizen Agro Infrabuild Ltd,,KAIZENAGRO,small,,False,
INE242Q01016,JMJ Fintech Ltd,,JMJFIN,small,,False,
INE237B01018,Jeevan Scientific Technology Ltd,,JSTL,small,,False,
INE407P01017,Indo Cotspin Ltd,,ICL,small,,False,
INE892C01018,Scintilla Commercial & Credit Ltd,,SCC,small,,True,name matches Financial Services heuristic (unverified)
INE655P01029,Panafic Industrials Ltd,,PANAFIC,small,,False,
INE232L01018,My Money Securities Ltd,,MYMONEY,small,,False,
INE985Q01010,Sri Amarnath Finance Ltd,,AMARNATH,small,,True,name matches Financial Services heuristic (unverified)
INE183Q01020,Continental Securities Ltd,,CSL,small,,False,
INE370Q01015,Nexus Surgical And Medicare Ltd,,NEXUSSURGL,small,,False,
INE243E01010,Galada Finance Ltd,,GALADAFIN,small,,True,name matches Financial Services heuristic (unverified)
INE030Q01015,Emerald Finance Ltd,,EMERALD,small,,True,name matches Financial Services heuristic (unverified)
INE513C01010,Octal Credit Capital Ltd,,OCTAL,small,,True,name matches Financial Services heuristic (unverified)
INE779Q01017,Mihika Industries Ltd,,MIHIKA,small,,False,
INE201F01015,Shri Niwas Leasing And Finance Ltd,,SHRINIWAS,small,,True,name matches Financial Services heuristic (unverified)
INE661Q01017,Vani Commercials Ltd,,VANICOM,small,,False,
INE055Q01012,Skyline Ventures India Ltd,,SKILVEN,small,,False,
INE865P01016,Raghuvansh Agrofarms Ltd,,RAFL,small,,False,
INE029B01019,COSYN Ltd,,COSYN,small,,False,
INE499Q01012,Sofcom Systems Ltd,,SOFCOM,small,,False,
INE223R01014,Naturite Agro Products Ltd,,NAPL,small,,False,
INE554R01020,Karnavati Finance Ltd,,KARNAVATI,small,,True,name matches Financial Services heuristic (unverified)
INE723C01015,Abhishek Finlease Ltd,,ABHIFIN,small,,False,
INE211D01027,Abhinav Leasing & Finance Ltd,,ALFL,small,,True,name matches Financial Services heuristic (unverified)
INE947G01011,Mercury Laboratories Ltd,,MERCURYLAB,small,,False,
INE858L01010,Concord Drugs Ltd,,CONCORD,small,,False,
INE397C01026,Shree Securities Ltd,,SHREESEC,small,,False,
INE717E01013,Talbros Engineering Ltd,,TALBROSENG,small,,False,
INE002E01010,SAR Auto Products Ltd,,SAPL,small,,False,
INE147J01012,Purohit Construction Ltd,,PUROHITCON,small,,False,
INE246D01015,Jayatma Enterprises Ltd,,JAYATMA,small,,False,
INE777O01016,Chennai Ferrous Industries Ltd,,CHENFERRO,small,,False,
INE756R01013,Megri Soft Ltd,,MEGRISOFT,small,,False,
INE776O01018,Gita Renewable Energy Ltd,,GITARENEW,small,,False,
INE059Q01014,Kalpa Commercial Ltd,,KALPACOMME,small,,False,
INE396C01010,Neil Industries Ltd,,NEIL,small,,False,
INE526R01028,Star Housing Finance Ltd,,STARHFL,small,,True,name matches Financial Services heuristic (unverified)
INE820R01017,SSPN Finance Ltd,,SSPNFIN,small,,True,name matches Financial Services heuristic (unverified)
INF200KA1572,SBI Mutual Fund - SBI - ETF BSE 100,,SETFBSE100,,,True,name matches Financial Services heuristic (unverified)
INE184Q01010,Fraser and Company Ltd,,FRASER,small,,False,
INE812Q01016,Tirupati Innovar Ltd,,TIRUPATIIN,small,,False,
INE369Q01017,Ganesha Ecoverse Ltd,,GANVERSE,small,,False,
INE751R01014,Rajputana Investment and Finance Ltd,,RAJPUTANA,small,,True,name matches Financial Services heuristic (unverified)
INE187R01029,Consecutive Commodities Ltd,,CCDL,small,,False,
INE197R01010,Aananda Lakshmi Spinning Mills Ltd,,AANANDALAK,small,,False,
INE904R01027,UR Sugar Industries Ltd,,URSUGAR,small,,False,
INE541R01019,Filtra Consultants and Engineers Ltd,,FILTRA,small,,False,
INE291R01011,Athena Constructions Ltd,,ATHCON,small,,False,
INE736P01019,Northlink Fiscal and Capital Services Ltd,,NORTHLINK,small,,True,name matches Financial Services heuristic (unverified)
INE193R01019,Sheshadri Industries Ltd,,SHESHAINDS,small,,False,
INE273F01022,Alan Scott Enterprises Ltd,,ALANSCOTT,small,,False,
INE118Q01018,O. P. Chains Ltd,,OPCHAINS,small,,False,
INE029H01016,Sujala Trading & Holdings Ltd,,SUJALA,small,,False,
INE780Q01015,Jain Marmo Industries Ltd,,JAINMARMO,small,,False,
INE578R01011,Grameva Ltd,,GRAMEVA,small,,False,
INE239L01013,Palco Metals Ltd,,PALCO,small,,False,
INE104F01029,Bodhtree Consulting Ltd,,BODHTREE,small,,False,
INE334E01017,V B Industries Ltd,,VBIND,small,,False,
INE822Q01015,Sarvottam Finvest Ltd,,SARVOTTAM,small,,False,
INE761D01021,Wardwizard Foods and Beverages Ltd,,WARDWIZFBL,small,,False,
INE945O01019,Panth Infinity Ltd,,PANTH,small,,False,
INE682B01023,Integrated Capital Services Ltd,,ICSL,small,,True,name matches Financial Services heuristic (unverified)
INE347L01022,Virat Leasing Ltd,,VLL,small,,True,name matches Financial Services heuristic (unverified)
INE738P01015,Helpage Finlease Ltd,,HELPAGE,small,,False,
INE924N01024,Starbeam Ventures Ltd,,STARBEAM,small,,False,
INE230I01018,Hawa Engineers Ltd,,HAWAENG,small,,False,
INE578L01014,Adhbhut Infrastructure Ltd,,ADHBHUTIN,small,,False,
INE848N01017,Decillion Finance Ltd,,DFL,small,,True,name matches Financial Services heuristic (unverified)
INE829P01020,Amba Enterprises Ltd,,AEL,small,,False,
INE960C01013,Capfin India Ltd,,CAPFIN,small,,False,
INE203Q01026,Noble Polymers Ltd,,NOBPOL,small,,False,
INE574D01010,Genomic Valley Biotech Ltd,,GVBL,small,,False,
INE653S01028,Garment Mantra Lifestyle Ltd,,GARMNTMNTR,small,,False,
INE606K01049,Srestha Finvest Ltd,,SRESTHA,small,,False,
INE563C01015,Saumya Consultants Ltd,,SAUMYA,small,,False,
INE150D01027,Mauria Udyog Ltd,,MUL,small,,False,
INE540S01019,Mishka Exim Ltd,,MISHKA,small,,False,
INE451S01027,Growington Ventures India Ltd,,GROWINGTON,small,,False,
INE345Q01017,HCKK Ventures Ltd,,HCKKVENTURE,small,,False,
INE876S01017,Loyal Equipments Ltd,,LOYAL,small,,False,
INE480S01026,Gala Global Products Ltd,,GGPL,small,,False,
INE829R01018,Chemiesynth (Vapi) Ltd,,CHEMIESYNT,small,,False,
INE805R01018,Atma Industries Ltd,,ATMAIND,small,,False,
INE446E01019,Surya India Ltd,,SURYAINDIA,small,,False,
INE541K01014,Star Delta Transformers Ltd,,STARDELTA,small,,False,
INE990S01016,Amrapali Fincap Ltd,,AMRAFIN,small,,False,
INE579N01018,Samsrita Labs Ltd,,SAMSRITA,small,,False,
INE484S01010,Pecos Hotels and Pubs Ltd,,PECOS,small,,False,
INE653R01012,Symbiox Investment & Trading Company Ltd,,SYMBIOX,small,,False,
INE365S01045,Thinkink Picturez Ltd,,THINKINK,small,,False,
INF789FB1X58,UTI BSE SENSEX ETF,,SENSEXBETA,,,False,
INF789F1AZC0,UTI NIFTY 50 ETF,,NIFTYBETA,,,False,
INE203T01012,Universal Autofoundry Ltd,,UNIAUTO,small,,False,
INE714Q01014,Callista Industries Ltd,,CALLISTA,small,,False,
INE725P01012,Waaree Technologies Ltd,,WAAREE,small,,False,
INE212Q01019,P. B. Films Ltd,,PBFL,small,,False,
INE724G01014,Sal Automotive Ltd,,SALAUTO,small,,False,
INE848R01018,Soni Medicare Ltd,,SML,small,,False,
INE019D01016,Mahaveer Infoway Ltd,,MAHAVEER,small,,False,
INE897B01019,Krishna Capital and Securities Ltd,,KRISHNACAP,small,,True,name matches Financial Services heuristic (unverified)
INE636B01011,Acme Resources Ltd,,ACME,small,,False,
INE926E01010,Kabra Commercial Ltd,,KCL,small,,False,
INE060T01024,Vishal Bearings Ltd,,VISHALBL,small,,False,
INE473T01011,Patdiam Jewellery Ltd,,PJL,small,,False,
INE256S01012,Naksh Precious Metals Ltd,,NAKSH,small,,False,
INE183R01010,Decorous Investment & Trading Co Ltd,,DITCO,small,,False,
INE150R01019,Swagtam Trading & Services Ltd,,SWAGTAM,small,,False,
INE594R01018,Kuber Udyog Ltd,,KUBERJI,small,,False,
INE894J01019,Neeraj Paper Marketing Ltd,,NEERAJ,small,,False,
INE030T01027,Tejnaksh Healthcare Ltd,,TEJNAKSH,small,,False,
INE661F01010,Brilliant Portfolios Ltd,,BRIPORT,small,,False,
INE201C01012,Richfield Financial Services Ltd,,RFSL,small,,True,name matches Financial Services heuristic (unverified)
INE099S01016,IGC Industries Ltd,,IGCIL,small,,False,
INE360S01012,Ecofinity Atomix Ltd,,ECOFINITY,small,,False,
INE761R01013,Typhoon Financial Services Ltd,,TFSL,small,,True,name matches Financial Services heuristic (unverified)
INE051N01026,Shree Ganesh Biotech (India) Ltd,,SHREEGANES,small,,False,
INE910R01024,GTV Engineering Ltd,,GTV,small,,False,
INF767K01OS7,LIC MF EXCHANGE TRADED FUND- NIFTY 50,,LICNETFN50,,,False,
INE263R01010,Geetanjali Credit and Capital Ltd,,GEETANJ,small,,True,name matches Financial Services heuristic (unverified)
INF767K01OT5,LIC MF EXCHANGE TRADED FUND- SENSEX,,LICNETFSEN,,,False,
INE027S01017,Tirupati Finlease Ltd,,TFLL,small,,False,
INE721C01019,Garbi Finvest Ltd,,GARBIFIN,small,,False,
INE766D01020,Smart Finsec Ltd,,SMARTFIN,small,,False,
INE176R01014,Rajkot Investment Trust Ltd,,RAJKOTINV,small,,True,"name matches Trust/REIT/InvIT heuristic (unverified) - likely an investment/holding company rather than a literal REIT/InvIT, see decision 0002"
INE805Q01028,Adcon Capital Services Ltd,,ADCON,small,,True,name matches Financial Services heuristic (unverified)
INF179KC1965,HDFC NIFTY 50 ETF,,HDFCNIFTY,,,False,
INF179KC1HX2,HDFC BSE SENSEX ETF,,HDFCSENSEX,,,False,
INE280E01038,Tavexia Lifecare Ltd,,TAVEXIA,small,,False,
INE364T01012,Navigant Corporate Advisors Ltd,,NAVIGANT,small,,False,
INE343C01012,Grovy India Ltd,,GROVY,small,,False,
INE452S01025,Suncare Traders Ltd,,SCTL,small,,False,
INE146E01015,Creative Castings Ltd,,CREATIVE,small,,False,
INE430R01023,Aayush Wellness Ltd,,AAYUSH,small,,False,
INE834E01016,Valley Magnesite Company Ltd,,VALLEY,small,,False,
INE281P01016,Abhishek Infraventures Ltd,,ABHIINFRA,small,,False,
INE679E01015,Agribio Spirits Ltd,,AGRIBIO,small,,False,
INE108T01021,Dhvija Finance Ltd,,DHVIJAFIN,,,True,name matches Financial Services heuristic (unverified)
INE005G01026,Deep Health AI India Ltd,,DEEPAI,small,,False,
INE994N01019,Malt Land Distilleries Ltd,,MALTLAND,small,,False,
INE549S01036,Supha Pharmachem Ltd,,SUPHA,small,,False,
INE728Q01014,Shivansh Finserve Ltd,,SHIVA,small,,False,
INE094S01041,Mishtann Foods Ltd,,MISHTANN,small,,False,
INE681Q01015,Delta Industrial Resources Ltd,,DELTA,small,,False,
INE727C01024,AMPL Capital Ltd,,AMPL,small,,True,name matches Financial Services heuristic (unverified)
INE079C01012,Kotia Enterprises Ltd,,KEL,small,,False,
INE534E01020,Kanoria Energy & Infrastructure Ltd,,KEIL,small,,False,
INE368E01023,BCL Enterprises Ltd,,BCLENTERPR,small,,False,
INE564S01019,Vikram Kamats Hospitality Ltd,,KAMATS,small,,False,
INE023R01018,Ace Men Engg Works Ltd,,ACEMEN,small,,False,
INE948Q01018,BFL Asset Finvest Ltd,,BFLAFL,small,,False,
INE684D01025,RGF Capital Markets Ltd,,RGF,small,,True,name matches Financial Services heuristic (unverified)
INE792P01020,Radhagobind Commercial Ltd,,RCL,small,,False,
INE332Q01023,Kapil Raj Finance Ltd,,KAPILRAJ,small,,True,name matches Financial Services heuristic (unverified)
INE615T01017,Ganga Pharmaceuticals Ltd,,GANGAPHARM,small,,False,
INE874E01012,Dynamic Archistructures Ltd,,DAL,small,,False,
INE622Q01027,Mobavenue AI Tech Ltd,,MOBAVENUE,,,False,
INE429R01017,Shivkamal Impex Ltd,,SHIVKAMAL,small,,False,
INE836D01013,Real Growth Corporation Ltd,,RGCORP,small,,False,
INE064T01018,Interactive Financial Services Ltd,,IFINSER,small,,True,name matches Financial Services heuristic (unverified)
INE966Q01010,Hiliks Technologies Ltd,,HILIKS,small,,False,
INE039D01014,Hypersoft Technologies Ltd,,HYPERSOFT,small,,False,
INE773T01014,Relicab Cable Manufacturing Ltd,,RELICAB,small,,False,
INE427T01025,Vantage Knowledge Academy Ltd,,VKAL,small,,False,
INE250S01015,Modern Engineering And Projects Ltd,,MEAPL,small,,False,
INE216Q01010,Mega Nirman and Industries Ltd,,MNIL,small,,False,
INE830S01014,Darjeeling Industriies Ltd,,DARJEELING,small,,False,
INF767K01PC8,LIC MF Exchange Traded Fund- NIFTY 100,,LICNFNHGP,,,False,
INE030U01025,Khemani Distributors & Marketing Ltd,,KDML,small,,False,
INE173U01015,Umiya Tubes Ltd,,UMIYA,small,,False,
INE043U01010,CHD Chemicals Ltd,,CHDCHEM,small,,False,
INE204S01012,LE Lavoir Ltd,,LELAVOIR,small,,False,
INE967S01014,Mudra Financial Services Ltd,,MUDRA,small,,True,name matches Financial Services heuristic (unverified)
INE119R01014,Balgopal Commercial Ltd,,BALGOPAL,small,,False,
INE574R01028,Superior Finlease Ltd,,SUPERIOR,small,,False,
INE399S01010,Franklin Leasing and Finance Ltd,,FRANKLIN,small,,True,name matches Financial Services heuristic (unverified)
INE009U01011,Ghushine Fintrrade Ocean Ltd,,GHUSHINE,small,,False,
INE671T01028,Darshan Orna Ltd,,DARSHANORNA,small,,False,
INE631E01024,Spice Lounge Food Works Ltd,,SPICELOUNG,small,,False,
INE642P01019,Dalmia Industrial Development Ltd,,DIDL,small,,False,
INE730R01042,Svarnim Trade Udyog Ltd,,SNIM,small,,False,
INE364S01022,Rotographics (India) Ltd,,RGIL,,,False,
INE920T01011,Likhami Consulting Ltd,,LIKHAMI,small,,False,
INE858Q01019,Medico Intercontinental Ltd,,MIL,small,,False,
INE571U01010,Yash Chemex Ltd,,YASHCHEM,small,,False,
INF109KC11V0,ICICI Prudential Nifty50 Value 20 ETF,,NV20IETF,,,False,
INE217E01014,Bazel International Ltd,,BAZELINTER,small,,False,
INE919T01013,Jindal Leasefin Ltd,,JLL,small,,False,
INE819S01025,Zeal Aqua Ltd,,ZEAL,small,,False,
INF109KC10W0,ICICI Prudential BSE Midcap Select ETF,,MIDSELIETF,,,False,
INE184U01012,Advance Syntex Ltd,,ASYL,small,,False,
INE403L01015,Sidh Automobiles Ltd,,SIDH,small,,False,
INE799B01025,Hindusthan Insulators & Industries Ltd,,HIIL,,,False,
INE120V01014,Titaanium Ten Enterprise Ltd,,TITAANIUM,small,,False,
INF209KB10E8,Aditya Birla Sun Life BSE Sensex ETF,,BSLSENETFG,,,False,
INE621I01042,Colorchips New Media Ltd,,COLORCHIPS,small,,False,
INE213U01019,Ladam Affordable Housing Ltd,,LAHL,small,,False,
INE222U01010,Golden Crest Education & Services Ltd,,GOLDENCREST,small,,False,
INE925Q01024,ECS Biztech Ltd,,ECS,small,,False,
INE345U01019,AMS Polymers Ltd,,AMS,small,,False,
INE191V01015,Shiva Granito Export Ltd,,SHIVAEXPO,small,,False,
INE317V01016,Mitsu Chem Plast Ltd,,MITSU,small,,False,
INE537U01037,Sprayking Ltd,,SPRAYKING,small,,False,
INE367U01013,Riddhi Steel and Tube Ltd,,RSTL,small,,False,
INE890S01026,Gamco Ltd,,GAMCO,small,,False,
INE400R01018,Sabrimala Industries India Ltd,,SIIL,small,,False,
INE818R01011,Ishaan Infrastructures and Shelters Ltd,,IISL,small,,False,
INE202R01026,ARC Finance Ltd,,ARCFIN,small,,True,name matches Financial Services heuristic (unverified)
INE184B01012,Sagarsoft (India) Ltd,,SAGARSOFT,small,,False,
INE746V01016,DRA Consultants Ltd,,DRA,small,,False,
INE427V01013,Aditya Consumer Marketing Ltd,,ACML,small,,False,
INE700V01021,Shashijit Infraprojects Ltd,,SHASHIJIT,small,,False,
INE564V01013,Bindal Exports Ltd,,BINDALEXPO,small,,False,
INE957U01011,Mewar Hi-Tech Engineering Ltd,,MHEL,small,,False,
INE942P01013,Diksat Transworld Ltd,,DIKSAT,small,,False,
INF194KA1T91,Bandhan S&P BSE SENSEX ETF,,IDFSENSEXE,,,False,
INE905R01016,Purple Agrotech Industries Ltd,,PURPLE,small,,False,
INE268T01015,Supra Pacific Financial Services Ltd,,SUPRAPFSL,small,,True,name matches Financial Services heuristic (unverified)
INE298B01010,Southern Infoconsultants Ltd,,SOUTHERNIN,small,,False,
INE964R01013,Regency Fincorp Ltd,,REGENCY,small,,False,
INE894E01028,Salem Erode Investments Ltd,,SALEM,small,,False,
INE448F01012,Unipro Technologies Ltd,,UPROTECH,small,,False,
INE789R01022,Franklin Industries Ltd,,FRANKLININD,small,,False,
INE186R01013,Osiajee Texfab Ltd,,OSIAJEE,small,,False,
INE850R01014,Corporate Merchant Bankers Ltd,,CMBL,small,,True,name matches Financial Services heuristic (unverified)
INE666Q01016,Eiko Lifesciences Ltd,,EIKO,small,,False,
INE508R01018,Shashank Traders Ltd,,SHASHANK,small,,False,
INE835U01027,New Light Industries Ltd,,NEWLIGHT,small,,False,
INE607V01028,Viram Suvarn Ltd,,VSL,small,,False,
INE245H01018,Marg Techno Projects Ltd,,MTPL,small,,False,
INE118R01032,Shangar Decor Ltd,,SHANGAR,small,,False,
INE804Q01013,Globe Commercials Ltd,,GLCL,small,,False,
INE318U01016,Flora Corporation Ltd,,FLORACORP,small,,False,
INE459U01018,Super Fine Knitters Ltd,,SKL,small,,False,
INE923R01019,Raideep Industries Ltd,,RAIDEEPIND,small,,False,
INE181U01018,Classic Filaments Ltd,,CFL,small,,False,
INE249U01013,Sueryaa Knitwear Ltd,,SUERYAAKNI,small,,False,
INE978V01015,Tanvi Foods (India) Ltd,,TANVI,small,,False,
INE240T01014,Parmax Pharma Ltd,,PARMAX,small,,False,
INE715Q01029,Leading Leasing Finance And Investment Company Ltd,,LLFICL,small,,True,name matches Financial Services heuristic (unverified)
INE575D01041,Danube Industries Ltd,,DANUBE,small,,False,
INE714U01024,IFL Enterprises Ltd,,IFL,small,,False,
INE989S01042,Ontic Finserve Ltd,,ONTIC,small,,False,
INE544W01021,Maximus International Ltd,,MAXIMUS,small,,False,
INE800W01019,Manas Properties Ltd,,MANAS,small,,False,
INE442V01012,Prime Fresh Ltd,,PRIMEFRESH,small,,False,
INE711V01010,Oceanic Foods Ltd,,OCEANIC,small,,False,
INE208U01019,Octaware Technologies Ltd,,OCTAWARE,small,,False,
INE953W01016,Escorp Asset Management Ltd,,ESCORP,small,,True,name matches Financial Services heuristic (unverified)
INE808R01012,Parmeshwari Silk Mills Ltd,,PARMSILK,small,,False,
INE870V01014,KMS Medisurgi Ltd,,KMSMEDI,small,,False,
INE949C01016,Classic Leasing & Finance Ltd,,CLFL,small,,True,name matches Financial Services heuristic (unverified)
INE594W01042,Starlineps Enterprises Ltd,,STARLENT,small,,False,
INE453S01015,Kanungo Financiers Ltd,,KANUNGO,small,,False,
INE343X01026,Meera Industries Ltd,,MEERA,,,False,
INE986W01016,Guru Krupa Gems and Jewellery Ltd,,GKL,small,,False,
INE796W01019,Yug Decor Ltd,,YUG,small,,False,
INE717F01028,Variman Global Enterprises Ltd,,VARIMAN,small,,False,
INE325X01015,Riddhi Corporate Services Ltd,,RIDDHICORP,small,,False,
INE319U01022,Containerway International Ltd,,CONTAINER,small,,False,
INF109KC19U5,ICICI Prudential Nifty 100 Low Volatility 30 ETF,,LOWVOLIETF,,,False,
INE721X01023,Gautam Exim Ltd,,GEL,,,False,
INE413X01035,7NR Retail Ltd,,7NR,small,,False,
INE943X01015,Jigar Cables Ltd,,JIGAR,small,,False,
INE931X01010,Captain Technocast Ltd,,CTCL,small,,False,
INE632W01016,Globalspace Technologies Ltd,,GSTL,small,,False,
INF789F1AUW9,UTI Nifty Next 50 ETF,,NEXT50BETA,,,False,
INE344X01016,Chothani Foods Ltd,,CHOTHANI,small,,False,
INE172E01011,Smruthi Organics Ltd,,SMRUTHIORG,small,,False,
INE145Y01023,Shish Industries Ltd,,SHISHIND,small,,False,
INE236W01016,ANG Lifesciences India Ltd,,ANG,small,,False,
INE185U01035,KCD Industries India Ltd,,KCDGROUP,small,,False,
INE438C01010,Pro Clb Global Ltd,,PROCLB,small,,False,
INE689M01025,Polo Queen Industrial and Fintech Ltd,,PQIF,small,,False,
INE777X01017,Aayush Art And Bullion Ltd,,AAYUSHBULL,small,,False,
INE071Y01013,Trident Texofab Ltd,,TTFL,small,,False,
INE973X01012,Poojawestern Metaliks Ltd,,POOJA,small,,False,
INE695X01011,Vanta Bioscience Ltd,,VANTABIO,small,,False,
INE062Y01020,Mehai Technology Ltd,,MEHAI,small,,False,
INE402Y01028,Shreeji Translogistics Ltd,,STL,small,,False,
INE282Y01016,Kaarya Facilities and Services Ltd,,KAARYAFSL,small,,False,
INE204Y01010,Sanghvi Brands Ltd,,SBRANDS,small,,False,
INE669Y01022,Sharika Enterprises Ltd,,SHARIKA,small,,False,
INF109KB15Y7,BHARAT 22 ETF - ICICI Prudential AMC,,ICICIB22,,,False,
INE500C01017,Aspira Pathlab & Diagnostics Ltd,,ASPIRA,small,,False,
INE821Y01011,Ratnabhumi Developers Ltd,,RATNABHUMI,small,,False,
INE333Y01017,MRC Agrotech Ltd,,MRCAGRO,small,,False,
INE158R01012,Diggi Multitrade Ltd,,DML,small,,False,
INE994R01028,Crystal Business System Ltd,,CRYSTAL,small,,False,
INE371F01024,Chandrima Mercantiles Ltd,,CHANDRIMA,small,,False,
INE819Y01015,Rithwik Facility Management Services Ltd,,RITHWIKFMS,small,,False,
INE841Y01019,Jhandewalas Foods Ltd,,JFL,small,,False,
INE454F01010,7Seas Entertainment Ltd,,7SEASL,small,,False,
INE115G01015,Tirupati Foam Ltd,,TIRUFOAM,small,,False,
INE425C01017,SRU Steels Ltd,,SRUSTEELS,small,,False,
INE063Z01017,Gautam Gems Ltd,,GGL,small,,False,
INE578V01013,Gujarat Hy-Spin Ltd,,GUJHYSPIN,small,,False,
INE923Y01023,Kenvi Jewels Ltd,,KENVI,small,,False,
INE773Y01014,Tasty Dairy Specialities Ltd,,TDSL,small,,False,
INE341Z01025,Bhatia Communications & Retail (India) Ltd,,BHATIA,small,,False,
INE868X01014,The Yamuna Syndicate Ltd,,YSL,small,,False,
INE339Z01011,Angel Fibers Ltd,,ANGEL,small,,False,
INE464Z01017,Inflame Appliances Ltd,,INFLAME,small,,False,
INE452Z01012,Shreeshay Engineers Ltd,,SHREESHAY,small,,False,
INE758W01019,Apex Capital And Finance Ltd,,ACFL,small,,True,name matches Financial Services heuristic (unverified)
INE380Z01015,Active Clothing Co Ltd,,ACTIVE,small,,False,
INE495Z01011,Benara Bearings and Pistons Ltd,,BENARA,small,,False,
INE860Y01019,Lex Nimble Solutions Ltd,,LEX,small,,False,
INE459Z01017,Taylormade Renewables Ltd,,TRL,small,,False,
INE871Z01013,Dr Lalchandani Labs Ltd,,DLCL,small,,False,
INF109KC1V59,ICICI Prudential BSE 500 ETF,,BSE500IETF,,,False,
INE424Z01011,Milestone Furniture Ltd,,MILEFUR,small,,False,
INE556Z01010,U. H. Zaveri Ltd,,UHZAVERI,small,,False,
INE295Z01015,Parvati Sweetners and Power Ltd,,PARVATI,small,,True,name matches Utilities heuristic (unverified)
INE870Z01015,Innovators Facade Systems Ltd,,INNOVATORS,small,,False,
INE926R01012,Unifinz Capital India Ltd,,UCIL,small,,True,name matches Financial Services heuristic (unverified)
INE838Z01012,Palm Jewels Ltd,,PALMJEWELS,small,,False,
INE799N01012,Waa Solar Ltd,,WAA,small,,False,
INE250G01010,Unick Fix-A-Form And Printers Ltd,,UNICK,small,,False,
INE685Z01033,Rajnish Wellness Ltd,,RAJNISH,small,,False,
INE173V01013,Gujarat Winding Systems Ltd,,GUJWIND,small,,False,
INE268X01017,Sophia Traexpo Ltd,,STRAEXPO,small,,False,
INE960Z01014,Raw Edge Industrial Solutions Ltd,,RAWEDGE,small,,False,
INE00SY01011,Supershakti Metaliks Ltd,,SUPERSHAKT,small,,False,
INE694W01024,Ashnisha Industries Ltd,,ASHNI,small,,False,
INE00WY01013,Raconteur Global Resources Ltd,,RACONTEUR,small,,False,
INE299W01022,Vivanta Industries Ltd,,VIVANTA,small,,False,
INE401Z01019,Fratelli Vineyards Ltd,,FRATELLI,small,,False,
INE572Z01017,Amin Tannery Ltd,,AMINTAN,small,,False,
INE266S01011,Sungold Media and Entertainment Ltd,,SMEL,small,,False,
INF109KC1NS5,ICICI Prudential Nifty Next 50 ETF,,NEXT50IETF,,,False,
INE01B501018,Add-Shop ERetail Ltd,,ASRL,small,,False,
INE797Z01028,Space Incubatrics Technologies Ltd,,SPACEINCUBA,small,,False,
INE01A501027,Ranjeet Mechatronics Ltd,,RANJEET,small,,False,
INF200KA1VQ2,SBI - ETF - SENSEX NEXT 50,,SETFSN50,,,False,
INE004Z01011,Mac Hotels Ltd,,MACH,small,,False,
INE492Y01011,Innovative Ideals and Services (India) Ltd,,INNOVATIVE,small,,False,
INE911Z01025,A-1 Ltd,,A1L,,,False,
INE666Y01010,Dolfin Rubbers Ltd,,DOLFIN,small,,False,
INE01J501010,Shubham Polyspin Ltd,,SHUBHAM,small,,False,
INE206Z01020,Sun Retail Ltd,,SUNRETAIL,small,,False,
INE00Q901014,S. M. Gold Ltd,,SMGOLD,small,,False,
INE647Z01025,Vivid Mercantile Ltd,,VIVIDM,small,,False,
INE398C01016,The Phosphate Company Ltd,,PHOSPHATE,small,,False,
INF769K01EG9,MIRAE ASSET NIFTY 50 ETF (MAN50ETF),,NIFTYETF,,,False,
INE02AP01013,Roni Households Ltd,,RONI,small,,False,
INE951Z01013,Shree Krishna Infrastructure Ltd,,SKIFL,small,,False,
INE01GR01018,Diksha Greens Ltd,,DGL,small,,False,
INE016X01010,Aryan Share and Stock Brokers Ltd,,ARYAN,small,,False,
INE139E01028,Nivaka Fashions Ltd,,NIVAKA,small,,False,
INF209KB16D7,Aditya Birla Sun Life Nifty Next 50 ETF,,ABSLNN50ET,,,False,
INE452W01019,Deccan Health Care Ltd,,DECCAN,small,,False,
INE302R01024,Hi-Klass Trading and Investment Ltd,,HIKLASS,small,,False,
INE726X01014,SPA Capital Services Ltd,,SPACAPS,small,,True,name matches Financial Services heuristic (unverified)
INE512R01010,Aar Shyam India Investment Company Ltd,,AARSHYAM,small,,False,
INE793Z01027,Jonjua Overseas Ltd,,JONJUA,small,,False,
INE911T01010,Kranti Industries Ltd,,KRANTI,small,,False,
INE03CM01014,Glaam Up Jwel Ltd,,GLAAMUP,small,,False,
INE00CX01017,Mahip Industries Ltd,,MAHIP,small,,False,
INF789F1AUU3,UTI BSE Sensex Next 50 ETF,,SNXT50BETA,,,False,
INE342U01016,Ambassador Intra Holdings Ltd,,AIHL,small,,False,
INE043R01016,Jyot International Marketing Ltd,,JYOTIN,small,,False,
INE05FR01029,Ashapuri Gold Ornament Ltd,,AGOL,small,,False,
INE02PC01027,Humming Bird Education Ltd,,HBEL,small,,False,
INE03WT01017,Roopshri Resorts Ltd,,ROOPSHRI,small,,False,
INE01GZ01011,Chandni Machines Ltd,,CHANDNIMACH,small,,False,
INE01BL01012,Northern Spirits Ltd,,NSL,small,,False,
INE06LG01010,V R Films & Studios Ltd,,VRFILMS,small,,False,
INE05QJ01015,G. K. P. Printing & Packaging Ltd,,GKP,small,,False,
INE06TD01010,Evans Electric Ltd,,EVANS,small,,True,name matches Utilities heuristic (unverified)
INE374E01021,BMW Industries Ltd,,BMW,small,,False,
INE01MO01013,Mahesh Developers Ltd,,MAHESH,small,,False,
INE05BN01027,Cian Healthcare Ltd,,CHCL,,,False,
INE413F01016,Dhanashree Electronics Ltd,,DEL,small,,False,
INE01K301012,Harish Textile Engineers Ltd,,HARISH,small,,False,
INE05MV01019,Parshva Enterprises Ltd,,PARSHVA,small,,False,
INE02GA01012,Anand Rayons Ltd,,ARL,small,,False,
INE056001014,City Pulse Multiventures Ltd,,CPML,small,,False,
INE04ST01013,SK International Export Ltd,,SKIEL,small,,False,
INF109KC15I8,ICICI Prudential Nifty Bank ETF,,BANKIETF,,,True,name matches Financial Services heuristic (unverified)
INF204KB15D0,Nippon India ETF S&P BSE Sensex Next 50,,SNXT50BEES,,,False,
INF109KC18U7,ICICI Prudential Nifty Private Bank ETF,,PVTBANIETF,,,True,name matches Financial Services heuristic (unverified)
INE06YD01010,Transpact Enterprises Ltd,,TRANSPACT,small,,False,
INE08E401029,Alphalogic Techsys Ltd,,ALPHALOGIC,small,,False,
INE08JY01013,Novateor Research Laboratories Ltd,,NOVATEOR,small,,False,
INE957W01025,Misquita Engineering Ltd,,MISQUITA,small,,False,
INE906Y01028,Galactico Corporate Services Ltd,,GALACTICO,small,,False,
INE560T01015,Vaxfab Enterprises Ltd,,VEL,small,,False,
INE492Z01018,Goblin India Ltd,,GOBLIN,small,,False,
INE052001026,Shahlon Silk Industries Ltd,,SHAHLON,small,,False,
INF209KB17D5,Aditya Birla Sun Life Nifty Bank ETF,,ABSLBANETF,,,True,name matches Financial Services heuristic (unverified)
INE444X01014,Mount Housing and Infrastructure Ltd,,MOUNT,small,,False,
INE490Z01012,Anuroop Packaging Ltd,,ANUROOP,small,,False,
INE317W01030,Colab Platforms Ltd,,COLAB,small,,False,
INE771C01014,Easun Capital Markets Ltd,,EASUN,small,,True,name matches Financial Services heuristic (unverified)
INE08RT01016,Valencia Nutrition Ltd,,VALENCIA,small,,False,
INE063601012,Gian Life Care Ltd,,GIANLIFE,small,,False,
INF109KC11W8,ICICI Prudential Nifty Midcap 150 ETF,,MIDCAPIETF,,,False,
INF769K01FN2,Mirae Asset Nifty Next 50 ETF (MANXT50ETF),,NEXT50,,,False,
INE0BIW01023,Tranway21 Technologies Ltd,,TRANWAY21,small,,False,
INE128G01018,Vardhan Capital & Finance Ltd,,VARDHANCFL,small,,True,name matches Financial Services heuristic (unverified)
INE07QQ01016,Chandra Bhagat Pharma Ltd,,CBPL,small,,False,
INE117S01016,Octavius Plantations Ltd,,OCTAVIUSPL,small,,False,
INE0C4I01011,SM Auto Stamping Ltd,,SMAUTO,small,,False,
INF204KB11T5,NIPPON INDIA EQUITY SAVINGS FUND -  SEGREGATED PORTFOLIO 2 - MONTHLY DIVIDEND PLAN(Issue Price: 0.01),,08MPD,,,False,
INF204KB12S5,NIPPON INDIA EQUITY SAVINGS FUND -  SEGREGATED PORTFOLIO 2 - DIRECT DIVIDEND PLAN(Issue Price: 0.01),,08ADR,,,False,
INF204KB12T3,NIPPON INDIA EQUITY SAVINGS FUND -  SEGREGATED PORTFOLIO 2 - MONTHLY DIVIDEND PLAN(Issue Price: 0.01),,08MPR,,,False,
INF204KB13S3,NIPPON INDIA EQUITY SAVINGS FUND -  SEGREGATED PORTFOLIO 2 - DIRECT MONTHLY DIVIDEND PLAN(Issue Price: 0.01),,08AMD,,,False,
INF204KB14S1,NIPPON INDIA EQUITY SAVINGS FUND -  SEGREGATED PORTFOLIO 2 - DIRECT MONTHLY DIVIDEND PLAN(Issue Price: 0.01),,08AMR,,,False,
INF204KB15S8,NIPPON INDIA EQUITY SAVINGS FUND -  SEGREGATED PORTFOLIO 2 - BONUS PLAN(Issue Price: 0.01),,08BPB,,,False,
INF204KB16S6,NIPPON INDIA EQUITY SAVINGS FUND -  SEGREGATED PORTFOLIO 2 - GROWTH PLAN(Issue Price: 0.01),,08GPG,,,False,
INF204KB17R6,NIPPON INDIA EQUITY SAVINGS FUND -  SEGREGATED PORTFOLIO 2 - DIRECT BONUS PLAN(Issue Price: 0.01),,08ABB,,,False,
INF204KB17S4,NIPPON INDIA EQUITY SAVINGS FUND -  SEGREGATED PORTFOLIO 2 - QUARTERLY DIVIDEND PLAN(Issue Price: 0.01),,08QPD,,,False,
INF204KB18R4,NIPPON INDIA EQUITY SAVINGS FUND -  SEGREGATED PORTFOLIO 2 - DIRECT GROWTH PLAN(Issue Price: 0.01),,08AGG,,,False,
INF204KB18S2,NIPPON INDIA EQUITY SAVINGS FUND -  SEGREGATED PORTFOLIO 2 - QUARTERLY DIVIDEND PLAN(Issue Price: 0.01),,08QPR,,,False,
INF204KB19R2,NIPPON INDIA EQUITY SAVINGS FUND -  SEGREGATED PORTFOLIO 2 - DIRECT QUARTERLY DIVIDEND PLAN(Issue Price: 0.01),,08AQD,,,False,
INF204KB19S0,NIPPON INDIA EQUITY SAVINGS FUND -  SEGREGATED PORTFOLIO 2 - DIVIDEND PLAN(Issue Price: 0.01),,08DPD,,,False,
INF204KB10S9,NIPPON INDIA EQUITY SAVINGS FUND -  SEGREGATED PORTFOLIO 2 - DIRECT QUARTERLY DIVIDEND PLAN(Issue Price: 0.01),,08AQR,,,False,
INF204KB10T7,NIPPON INDIA EQUITY SAVINGS FUND -  SEGREGATED PORTFOLIO 2 - DIVIDEND PLAN(Issue Price: 0.01),,08DPR,,,False,
INF204KB11S7,NIPPON INDIA EQUITY SAVINGS FUND -  SEGREGATED PORTFOLIO 2 - DIRECT DIVIDEND PLAN(Issue Price: 0.01),,08ADD,,,False,
INE0BDU01028,RO Jewels Ltd,,ROJL,small,,False,
INE0CQB01010,Cospower Engineering Ltd,,COSPOWER,small,,True,name matches Utilities heuristic (unverified)
INF204KB14U7,NIPPON INDIA EQUITY HYBRID FUND -  SEGREGATED PORTFOLIO 2DIVIDEND PLANDIVIDEND REINVESTMENT,,11DPR,,,False,
INF204KB10U5,NIPPON INDIA EQUITY HYBRID FUND -  SEGREGATED PORTFOLIO 2GROWTH PLAN GROWTH OPTIONGROWTH,,11GPG,,,False,
INF204KB15U4,NIPPON INDIA EQUITY HYBRID FUND -  SEGREGATED PORTFOLIO 2MONTHLY DIVIDEND PLANDIVIDEND PAYOUT,,11MPD,,,False,
INF204KB16U2,NIPPON INDIA EQUITY HYBRID FUND -  SEGREGATED PORTFOLIO 2MONTHLY DIVIDEND PLANREINVESTMENT,,11MPR,,,False,
INF204KB11U3,NIPPON INDIA EQUITY HYBRID FUND -  SEGREGATED PORTFOLIO 2QUARTERLY DIVIDEND PLANDIVIDEND PAYOUT,,11QPD,,,False,
INF204KB12U1,NIPPON INDIA EQUITY HYBRID FUND -  SEGREGATED PORTFOLIO 2QUARTERLY DIVIDEND PLANREINVESTMENT,,11QPR,,,False,
INF204KB16T4,NIPPON INDIA EQUITY HYBRID FUND -  SEGREGATED PORTFOLIO 2DIRECT PLAN DIVIDEND PLANDIVIDEND PAYOUT,,11ADD,,,False,
INF204KB17T2,NIPPON INDIA EQUITY HYBRID FUND -  SEGREGATED PORTFOLIO 2DIRECT PLAN DIVIDEND PLANDIVIDEND REINVESTMENT,,11ADR,,,False,
INF204KB13T1,NIPPON INDIA EQUITY HYBRID FUND -  SEGREGATED PORTFOLIO 2DIRECT GROWTH PLAN GROWTH OPTIONGROWTH,,11AGG,,,False,
INF204KB18T0,NIPPON INDIA EQUITY HYBRID FUND -  SEGREGATED PORTFOLIO 2DIRECT MONTHLY DIVIDEND PLANDIVIDEND PAYOUT,,11AMD,,,False,
INF204KB19T8,NIPPON INDIA EQUITY HYBRID FUND -  SEGREGATED PORTFOLIO 2DIRECT MONTHLY DIVIDEND PLANREINVESTMENT,,11AMR,,,False,
INF204KB14T9,NIPPON INDIA EQUITY HYBRID FUND -  SEGREGATED PORTFOLIO 2DIRECT QUARTERLY DIVIDEND PLANDIVIDEND PAYOUT,,11AQD,,,False,
INF204KB15T6,NIPPON INDIA EQUITY HYBRID FUND -  SEGREGATED PORTFOLIO 2DIRECT QUARTERLY DIVIDEND PLANREINVESTMENT,,11AQR,,,False,
INF204KB13U9,NIPPON INDIA EQUITY HYBRID FUND -  SEGREGATED PORTFOLIO 2DIVIDEND PLANDIVIDEND PAYOUT,,11DPD,,,False,
INE0CPQ01010,Nirmitee Robotics India Ltd,,NIRMITEE,small,,False,
INE06MM01016,Natural Biocon (India) Ltd,,NATURAL,small,,False,
INE745R01024,Regis Industries Ltd,,REGIS,small,,False,
INE0CRS01012,Billwin Industries Ltd,,BILLWIN,small,,False,
INF109KC17V7,ICICI Prudential Nifty Alpha Low- Volatility 30 ETF,,ALPL30IETF,,,False,
INF109KC16I6,ICICI Prudential Nifty IT ETF,,ITIETF,,,False,
INF179KC1HY0,HDFC Nifty Banking ETF,,HDFCNIFBAN,,,True,name matches Financial Services heuristic (unverified)
INF789F1AUV1,UTI NIFTY BANK ETF,,BANKBETA,,,True,name matches Financial Services heuristic (unverified)
INE412J01010,Samrat Forgings Ltd,,SAMRATFORG,small,,False,
INE0E2801015,G M Polyplast Ltd,,GMPL,small,,False,
INE244W01010,Veer Global Infraconstruction Ltd,,VGIL,small,,False,
INE0BLY01023,Shine Fashions (India) Ltd,,SHINEFASH,small,,False,
INF769K01GS9,Mirae Asset Nifty 100 ESG Sector Leaders ETF,,ESG,,,False,
INE0D5F01013,Net Pix Shorts Digital Media Ltd,,NETPIX,small,,False,
INF732E01268,Nippon India ETF Nifty Infrastructure BeES,,INFRABEES,,,False,
INE018S01016,Rita Finance and Leasing Ltd,,RFLL,small,,True,name matches Financial Services heuristic (unverified)
INE0D7801012,MRP Agro Ltd,,MRP,small,,False,
INE0G0V01018,Adjia Technologies Ltd,,ADJIA,small,,False,
INE0GX601011,Niks Technology Ltd,,NIKSTECH,small,,False,
INE0CQ101015,Rajeshwari Cans Ltd,,RCAN,small,,False,
INE0D9X01018,Artemis ADR Marketplace Ltd,,ARTEMISADR,small,,False,
INE04CO01018,Kuberan Global Edu Solutions Ltd,,KGES,small,,False,
INF769K01HF4,Mirae Asset NYSE FANG+ ETF,,MAFANG,,,False,
INF109KC1Q72,ICICI Prudential Nifty Healthcare ETF,,HEALTHIETF,,,False,
INE0H8J01015,Adeshwar Meditex Ltd,,ADESHWAR,small,,False,
INE0B6101012,Times Green Energy (India) Ltd,,TIMESGREEN,small,,False,
INE0DXR01010,Focus Business Solution Ltd,,FOCUS,small,,False,
INE0C5901022,AA Plus Tradelink Ltd,,AAPLUSTRAD,small,,False,
INF769K01HI8,Mirae Asset Nifty Financial Services ETF,,BFSI,,,True,name matches Financial Services heuristic (unverified)
INF109KC19V3,ICICI Prudential Nifty FMCG ETF,,FMCGIETF,,,False,
INE647W01014,Sharpline Broadcast Ltd,,SHARPLINE,small,,False,
INE0EAX01014,Aashka Hospitals Ltd,,AASHKA,small,,False,
INF846K01Y96,Axis NIFTY IT ETF,,ITAXIS,,,False,
INF846K01Z12,Axis NIFTY Healthcare ETF,,HEALTHAXIS,,,False,
INE0GOA01018,Naapbooks Ltd,,NBL,small,,False,
INE0DTJ01015,PlatinumOne Business Services Ltd,,POBS,small,,False,
INF846K016C7,Axis NIFTY India Consumption ETF,,CONSUMAXIS,,,False,
INE0GAO01018,Prevest Denpro Ltd,,PREVEST,small,,False,
INF769K01HP3,Mirae Asset S&P 500 Top 50 ETF,,MASPTOP50,,,False,
INE0DLM01024,SBL Infratech Ltd,,SBLI,small,,False,
INE0H1201020,Getalong Enterprise Ltd,,GETALONG,small,,False,
INE0HLJ01013,Shri Venkatesh Refineries Ltd,,SVRL,small,,False,
INE0I2F01015,Promax Power Ltd,,PROMAX,small,,True,name matches Utilities heuristic (unverified)
INE0GD201014,Samor Reality Ltd,,SAMOR,small,,False,
INE0CWK01019,Adishakti Loha and Ispat Ltd,,ADISHAKTI,small,,False,
INE0H8H01019,CWD Ltd,,CWD,small,,False,
INF109KC1V42,ICICI Prudential Nifty India Consumption ETF,,CONSUMIETF,,,False,
INF740KA1QK2,DSP Nifty 50 Equal Weight ETF,,EQUAL50ADD,,,False,
INE07GA01011,Suyog Gurbaxani Funicular Ropeways Ltd,,SGFRL,small,,False,
INE0JFE01012,Omnipotent Industries Ltd,,OMNIPOTENT,small,,False,
INE07L501010,DMR Engineering Ltd,,DMR,small,,False,
INF769K01HS7,Mirae Asset Hang Seng TECH ETF,,MAHKTECH,,,False,
INE0JJS01014,Clara Industries Ltd,,CLARA,small,,False,
INE0IM001015,Wherrelz IT Solutions Ltd,,WITS,small,,False,
INF247L01AU3,Motilal Oswal Nasdaq Q 50 ETF,,MONQ50,,,False,
INF740KA1ZF3,DSP Nifty Midcap 150 Quality 50 ETF,,MIDQ50ADD,,,False,
INF740KA1CL0,DSP Nifty 50 ETF,,NIFTYADD,,,False,
INE0E4I01027,Ascensive Educare Ltd,,ASCENSIVE,small,,False,
INE0DRT01018,Fabino Enterprises Ltd,,FABINO,small,,False,
INF109KC10V2,ICICI Prudential Nifty Auto ETF,,AUTOIETF,,,False,
INE0KA601012,Alkosign Ltd,,ALKOSIGN,small,,False,
INF769K01IB1,Mirae Asset Nifty India Manufacturing ETF,,MAKEINDIA,,,False,
INE0KAF01018,Quality RO Industries Ltd,,QRIL,small,,False,
INE0JNA01014,Safa Systems & Technologies Ltd,,SSTL,small,,False,
INE0JSJ01014,Maruti Interior Products Ltd,,SPITZE,small,,False,
INF247L01BK2,Motilal Oswal Nifty 200 Momentum 30 ETF,,MOMOMENTUM,,,False,
INF209KB11D8,Aditya Birla Sunlife Nifty IT ETF,,TECH,,,False,
INF209KB10C2,Aditya Birla Sun Life Nifty Healthcare ETF,,HEALTHY,,,False,
INF209KB19D1,Aditya Birla Sun Life Nifty 50 ETF,,BSLNIFTY,,,False,
INE0KCM01010,Ekennis Software Service Ltd,,EKENNIS,small,,False,
INF769K01IC9,Mirae Asset Nifty Midcap 150 ETF,,MIDCAPETF,,,False,
INE0KQ001017,Bhatia Colour Chem Ltd,,BCCL,small,,False,
INE0K1401020,Achyut Healthcare Ltd,,ACHYUT,small,,False,
INE0JVD01011,Evoq Remedies Ltd,,EVOQ,small,,False,
INF247L01BL0,Motilal Oswal BSE Low Volatility ETF,,MOLOWVOL,,,False,
INE0KPY01017,Sunrise Efficient Marketing Ltd,,SEML,small,,False,
INE0K5F01014,Dhyaani Tradeventtures Ltd,,DHYAANITR,small,,False,
INE0KSN01014,Eighty Jewellers Ltd,,EIGHTY,small,,False,
INE0JMN01019,Shashwat Furnishing Solutions Ltd,,SFSL,small,,False,
INE0J2K01014,Global Longlife Hospital and Research Ltd,,GLHRL,small,,False,
INE0L3H01014,Fone4 Communications (India) Ltd,,FONE4,small,,False,
INE0E5R01017,Nanavati Ventures Ltd,,NVENTURES,small,,False,
INE05CY01014,Tierra Agrotech Ltd,,TIERRA,small,,False,
INE0KXN01014,Silver Pearl Hospitality & Luxury Spaces Ltd,,SILVERPRL,small,,False,
INE0IXR01019,Scarnose International Ltd,,SCARNOSE,small,,False,
INE0K6L01010,Goel Food Products Ltd,,GOEL,small,,False,
INE0GTX01019,Pearl Green Clubs and Resorts Ltd,,PGCRL,small,,False,
INE0KHQ01010,Sailani Tours N Travels Ltd,,SAILANI,small,,False,
INE0L1C01019,Kesar India Ltd,,KESAR,small,,False,
INE0IZQ01016,B-Right Realestate Ltd,,BRRL,small,,False,
INE0KR801019,Jayant Infratech Ltd,,JAYANT,small,,False,
INE0ID001024,Veerkrupa Jewellers Ltd,,VEERKRUPA,small,,False,
INE0L3501015,Healthy Life Agritec Ltd,,HEALTHYLIFE,small,,False,
INF247L01BB1,Motilal Oswal BSE Healthcare ETF,,MOHEALTH,,,False,
INF109KC17C7,ICICI Prudential Nifty 200 Momentum 30 ETF,,MOM30IETF,,,False,
INF179KC1HR4,HDFC NIFTY 100 ETF,,HDFCNIF100,,,False,
INF179KC1HS2,HDFC Mutual Fund,,HDFCNEXT50,,,True,name matches Financial Services heuristic (unverified)
INF109KC16E5,ICICI Prudential Nifty Infrastructure ETF,,INFRAIETF,,,False,
INF209KB15K4,Aditya Birla Sun Life Nifty 200 Quality 30 ETF,,NIFTYQLITY,,,False,
INF209KB14K7,Aditya Birla Sun Life Nifty 200 Momentum 30 ETF,,MOMENTUM,,,False,
INF247L01BE5,Motilal Oswal BSE Enhanced Value ETF,,MOVALUE,,,False,
INF247L01BH8,Motilal Oswal BSE Quality ETF,,MOQUALITY,,,False,
INE0M3901015,Olatech Solutions Ltd,,OLATECH,small,,False,
INE0JNB01012,Naturo Indiabull Ltd,,NATURO,small,,False,
INE0MC401013,Dipna Pharmachem Ltd,,DPL,small,,False,
INE0D2I01014,EP Biocomposites Ltd,,EPBIO,small,,False,
INE0LU301014,Shantidoot Infra Services Ltd,,SISL,small,,False,
INF179KC1DL6,HDFC NIFTY100 Quality 30 ETF,,HDFCQUAL,,,False,
INE0M8901010,Containe Technologies Ltd,,CONTAINE,small,,False,
INF179KC1DJ0,HDFC NIFTY Growth Sectors 15 ETF,,HDFCGROWTH,,,False,
INF179KC1DK8,HDFC NIFTY50 Value 20 ETF,,HDFCVALUE,,,False,
INE0KQQ01011,Mafia Trends Ltd,,MAFIA,small,,False,
INE0MNV01014,Silicon Rental Solutions Ltd,,SRSOLTD,small,,False,
INE0MKA01014,Trident Lifeline Ltd,,TLL,small,,False,
INE0MKO01015,Reetech International Ltd,,REETECH,small,,False,
INE0M4L01013,Cargotrans Maritime Ltd,,CARGOTRANS,small,,False,
INE0N0J01014,Concord Control Systems Ltd,,CNCRD,small,,False,
INE0KZM01011,Cargosol Logistics Ltd,,CARGOSOL,small,,False,
INE0MSK01016,Steelman Telecom Ltd,,STML,small,,False,
INE0NC801013,Vedant Asset Ltd,,VEDANTASSET,small,,False,
INF179KC1HU8,HDFC NIFTY100 Low Volatility 30 ETF,,HDFCLOWVOL,,,False,
INF179KC1HV6,HDFC NIFTY200 Momentum 30 ETF,,HDFCMOMENT,,,False,
INE0N1L01018,Pace E-Commerce Ventures Ltd,,PACE,small,,False,
INE975Z01012,DAPS Advertising Ltd,,DAPS,small,,False,
INE0MXP01015,Technopack Polymers Ltd,,TECHNOPACK,small,,False,
INF179KC1IA8,HDFC NIFTY IT ETF,,HDFCNIFIT,,,False,
INF179KC1HZ7,HDFC NIFTY Private Bank ETF,,HDFCPVTBAN,,,True,name matches Financial Services heuristic (unverified)
INF109KC17L8,ICICI Prudential Nifty Financial Services Ex-Bank ETF,,FINIETF,,,True,name matches Financial Services heuristic (unverified)
INE0N6V01016,Ambo Agritec Ltd,,AMBOAGRI,small,,False,
INE0NT601018,PNGS Gargi Fashion Jewellery Ltd,,GARGI,small,,False,
INF109KC19O8,ICICI Prudential Nifty Commodities ETF,,COMMOIETF,,,False,
INE0MQD01015,Droneacharya Aerial Innovations Ltd,,DRONACHRYA,small,,False,
INE09BN01011,Aveer Foods Ltd,,AVEER,small,,False,
INF740KA1RX3,DSP Nifty Bank ETF,,BANKADD,,,True,name matches Financial Services heuristic (unverified)
INE0MFT01014,Rex Sealing and Packing Industries Ltd,,REXSEAL,small,,False,
INE0MID01012,SVS Ventures Ltd,,SVS,small,,False,
INE0BSU01018,Logica Infoway Ltd,,LOGICA,small,,False,
INE0M9Q01011,Dharni Capital Services Ltd,,DHARNI,small,,True,name matches Financial Services heuristic (unverified)
INE0MPU01011,Transvoy Logistics India Ltd,,TRANSVOY,small,,False,
INE0O4V01010,Earthstahl & Alloys Ltd,,EARTH,small,,False,
INE0KN201016,Indong Tea Company Ltd,,INDONG,small,,False,
INF179KC1EZ4,HDFC BSE 500 ETF,,HDFCBSE500,,,False,
INF179KC1FB2,HDFC NIFTY Smallcap 250 ETF,,HDFCSML250,,,False,
INF179KC1HT0,HDFC NIFTY Midcap 150 ETF,,HDFCMID150,,,False,
INE0O4601016,Sealmatic India Ltd,,SEALMATIC,small,,False,
INE0OLH01013,Macfos Ltd,,ROBU,small,,False,
INE0NPA01011,Patron Exim Ltd,,PATRON,small,,False,
INE0JZS01010,S. V. J. ENTERPRISES Ltd,,SVJ,small,,False,
INE0G1V01016,Amanaya Ventures Ltd,,AMANAYA,small,,False,
INE0NYN01016,Resgen Ltd,,RESGEN,small,,False,
INE0O6A01019,ITCONS E-Solutions Ltd,,ITCONS,small,,False,
INE0OKG01017,Prospect Consumer Products Ltd,,PCL,small,,False,
INF109KC10S8,ICICI Prudential Nifty PSU Bank ETF,,PSUBNKIETF,,,True,name matches Financial Services heuristic (unverified)
INE00TV01023,Sudarshan Pharma Industries Ltd,,SUDARSHAN,small,,False,
INE0NLJ01011,Labelkraft Technologies Ltd,,LABELKRAFT,small,,False,
INE0OMI01019,Bright Outdoor Media Ltd,,BRIGHT,small,,False,
INE0LKQ01012,Command Polymers Ltd,,COMMAND,small,,False,
INE0NIJ01025,Dev Labtech Venture Ltd,,DEVLAB,,,False,
INF846K010Q0,AXIS BSE SENSEX ETF,,SENSEXAXIS,,,False,
INF769K01JU9,Mirae Asset Nifty 100 Low Volatility 30 ETF,,LOWVOL,,,False,
INE825B01010,J.A. Finance Ltd,,JAFINANCE,small,,True,name matches Financial Services heuristic (unverified)
INE0O1T01010,Maiden Forgings Ltd,,MAIDEN,small,,False,
INE0O8901016,Exhicon Events Media Solutions Ltd,,EXHICON,small,,False,
INE0P7001013,Sancode Technologies Ltd,,SANCODE,small,,False,
INE0NTC01019,Retina Paints Ltd,,RETINA,small,,False,
INE0LDI01022,Innokaiz India Ltd,,INNOKAIZ,small,,False,
INE210F01016,Swati Projects Ltd,,SWATIPRO,small,,False,
INE0GYI01028,Hemant Surgical Industries Ltd,,HSIL,small,,False,
INE0NJ001013,CFF Fluid Control Ltd,,CFF,small,,False,
INE0NXA01015,Comrade Appliances Ltd,,COMRADE,small,,False,
INE0N5O01013,Sonalis Consumer Products Ltd,,SONALIS,small,,False,
INE0OJ401014,Bizotic Commercial Ltd,,BIZOTIC,small,,False,
INE04Z101016,Asian Warehousing Ltd,,ASIAN,small,,False,
INE0ORA01015,Cosmic CRF Ltd,,COSMICCRF,small,,False,
INE0Q0M01015,Veefin Solutions Ltd,,VEEFIN,small,,False,
INE01BT01015,Machhar Industries Ltd,,MACIND,small,,False,
INF740KA1SX1,DSP Nifty IT ETF,,ITADD,,,False,
INE0NZF01019,Alphalogic Industries Ltd,,ALPHAIND,small,,False,
INE0POP01017,Acceleratebs India Ltd,,ACCELERATE,small,,False,
INE0P3N01018,Kaka Industries Ltd,,KAKA,small,,False,
INE0NEV01011,Ahasolar Technologies Ltd,,AHASOLAR,small,,False,
INE0DN001027,Asarfi Hospital Ltd,,ASARFI,small,,False,
INF769K01KR3,Mirae Asset Nifty Bank ETF,,BANKETF,,,True,name matches Financial Services heuristic (unverified)
INF740KA1SZ6,DSP BSE Sensex ETF,,SENSEXADD,,,False,
INF740KA1SY9,DSP Nifty PSU Bank ETF,,PSUBANKADD,,,True,name matches Financial Services heuristic (unverified)
INF740KA1TA7,DSP Nifty Private Bank ETF,,PVTBANKADD,,,True,name matches Financial Services heuristic (unverified)
INE0OWC01011,Khazanchi Jewellers Ltd,,KHAZANCHI,small,,False,
INF109KC18V5,ICICI Prudential Nifty 200 Quality 30 ETF,,QUAL30IETF,,,False,
INE013V01011,Shelter Pharma Ltd,,SHELTER,small,,False,
INE0OJZ01019,Shoora Designs Ltd,,SHOORA,small,,False,
INE0Q8P01029,Bondada Engineering Ltd,,BONDADA,small,,False,
INF789F1AYX9,UTI NIFTY MIDCAP 150 ETF,,MIDCAPBETA,,,False,
INE489B01031,Shradha AI Technologies Ltd,,SHRAAITECH,small,,False,
INE04T901017,Kahan Packaging Ltd,,KAHAN,small,,False,
INE0OYE01013,Quest Flow Controls Ltd,,QUESTFLOW,small,,False,
INE0P4P01011,Techknowgreen Solutions Ltd,,TECHKGREEN,small,,False,
INE0MIO01019,Organic Recycling Systems Ltd,,ORGANICREC,small,,False,
INF769K01KT9,Mirae Asset S&P BSE Sensex ETF,,SENSEXETF,,,False,
INE0M7501019,City Crops Agro Ltd,,CCAL,small,,False,
INE0Q1S01010,Sunita Tools Ltd,,SUNITATOOL,small,,False,
INE0PA601017,Vivaa Tradecom Ltd,,VIVAA,small,,False,
INF769K01KV5,Mirae Asset Nifty IT ETF,,ITETF,,,False,
INF769K01KU7,Mirae Asset Nifty 200 Alpha 30 ETF,,ALPHAETF,,,False,
INE0Q6901013,Vrundavan Plantation Ltd,,VPL,small,,False,
INE0OH401016,KK Shah Hospitals Ltd,,KKSHL,small,,False,
INE0QI101019,Mish Designs Ltd,,MISHDESIGN,small,,False,
INE0N6U01018,Kalyani Cast-Tech Ltd,,KALYANI,small,,False,
INE0PP401015,Arrowhead Seperation Engineering Ltd,,ARROWHEAD,small,,False,
INE0RDR01012,Swashthik Plascon Ltd,,SPL,small,,False,
INE0RDM01013,Deepak Chemtex Ltd,,DEEPAKCHEM,small,,False,
INE0P9J01013,Amic Forging Ltd,,AMIC,small,,False,
INE0QSK01017,Siyaram Recycling Industries Ltd,,SIYARAM,small,,False,
INE0Q2Z01013,Benchmark Computer Solutions Ltd,,BENCHMARK,small,,False,
INE0PSJ01011,Sahara Maritime Ltd,,SMARITIME,small,,False,
INE0QZQ01019,Shanti Spintex Ltd,,SHANTIDENM,small,,False,
INE0QFT01015,AIK Pipes and Polymers Ltd,,AIKPIPES,small,,False,
INE0A6N01026,Manoj Ceramic Ltd,,MCPL,small,,False,
INE0RNZ01014,Shri Balaji Valve Components Ltd,,SBVCL,small,,False,
INE0MGS01014,Sayaji Hotels (Indore) Ltd,,SHILINDORE,small,,False,
INE0GEN01012,New Swan Multitech Ltd,,SWANAGRO,small,,False,
INE0QIS01011,Shree Marutinandan Tubes Ltd,,SHREE,small,,False,
INE07G501017,Sayaji Hotels (Pune) Ltd,,SHPLPUNE,small,,False,
INE0Q1R01012,Qualitek Labs Ltd,,QLL,small,,False,
INF0QA701722,Bajaj Finserv Nifty 50 ETF,,NIFTYBETF,,,False,
INF0QA701714,Bajaj Finserv Nifty Bank ETF,,BANKBETF,,,True,name matches Financial Services heuristic (unverified)
INE0PYT01018,Euphoria Infotech (India) Ltd,,EUPHORIAIT,small,,False,
INE0Q6L01014,Brisk Technovision Ltd,,BRISK,small,,False,
INF789F1AZD8,UTI NIFTY IT ETF,,ITBETA,,,False,
INE0OLZ01015,Harshdeep Hortico Ltd,,HARSHDEEP,small,,False,
INE0R5Z01015,Mayank Cattle Food Ltd,,MCFL,small,,False,
INE0QZF01012,Gabriel Pet Straps Ltd,,GPSL,small,,False,
INF740KA1ZG1,DSP Nifty Healthcare ETF,,HEALTHADD,,,False,
INF179KC1HW4,HDFC Nifty PSU Bank ETF,,HDFCPSUBK,,,True,name matches Financial Services heuristic (unverified)
INE0QXV01014,Jasch Gauging Technologies Ltd,,JGTL,small,,False,
INE0OYK01010,Rudra Gas Enterprise Ltd,,RUDRAGAS,small,,True,name matches Utilities heuristic (unverified)
INF767K01RN1,LIC MF Nifty Midcap 100 ETF,,LICNMID100,,,False,
INF769K01LC3,Mirae Asset Nifty Smallcap 250 Momentum Quality 100 ETF,,SMALLCAP,,,False,
INE0M8R01011,Koura Fine Diamond Jewelry Ltd,,KOURA,small,,False,
INE510U01018,Pune E - Stock Broking Ltd,,PESB,small,,False,
INE0QQG01019,Royal Sense Ltd,,ROYAL,small,,False,
INE0QVH01025,KP Green Engineering Ltd,,KPGEL,small,,False,
INE0AH901011,Chatha Foods Ltd,,CHATHA,small,,False,
INE0QHY01011,Gconnect Logitech and Supply Chain Ltd,,GCONNECT,small,,False,
INE0OMZ01013,Vruddhi Engineering Works Ltd,,VRUDDHI,small,,False,
INE0MSS01019,Jay Kailash Namkeen Ltd,,JAYKAILASH,small,,False,
INE0S0701019,Greenhitech Ventures Ltd,,GVL,small,,False,
INE0Q9W01015,Faalcon Concepts Ltd,,FAALCON,small,,False,
INE0SGR01013,Shivam Chemicals Ltd,,SHIVAM,small,,False,
INE0SDC01012,Emmforce Autotech Ltd,,EMMFORCE,small,,False,
INE0R6801013,Varyaa Creations Ltd,,VARYAA,small,,False,
INE0QSB01016,Amkay Products Ltd,,AMKAY,small,,False,
INE0QXT01018,Dolphin Kitchen Utensils and Appliances Ltd,,DKUAL,small,,False,
INE0RGM01016,Storage Technologies and Automation Ltd,,STAL,small,,False,
INE0QOQ01013,Finelistings Technologies Ltd,,FTL,small,,False,
INE0SMU01015,TGIF Agribusiness Ltd,,TGIF,small,,False,
INE0SCB01016,Aztec Fluids & Machinery Ltd,,AZTEC,small,,False,
INE0R4W01015,Piotex Industries Ltd,,PIOTEX,small,,False,
INF769K01LJ8,Mirae Asset Nifty Midsmallcap400 Momentum Quality 100 ETF,,MIDSMALL,,,False,
INE0RIQ01013,Associated Coaters Ltd,,ASSOCIATED,small,,False,
INE257C01014,Adtech Systems Ltd,,ADTECH,small,,False,
INE0TT901016,Forbes Precision Tools and Machine Parts Ltd,,TOTEM,small,,False,
INE0QZ901011,Magenta Lifecare Ltd,,MAGENTA,small,,False,
INE0QUV01010,Sattrix Information Security Ltd,,SATTRIX,small,,False,
INE0R7D01018,3C IT Solutions and Telecoms (India) Ltd,,3CIT,small,,False,
INE0CYK01015,Purple Finance Ltd,,PURPLEFIN,small,,True,name matches Financial Services heuristic (unverified)
INF0R8F01059,ZERODHA NIFTY MIDCAP 150 ETF,,MID150CASE,,,False,
INF0R8F01067,ZERODHA NIFTY 100 ETF,,TOP100CASE,,,False,
INE0S0I01011,United Cotfab Ltd,,COTFAB,small,,False,
INF251K01TL6,Baroda BNP Paribas Nifty Bank ETF,,BBNPNBETF,,,True,name matches Financial Services heuristic (unverified)
INE0RUJ01013,GEM Enviro Management Ltd,,GEMENVIRO,small,,False,
INE0S6R01027,Dindigul Farm Product Ltd,,DFPL,small,,False,
INE0PO601011,National Peroxide Ltd,,NPL,small,,False,
INF769K01LQ3,Mirae Asset Nifty EV and New Age Automotive ETF,,EVINDIA,,,False,
INE0T3401029,Aelea Commodities Ltd,,ACLD,small,,False,
INE0UK501010,Three M Paper Boards Ltd,,THREEMPAPE,small,,False,
INF200KB1282,SBI NIFTY50 EQUAL WEIGHT ETF,,SBINEQWETF,,,False,
INF109KC18W3,ICICI Prudential Nifty Oil & Gas ETF,,OILIETF,,,True,name matches Utilities heuristic (unverified)
INF209KB19Z4,Aditya Birla Sun Life Nifty PSE ETF,,ABSLPSE,,,False,
INE0MNP01016,VVIP Infratech Ltd,,VVIPIL,small,,False,
INE0QMR01015,Clinitech Laboratory Ltd,,CTLLAB,small,,False,
INE0RMR01013,Kizi Apparels Ltd,,KIZI,small,,False,
INE0OXY01013,Afcom Holdings Ltd,,AFCOM,small,,False,
INF109KC19W1,ICICI Prudential Nifty Metal ETF,,METALIETF,,,False,
INE0SFZ01018,Broach Lifecare Hospital Ltd,,BROACH,small,,False,
INE0SK201011,Resourceful Automobile Ltd,,RAL,small,,False,
INE0QA901010,Rapid Multimodal logistics Ltd,,RAPID,small,,False,
INF769K01LX9,Mirae Asset Nifty500 Multicap 50:25:25 ETF,,MULTICAP,,,False,
INE0SG001011,Travels & Rentals Ltd,,TRAVELS,small,,False,
INE0N4701016,Naturewings Holidays Ltd,,NHL,small,,False,
INF740KA1UR9,DSP Nifty Top 10 Equal Weight ETF,,TOP10ADD,,,False,
INE0UYT01018,Mach Travel Solutions Ltd,,MACHLTD,small,,False,
INE0LY301010,Share Samadhan Ltd,,SSL,small,,False,
INE0Q3401017,Sodhani Academy of Fintech Enablers Ltd,,SAFE,small,,False,
INE0PZB01013,Popular Foundations Ltd,,PFL,small,,False,
INE0QUL01011,Nexxus Petro Industries Ltd,,NEXXUS,small,,False,
INF769K01LZ4,Mirae Asset Nifty PSU Bank ETF,,BANKPSU,,,True,name matches Financial Services heuristic (unverified)
INE0U6201010,Subam Papers Ltd,,SUBAM,small,,False,
INF769K01LY7,Mirae Asset Nifty Metal ETF,,METAL,,,False,
INE471R01019,Neopolitan Pizza And Foods Ltd,,NPFL,small,,False,
INE0S9501014,Khyati Global Ventures Ltd,,KGVL,small,,False,
INE0YRO01015,Shiv Texchem Ltd,,SHIVTEXCHEM,small,,False,
INF109KC16X5,ICICI Prudential Nifty200 Value 30 ETF,,VAL30IETF,,,False,
INE0RU901015,Mangal Compusolution Ltd,,MANGALCOMP,small,,False,
INE0VN801010,Rajesh Power Services Ltd,,RAJESH,small,,True,name matches Utilities heuristic (unverified)
INE0DQN01013,Nisus Finance Services Co Ltd,,NISUS,small,,True,name matches Financial Services heuristic (unverified)
INE0XAY01012,Toss The Coin Ltd,,TTC,small,,False,
INE0WCH01015,Jungle Camps India Ltd,,JUNGLECAMP,small,,False,
INE168C01013,Hilltone Software and Gases Ltd,,HILLTONE,small,,True,name matches Utilities heuristic (unverified)
INE00GK01023,Yash Highvoltage Ltd,,YASHHV,small,,False,
INE0QBD01018,Hamps Bio Ltd,,HAMPS,small,,False,
INE0LB101011,NACDAC Infrastructure Ltd,,NACDAC,small,,False,
INF769K01NS5,Mirae Asset Nifty India New Age Consumption ETF,,CONSUMER,,,False,
INE0A8401016,Citichem India Ltd,,CITICHEM,small,,False,
INF754K01TX4,Edelweiss BSE Capital Markets & Insurance ETF,,ECAPINSURE,,,True,name matches Financial Services heuristic (unverified)
INE0ZHT01012,Technichem Organics Ltd,,TECHNICHEM,small,,False,
INE0RH001011,Leo Dryfruits & Spices Trading Ltd,,VANDU,small,,False,
INE0QQJ01021,Parmeshwar Metal Ltd,,PARMESHWAR,small,,False,
INE0Q2L01013,Davin Sons Retail Ltd,,DAVIN,small,,False,
INE0HSD01011,Fabtech Cleanrooms Ltd,,FABCLEAN,small,,False,
INE0FK501019,Indobell Insulations Ltd,,INDOBELL,small,,False,
INE00ST01011,B.R.Goyal Infrastructure Ltd,,BRGIL,small,,False,
INE0NQ401024,Avax Apparels and Ornaments Ltd,,AVAX,,,False,
INE0CFH01028,Rikhav Securities Ltd,,RIKHAV,small,,False,
INE12QA01010,Landmark Global Learning Ltd,,LGLL,small,,False,
INE0WXM01011,Capitalnumbers Infotech Ltd,,CNINFOTECH,small,,True,name matches Financial Services heuristic (unverified)
INE0WDX01010,CLN Energy Ltd,,CLN,small,,False,
INE0RWU01016,GB Logistics Commerce Ltd,,GBLOGISTIC,small,,False,
INE0DZD01015,H.M. Electro Mech Ltd,,HMEML,small,,False,
INE0YON01014,Malpani Pipes And Fittings Ltd,,MALPANI,small,,False,
INF740KA1VE5,DSP BSE Sensex Next 30 ETF,,NEXT30ADD,,,False,
INE0U2L01017,Amwill Health Care Ltd,,AMWILL,small,,False,
INE0W0H01017,Solarium Green Energy Ltd,,SOLARIUM,small,,False,
INE0R8101016,Covance Softsol Ltd,,COVANCE,small,,False,
INE0TD301017,Shanmuga Hospital Ltd,,SHANMUGA,small,,False,
INE0FFF01017,L.K.Mehta Polymers Ltd,,LKMEHTA,small,,False,
INE0TIR01017,Swasth Foodtech India Ltd,,SWASTH,small,,False,
INE13VU01016,Beezaasan Explotech Ltd,,BEEZAASAN,small,,False,
INE0VYX01018,Nukleus Office Solutions Ltd,,NUKLEUS,small,,False,
INE0NR501012,Vikram Aroma Ltd,,VIKRAMAR,small,,False,
INE0RXS01018,Shreenath Paper Products Ltd,,SHREENATH,small,,False,
INE0VNH01014,NAPS Global India Ltd,,NAPSGLOBAL,small,,False,
INF769K01ON4,Mirae Asset BSE Select IPO ETF,,SELECTIPO,,,False,
INF769K01OA1,Mirae Asset BSE 200 Equal Weight ETF,,EQUAL200,,,False,
INE0ABU01016,PDP Shipping & Projects Ltd,,PSPL,small,,False,
INE16IQ01014,Super Iron Foundry Ltd,,SUPERIRON,small,,False,
INF846KA1119,Axis Nifty500 Value 50 ETF,,VALUEAXIS,,,False,
INE0SMW01011,Paradeep Parivahan Ltd,,PPARIVAH,small,,False,
INF200KB1712,SBI BSE PSU BANK ETF,,SBIBPB,,,True,name matches Financial Services heuristic (unverified)
INE0TGG01014,Desco Infratech Ltd,,DESCO,small,,False,
INE0PA401012,Identixweb Ltd,,IDENTIXWEB,small,,False,
INE0KWJ01014,Retaggio Industries Ltd,,RETAGGIO,small,,False,
INE10XX01012,Spinaroo Commercial Ltd,,SPINAROO,small,,False,
INE12IB01015,Infonative Solutions Ltd,,INFONATIVE,small,,False,
INF109K1A153,ICICI Prudential Nifty EV & New Age Automotive ETF,,EVIETF,,,False,
INE0AOG01018,Kenrik Industries Ltd,,KENRIK,small,,False,
INE0RJ901010,Srigee Dlm Ltd,,SRIGEE,small,,False,
INE0MV001018,Manoj Jewellers Ltd,,MANOJJEWEL,small,,False,
INF769K01OO2,Mirae Asset Nifty50 Equal Weight ETF,,EQUAL50,,,False,
INE1ABX01018,Unified Data Tech Solutions Ltd,,UNIFIED,small,,False,
INE0TG901011,Astonea Labs Ltd,,ASTONEALAB,small,,False,
INE0TE101010,3B Films Ltd,,3BFILMS,small,,False,
INF204KC1EZ3,Nippon India BSE Sensex Next 30 ETF,,SNXT30BEES,,,False,
INE0XCV01014,Aten Papers & Foam Ltd,,ATENPAPERS,small,,False,
INE0ZDY01011,Abram Food Ltd,,ABRFL,small,,False,
INE0XRR01010,AJC Jewel Manufacturers Ltd,,AJCJEWEL,small,,False,
INE0Y0E01012,Icon Facilitators Ltd,,ICON,small,,False,
INF109K1A344,ICICI Prudential Nifty Top 15 Equal Weight ETF,,TOP15IETF,,,False,
INE0SC101013,Supertech Ev Ltd,,SEVL,small,,False,
INE0S9X01011,Ace Alpha Tech Ltd,,ACEALPHA,small,,False,
INE130701019,Valencia India Ltd,,VALINDIA,small,,False,
INE0UZO01024,Neetu Yoshi Ltd,,NEETUYOSHI,small,,False,
INE0W1601012,Adcounty Media India Ltd,,ADCOUNTY,small,,False,
INE0RDJ01019,Vandan Foods Ltd,,VANDAN,small,,False,
INE0TBQ01014,Marc Loire Fashions Ltd,,MARCLOIRE,small,,False,
INF769K01PB6,Mirae Asset Nifty India Internet ETF,,INTERNET,,,False,
INE0TL001013,Cryogenic Ogs Ltd,,CRYOGENIC,small,,False,
INE162901016,Meta Infotech Ltd,,METAINFO,small,,False,
INE0VWL01017,Chemkart India Ltd,,CHEMKART,small,,False,
INE0UMC01019,Glen Industries Ltd,,GLEN,small,,False,
INE0SJX01015,Asston Pharmaceuticals Ltd,,APL,small,,False,
INE0LCG01010,Monika Alcobev Ltd,,MONIKA,small,,False,
INE0PTF01017,Swastika Castal Ltd,,SWASTIKAAL,small,,False,
INE0V0L01028,Monarch Surveyors and Engineering Consultants Ltd,,MSECL,small,,False,
INE0FMZ01045,Shree Refrigerations Ltd,,SHREEREF,small,,False,
INE161701011,Patel Chem Specialities Ltd,,PATELCHEM,small,,False,
INE15WN01014,Repono Ltd,,REPONO,small,,False,
INE1P1A01018,Umiya Mobile Ltd,,UML,small,,False,
INE301O01023,National Securities Depository Ltd,,NSDL,small,,False,
INE1LJ801017,B. D. Industries (Pune) Ltd,,BDI,small,,False,
INE14OX01013,Takyon Networks Ltd,,TAKYON,small,,False,
INE1KH601014,Mehul Colours Ltd,,MEHUL,small,,False,
INF666M01LM6,Groww BSE Power ETF,,GROWWPOWER,,,True,name matches Utilities heuristic (unverified)
INE0W4K01013,BLT Logistics Ltd,,BLT,small,,False,
INE1IBY01019,Essex Marine Ltd,,ESSEX,small,,False,
INE0YG001013,Star Imaging And Path Lab Ltd,,STARIMAGIN,small,,False,
INE111601014,Icodex Publishing Solutions Ltd,,ICODEX,small,,False,
INE191201016,LGT Global Hospitality Ltd,,LGT,small,,False,
INF204KC1GH6,Nippon India Nifty India Manufacturing ETF,,MANUFGBEES,,,False,
INE12P601017,Globtier Infotech Ltd,,GLOBTIER,small,,False,
INE0M3X01010,NIS Management Ltd,,NISMGMT,small,,False,
INE0RTI01017,Oval Projects Engineering Ltd,,OVAL,small,,False,
INE15MX01014,Abril Paper Tech Ltd,,ABRIL,small,,False,
INE0XX801016,Sugs Lloyd Ltd,,SUGSLLOYD,small,,False,
INE0ZN101029,Rachit Prints Ltd,,RACHIT,small,,False,
INE0ZOM01013,Goel Construction Company Ltd,,GOELCONS,small,,False,
INE104201012,Austere Systems Ltd,,AUSTERE,small,,False,
INE0UJF01018,Sharvaya Metals Ltd,,SHARVAYA,small,,False,
INF0R8F01141,Zerodha Nifty Smallcap 100 ETF,,SML100CASE,,,False,
INE0WRP01016,Vashishtha Luxury Fashion Ltd,,VASHISHTHA,small,,False,
INE0XZB01017,Krupalu Metals Ltd,,KRUPALU,small,,False,
INE346R01013,Nilachal Carbo Metalicks Ltd,,NCML,small,,False,
INE0V8A01016,Karbonsteel Engineering Ltd,,KARBON,small,,False,
INE1DRH01011,Jay Ambe Supermarkets Ltd,,CITYSQUARE,small,,False,
INE0XBS01012,Airfloa Rail Technology Ltd,,AIRFLOA,small,,False,
INE0TJ801010,L. T. Elevator Ltd,,LTELEVATOR,small,,False,
INE10XS01012,Sampat Aluminium Ltd,,SAMPAT,small,,False,
INE14VP01014,JD Cables Ltd,,JDCABLES,small,,False,
INE15XJ01010,Aptus Pharma Ltd,,APPL,small,,False,
INE1LDV01015,True Colors Ltd,,TRUECOLORS,small,,False,
INE0QMV01017,Bharatrohan Airborne Innovations Ltd,,BHARATROHAN,small,,False,
INE0TI501017,Praruh Technologies Ltd,,PRARUH,small,,False,
INE1IIQ01028,Solvex Edibles Ltd,,SOLVEX,small,,False,
INE1KLZ01011,Systematic Industries Ltd,,SYSTEMATIC,small,,False,
INE0W5Q01017,Justo Realfintech Ltd,,JUSTO,small,,False,
INE0SRP01014,Telge Projects Ltd,,TELGE,small,,False,
INE1B4801017,Chatterbox Technologies Ltd,,CHTR,small,,False,
INE0SIK01014,Gujarat Peanut And Agri Products Ltd,,GPAPL,small,,False,
INE1A8F01035,Earkart Ltd,,EARKART,small,,False,
INE18PB01017,Bhavik Enterprises Ltd,,BHAVIK,small,,False,
INE0S5T01017,Rukmani Devi Garg Agro Impex Ltd,,RDGAIL,small,,False,
INE1PJP01015,M P K Steels (I) Ltd,,MPKSTEELS,small,,False,
INE163701019,KVS Castings Ltd,,KVSCASTING,small,,False,
INE14QA01016,Ameenji Rubber Ltd,,AMEENJI,small,,False,
INE0SPJ01011,Dhillon Freight Carrier Ltd,,DHILLON,small,,False,
INE0R8Q01018,Om Metallogic Ltd,,OML,small,,False,
INE0QU501030,Sodhani Capital Ltd,,SODHACAP,small,,True,name matches Financial Services heuristic (unverified)
INE12P101018,Chiraharit Ltd,,CHIRAHARIT,small,,False,
INE1B3501014,Zelio E Mobility Ltd,,ZELIO,small,,False,
INE0QP701017,Valplast Technologies Ltd,,VALPLAST,small,,False,
INE10CM01027,Sunsky Logistics Ltd,,SUNSKY,small,,False,
INE16XA01017,Infinity Infoway Ltd,,INFINITY,small,,False,
INE0SUM01015,DSM Fresh Foods Ltd,,ZAPPFRESH,small,,False,
INE0SLP01017,NSB BPO Solutions Ltd,,NSBBPO,small,,False,
INE833Q01012,Mittal Sections Ltd,,MITTALSTL,small,,False,
INF740KA1WU9,DSP Nifty500 Flexicap Quality 30 ETF,,FLEXIADD,,,False,
INE1EUB01016,Shlokka Dyes Ltd,,SHLOKKA,small,,False,
INE13YH01017,SK Minerals & Additives Ltd,,SKM,small,,False,
INE0SFA01011,Sihora Industries Ltd,,SIHORA,small,,False,
INF0R8F01166,Zerodha Nifty 50 ETF,,NIFTYCASE,,,False,
INF200K30015,SBI Mutual Fund,,MHLSRG,,,True,name matches Financial Services heuristic (unverified)
INF200K30023,SBI Mutual Fund,,MHLSRD,,,True,name matches Financial Services heuristic (unverified)
INF200K30031,SBI Mutual Fund,,MHLSRDR,,,True,name matches Financial Services heuristic (unverified)
INF200K30049,SBI Mutual Fund,,MHLSDG,,,True,name matches Financial Services heuristic (unverified)
INF200K30056,SBI Mutual Fund,,MHLSDD,,,True,name matches Financial Services heuristic (unverified)
INF200K30064,SBI Mutual Fund,,MHLSDDR,,,True,name matches Financial Services heuristic (unverified)
INE1GUJ01014,Game Changers Texfab Ltd,,TRADEUNO,small,,False,
INE0SVZ01015,Safecure Services Ltd,,SAFECURE,small,,False,
INF769K01PR2,Mirae Asset Nifty Energy ETF,,ENERGY,,,False,
INF769K01PQ4,Mirae Asset Nifty Smallcap 250 ETF,,SMALL250,,,False,
INE0D8001018,Shining Tools Ltd,,SHTL,small,,False,
INE1I1301016,Workmates Core2Cloud Solution Ltd,,WORKMATES,small,,False,
INE0U9D01019,Mahamaya Lifesciences Ltd,,MAHALIFE,small,,False,
INE0BUQ01012,Gallard Steel Ltd,,GALLARD,small,,False,
INF754K01VY8,Edelweiss BSE Sensex ETF,,ESENSEX,,,False,
INF740KA1WV7,DSP MSCI India ETF,,MSCIADD,,,False,
INE1U2R01013,SSMD Agrotech India Ltd,,SSMD,small,,False,
INE0UH001016,Mother Nutri Foods Ltd,,MNFL,small,,False,
INE0EOJ01014,K K Silk Mills Ltd,,KKSILK,small,,False,
INE1BA901016,Logiciel Solutions Ltd,,LOGICIEL,small,,False,
INE1E4401010,Exato Technologies Ltd,,EXATO,small,,False,
INE0VDK01019,Purple Wave Infocom Ltd,,PURPLEWAVE,small,,False,
INE0RUY01012,Astron Multigrain Ltd,,ASTRONMULT,small,,False,
INE0W4D01018,Ravelcare Ltd,,RAVEL,small,,False,
INE1FJE01010,Helloji Holidays Ltd,,HELLOJI,small,,False,
INE1CJB01013,Luxury Time Ltd,,LUXURY,small,,False,
INE1MF401019,Western Overseas Study Abroad Ltd,,WOSAL,small,,False,
INE0QZR01017,Methodhub Software Ltd,,METHODHUB,small,,False,
INE1DKT01011,Riddhi Display Equipments Ltd,,RDEL,small,,False,
INE1IE301018,K. V. Toys India Ltd,,KVTOYS,small,,False,
INE10XK01019,Prodocs Solutions Ltd,,PRODOCS,small,,False,
INE0O9L01010,Shipwaves Online Ltd,,SHIPWAVES,small,,False,
INE1FHV01026,Unisem Agritech Ltd,,UNISEM,small,,False,
INF277K30047,Titanium Hybrid Long-Short Fund Direct Plan Growth,,TSIFDG,,,False,
INF277K30054,Titanium Hybrid Long-Short Fund Direct Plan IDCW Reinvestment,,TSIFDIR,,,False,
INF277K30013,Titanium Hybrid Long-Short Fund Regular Plan Growth,,TSIFRG,,,False,
INF277K30039,Titanium Hybrid Long-Short Fund Regular Plan IDCW Payout,,TSIFRIP,,,False,
INF277K30021,Titanium Hybrid Long-Short Fund Regular Plan IDCW Reinvestment,,TSIFRIR,,,False,
INF740KA1WX3,DSP Nifty Smallcap 250 ETF,,SMALLADD,,,False,
INF740KA1WW5,DSP Nifty Midcap 150 ETF,,MIDCAPADD,,,False,
INE1E1V01017,HRS Aluglaze Ltd,,HRS,small,,False,
INE14LM01012,Pajson Agro India Ltd,,PAJSON,small,,False,
INE16QA01011,Stanbik Agro Ltd,,STANBIK,small,,False,
INF769K01PZ5,Mirae Asset Nifty Top 20 Equal Weight ETF,,TOP20,,,False,
INF769K01PY8,Mirae Asset BSE 500 Dividend Leaders 50 ETF,,DIVIDEND,,,False,
INE0VI201010,Simandhar Impex Ltd,,SIMANDHAR,small,,False,
INE1NQ501012,Neptune Logitek Ltd,,NEPLOG,small,,False,
INE1ITY01011,Global Ocean Logistics India Ltd,,GLOBALLOG,small,,False,
INE1F9M01018,Dachepalli Publishers Ltd,,DACHEPALLI,small,,False,
INE0YJA01011,Nanta Tech Ltd,,NANTA,small,,False,
INE0XLO01010,Admach Systems Ltd,,ADMACH,small,,False,
INE1IJQ01026,Bai-Kakaji Polymers Ltd,,BAIKAKAJI,small,,False,
INE0X4A01013,Apollo Techno Industries Ltd,,ATIL,small,,False,
INE1HK501016,Modern Diagnostic & Research Centre Ltd,,MDRC,,,False,
INF740KA1XU7,DSP Nifty Next 50 ETF,,NEXT50ADD,,,False,
INE1H1501013,Gabion Technologies India Ltd,,GTIL,,,False,
INE0CNJ01010,Yajur Fibres Ltd,,YAJUR,,,False,
INE0ZE201010,Defrail Technologies Ltd,,DEFRAIL,,,False,
INE0S1B01014,Narmadesh Brass Industries Ltd,,NARMADESH,,,False,
INE0WKY01013,INDO SMC Ltd,,INDOSMC,,,False,
INE0U8P01015,GRE Renew Enertech Ltd,,GRERENEW,,,False,
INE1D8001016,Aritas Vinyl Ltd,,ARITAS,,,False,
INE1OOT01028,Digilogic Systems Ltd,,DIGILOGIC,,,False,
INE0UCL01011,Shayona Engineering Ltd,,SHAYONAENG,,,False,
INE0JVH01012,Hannah Joseph Hospital Ltd,,HANNAH,,,False,
INE0T1301023,Kasturi Metal Composite Ltd,,KASTURI,,,False,
INF194K30010,Arudha Hybrid Long- Short Fund Regular Plan-Growth,,ARSIFHRG,,,False,
INF194K30051,Arudha Hybrid Long- Short Fund Regular Plan-Monthly IDCW,,ARSIFHRMD,,,False,
INF194K30184,Arudha Hybrid Long- Short Fund Direct Plan-Growth,,ARSIFHDG,,,False,
INF194K30242,Arudha Hybrid Long- Short Fund Direct Plan-Half yearly IDCW,,ARSIFHRHD,,,False,
INE163401016,Kanishk Aluminium India Ltd,,KANISHK,,,False,
INE1KVQ01019,Accretion Nutraveda Ltd,,ANL,,,False,
INE2B5L01011,Msafe Equipments Ltd,,MSAFE,,,False,
INF109K30018,iSIF Hybrid Long-Short Fund - Growth,,ISIFHLSG,,,False,
INF109K30026,iSIF Hybrid Long-Short Fund - Direct Plan - Growth,,ISIFHLSDG,,,False,
INE1N9E01015,PAN HR Solution Ltd,,PANHR,,,False,
INF769K01QA6,Mirae Asset Nifty 500 Healthcare ETF,,HEALTHCARE,,,False,
INF769K01QB4,Mirae Asset Nifty India Infrastructure & LogisticsETF,,INFRA,,,False,
INF769K01QC2,Mirae Asset BSE India Defence ETF,,DEFENCE,,,False,
INF209KC1662,Aditya Birla Sun Life MSCI India ETF,,ABSLMSCIN,,,False,
INE1W3Q01011,Fractal Industries Ltd,,FIL,,,False,
INE1O6P01016,Yashhtej Industries (India) Ltd,,YASHHTEJ,,,False,
INE132201018,Accord Transformer & Switchgear Ltd,,ACCORDTS,,,False,
INE1C3F01018,Kiaasa Retail Ltd,,KIAASA,,,False,
INF209KC1670,Aditya Birla Sun Life BSE Top 10 Banks ETF,,ABSL10BANK,,,True,name matches Financial Services heuristic (unverified)
INF666M01OD9,Groww BSE Hospitals ETF,,GROWWHOSPI,,,False,
INF200KB1AJ0,SBI Nifty Midcap 150 Momentum 50 ETF,,SBIMIDMOM,,,False,
INE1FEW01013,Elfin Agro India Ltd,,ELFIN,,,False,
INF740KA1YH2,DSP BSE Top 10 Banks ETF,,BANK10ADD,,,True,name matches Financial Services heuristic (unverified)
INE1TFS01019,Novus Loyalty Ltd,,NOVUS,,,False,
INF769K01QV2,Mirae Asset Nifty 500 Value 50 ETF,,VALUE,,,False,
INE0R0M01014,Speciality Medicines Ltd,,SPML,,,False,
INE1U6D01014,Tipco Engineering India Ltd,,TIPCO,,,False,
INE1KI801019,Highness Microelectronics Ltd,,HIGHNESS,,,False,
INF200KB1AK8,SBI Nifty Midcap 150 ETF,,SBINMID150,,,False,
INE0UMH01018,Safety Controls & Devices Ltd,,SCDL,,,False,
INE1OSW01015,Emiac Technologies Ltd,,EMIAC,,,False,
INF194K30259,Arudha Hybrid Long- Short Fund Direct Plan-Annual IDCW,,ARSIFHDAD,,,False,
INE1K0V01011,Mehul Telecom Ltd,,MTL,,,False,
INE2B6701015,Recode Studios Ltd,,RECODE,,,False,
INE1CLW01015,Goldline Pharmaceutical Ltd,,GLPL,,,False,
INF740KA1ZA4,DSP Nifty FMCG ETF,,FMCGADD,,,False,
INF754K01XF3,Edelweiss Nifty Next 50 ETF,,ENEXT50,,,False,
INF200KB1AX1,SBI Nifty200 Value 30 ETF,,SBIVALETF,,,False,
INF200KB1AY9,SBI Nifty Smallcap 250 ETF,,SBISMLETF,,,False,
INE1L3801017,Vegorama Punjabi Angithi Ltd,,VPAL,,,False,
INF579M01BP5,360 ONE MSCI India ETF,,MSCI360,,,False,
INE18HI01019,Autofurnish Ltd,,AFLTD,,,False,
INE0YD301010,M.R.Maniveni Foods Ltd,,MANIVENI,,,False,
INE1UYW01010,Harikanta Overseas Ltd,,HARIKANTA,,,False,
INE1T6L01010,Yaashvi Jewellers Ltd,,YAASHVI,,,False,
INE1GM501015,Rajnandini Fashion India Ltd,,RFIL,,,False,
INE1KVL01010,Aureate Tradde Ltd,,AUREATE,,,False,
INE1RQS01010,Merritronix Ltd,,MRTX,,,False,
INE11XK01017,SMR Jewels Ltd,,SMR,,,False,
INF109K30059,iSIF Active Asset Allocator Long-Short Fund - Growth,,ISIFAAFG,,,False,
INF109K30067,iSIF Active Asset Allocator Long-Short Fund - Direct Plan - Growth,,ISIFAAFDG,,,False,
INE0H3U01013,Vahh Chemicals Ltd,,VAHH,,,False,
INE0YZ901011,UHM Vacation Ltd,,UHMVL,,,False,
INE155D01018,Schneider Electric President Systems Ltd,,SELECTRIC,small,,True,name matches Utilities heuristic (unverified)
INF769K30019,Platinum Hybrid Long-Short Fund- Regular plan growth,,PHLSRG,,,False,
INF769K30027,Platinum Hybrid Long-Short Fund- Regular plan IDCW reinvestments,,PHLSRDI,,,False,
INF769K30035,Platinum Hybrid Long-Short Fund – Regular plan IDCW payout,,PHLSRDP,,,False,
INF769K30043,Platinum Hybrid Long-Short Fund – Direct Plan growth,,PHLSDG,,,False,
INF769K30050,Platinum Hybrid Long-Short Fund – Direct Plan IDCW reinvestments,,PHLSDDI,,,False,
INF769K30068,Platinum Hybrid Long-Short Fund – Direct Plan IDCW payout,,PHLSDDP,,,False,
INE2L0V01019,Susan Electricals India Ltd,,SUSAN,,,True,name matches Utilities heuristic (unverified)
INE1SEO01013,Horizon Reclaim (India) Ltd,,HORIZON,,,False,
INF109K1A476,ICICI Prudential Nifty Smallcap 250 ETF,,SMALLIETF,,,False,
INE0TKX01011,Liotech Industries Ltd,,LIOTECH,,,False,
INE0X6O01027,Leapfrog Engineering Services Ltd,,LESL,,,False,
INE1OSI01014,Diksha Polymers Ltd,,DIKSHA,,,False,
INE1O7201010,Anubhav Plast Ltd,,ANUBHAV,,,False,
INE0KYI01012,Riyaasat Lifestyle Ltd,,RIYAASAT,,,False,
INE0V3T01017,Jivial Industries Ltd,,JIVIAL,,,False,
INE0RBX01014,Crazy Snacks Ltd,,CRAZY,,,False,
INE1SME01017,Adon Agro Commodities Ltd,,ADON,,,False,
INE147701010,Sampark India Logistics Ltd,,SILL,,,False,
INE1L0M01019,Kratikal Tech Ltd,,KRATIKAL,,,False,
INE226801012,Atharva Poly-Plast Ltd,,ATHARVA,,,False,
INE1EVO01017,Seemax Resources Ltd,,SEEMAX,,,False,
INF174K30012,Infinity Hybrid Long-Short Fund Direct Growth,,INSIFHLSDG,,,False,
INF174K30038,Infinity Hybrid Long-Short Fund-Direct- IDCW Reinvestment,,INSIFHLSDR,,,False,
INF174K30046,Infinity Hybrid Long-Short Fund-Regular-Growth,,INSIFHLSRG,,,False,
INF174K30053,Infinity Hybrid Long-Short Fund-Regular - IDCW Payout,,INSIFHLSRD,,,False,
INF174K30061,Infinity Hybrid Long-Short Fund-Regular-IDCW Reinvestment,,INSIFHLSRR,,,False,
INE2KRP01017,Devson Catalyst Ltd,,DEVSON,,,False,
INE1SRC01010,Millworks Technologies Ltd,,MILLWORKS,,,False,
INF0QA701CI0,Bajaj Finserv BSE Top 10 Banks ETF,,BANK10BETF,,,True,name matches Financial Services heuristic (unverified)
INF769K01RC0,Mirae Asset BSE Midcap 150 Momentum 30 ETF,,MOMMIDCAP,,,False,
INE208H01016,Meenakshi India Ltd,,MEEIND,,,False,
INE12Z301012,Sotefin Bharat Ltd,,SOTEFIN,,,False,
INE1WDC01012,Gulf Lloyds (India) Ltd,,GULFLLOYDS,,,False,
INE1N3Y01016,Shree Balaji (Mala) Textiles Ltd,,MALA,,,False,
INE1EJ401023,Silverstorm Parks And Resorts Ltd,,SSPRL,,,False,
INF179KC1KT4,HDFC Nifty Metal ETF,,HDFCNIMEG,,,False,
INE13ZJ01010,Advance Technoforge Ltd,,ADVANCETL,,,False,
INE288301026,Poojaa Precision Engg. Ltd,,PPEL,,,False,
INF109K1A567,ICICI Prudential BSE Insurance ETF,,INSUREIETF,,,True,name matches Financial Services heuristic (unverified)
INF754K01XI7,Edelweiss BSE LargeMid (60:40) Stable Dividend 50 ETF,,ELMDIV,,,False,
INE17DP01015,H. R. Hygiene Products Ltd,,HRHYGIENE,,,False,
INF754K01XH9,Edelweiss BSE Top 10 Bank ETF,,EBANK10,,,True,name matches Financial Services heuristic (unverified)
INE0UR501013,Oneindig Technologies Ltd,,ONEINDIG,,,False,
INE1HX301016,Dhaval Packaging Ltd,,DHAVAL,,,False,
INE13LA01027,Prima Innovation Ltd,,PRIMAINNO,,,False,
INE1LMA01010,Fusion Klassroom Edutech Ltd,,KLASSROOM,,,False,
INF740KA1ZH9,DSP BSE MidSmall Private Banks ETF,,MIDBANKADD,,,True,name matches Financial Services heuristic (unverified)
INE0WR901013,Aegeus Technologies Ltd,,AEGEUS,,,False,
INE1ZGR01024,G V Electricals Ltd,,GVELECTRIC,,,True,name matches Utilities heuristic (unverified)
INE0X9I01023,LAPL Automotive Ltd,,LAPL,,,False,
INE0Z9N01013,Sham Foam Ltd,,SHAMFOAM,,,False,
INE13G401012,Q&T Foods Ltd,,QTFOODS,,,False,
INF22M001184,JioBlackRock Nifty 50 ETF,,NIFTYJBLK,,,False,
INF769K01RK3,Mirae Asset BSE LargeMid (60:40) Stable Dividend 50 ETF,,LARGEMID50,,,False,
INE23ER01017,ENS Enterprises Ltd,,ENS,,,False,
INE19QK01022,Technocrats Plasma Systems Ltd,,TECHNOCRAT,,,False,
INF205KA1CA1,Invesco India BSE Sensex ETF,,IVZSENSEX,,,False,
INE2F5H01015,Mopshop Distribution Ltd,,MOPSHOP,,,False,
INE0VWO01011,Dhanwel Hybrid Seeds Ltd,,DHANWEL,,,False,
INF789F1AG76,UTI Nifty 500 Exchange Traded Fund,,NIF500BETA,,,False,
INF846KA1598,Axis Nifty Energy ETF,,ENERGYAXIS,,,False,
INE1SFA01019,Kwick Forensic Solutions Ltd,,KWICK,,,False,
INE0LHB01010,Paluck Technologies Ltd,,PALUCK,,,False,
INE2K6801014,Complete Sports and Management India Ltd,,CSML,,,False,
INE24YP01017,Phychem Technologies Ltd,,PHYCHEM,,,False,
INF346A01034,ICICI Prudential BSE Sensex ETF,,SENSEXIETF,,,False,
INF204KB14I2,Nippon India ETF Nifty 50 BeES,,NIFTYBEES,,,False,
INF732E01045,Nippon India ETF Nifty Next 50 Junior BeES,,JUNIORBEES,,,False,
INF204KB15I9,Nippon India ETF Nifty Bank BeES,,BANKBEES,,,True,name matches Financial Services heuristic (unverified)
INF174KA1A86,Kotak Nifty PSU Bank ETF,,PSUBANK,,,True,name matches Financial Services heuristic (unverified)
INF204KB16I7,Nippon India ETF Nifty PSU Bank BeES,,PSUBNKBEES,,,True,name matches Financial Services heuristic (unverified)
INF732E01128,Nippon India ETF Nifty 50 Shariah BeES,,SHARIABEES,,,False,
INF082J01499,Quantum Nifty 50 ETF,,QNIFTY,,,False,
INF204KB19I1,NIPPON INDIA ETF HANG SENG BEES,,HNGSNGBEES,,,False,
INF247L01536,Motilal Oswal Nifty 50 ETF,,MOM50,,,False,
INF174KA1ZB7,Kotak Nifty Bank ETF,,BANKNIFTY1,,,True,name matches Financial Services heuristic (unverified)
INF200KA1580,SBI-ETF NIFTY BANK,,SETFNIFBK,,,True,name matches Financial Services heuristic (unverified)
INF200KA1FS1,SBI-ETF NIFTY 50,,SETFNIF50,,,False,
INF204KB15V2,Nippon India ETF Nifty IT,,ITBEES,,,False,
INF204KC1089,Nippon India Nifty Pharma ETF,,PHARMABEES,,,False,
INF204KB1V68,Nippon India ETF Nifty Midcap 150,,MID150BEES,,,False,
INF247L01CH6,Motilal Oswal Nifty Smallcap 250 ETF,,MOSMALL250,,,False,
INF247L01EV3,Motilal Oswal Nifty Capital Market ETF,,MOCAPITAL,,,True,name matches Financial Services heuristic (unverified)
INF247L01CI4,Motilal Oswal Nifty Realty ETF,,MOREALTY,,,False,
INF247L01DK8,Motilal Oswal Nifty 500 Momentum 50 ETF,,MOMENTUM50,,,False,
INF247L01DJ0,Motilal Oswal Nifty India Defence ETF,,MODEFENCE,,,False,
INF247L01BU1,Motilal Oswal Nifty 500 ETF,,MONIFTY500,,,False,
INF174KA1IA5,Kotak Nifty Alpha 50 ETF,,ALPHA,,,False,
INF666M01IO8,Groww Nifty India Defence ETF,,GROWWDEFNC,,,False,
INF666M01JJ6,Groww Nifty India Railways PSU ETF,,GROWWRAIL,,,False,
INF277K015R5,Tata Nifty 50 Exchange Traded Fund,,NETF,,,False,
INE680A20011,Dhanlaxmi Bank Ltd,,DHAN-RE,,,True,name matches Financial Services heuristic (unverified)
INE0M8920010,CONTAINE TECHNOLOGIES Ltd,,CONTAIN-RE,,,False,
INE0MV020018,Manoj Jewellers Ltd,,MANOJ-RE,,,False,
INE273F20030,ALAN SCOTT ENTERPRISES Ltd,,ALAN-RE2,,,False,
INE641R20025,Quint Digital Ltd,,QUINT-RE1,,,False,
INE404L20013,Esaar (India) Ltd,,ESARIND-RE,,,False,
INE132F20020,NCL Research And Financial Services,,NCL-RE,,,True,name matches Financial Services heuristic (unverified)
INE190P01019,Jaisukh Dealers Ltd,,JDL,,,False,
INE324P01014,Cityon Systems (India) Ltd,,CITYON,,,False,
INE888Q01016,Has Lifestyle Ltd,,HASJUICE,,,False,
INE562Q01017,Web Element Solutions Ltd,,WEBSL,,,False,
INE067R01015,Adhiraj Distributors Ltd,,ADHIRAJ,,,False,
IN9273A01047,Aplab Ltd,,APLABPP,,,False,
IN9170U01035,Suraj Industries Ltd,,SURAJINDPP,,,False,
IN90NN701011,Allcargo Terminals Ltd,,ATLPP,,,False,
IN9161F01019,ANIRIT VENTURES Ltd,,ANIRITPP,,,False,
IN9316D01014,Vertex Securities Ltd,,VERTEXPP,,,False,
IN9736H01014,GS Auto International Ltd,,GSAILPP,,,False,
